nohup: ignoring input
Train: torch.Size([14031, 5, 64, 32]), Valid: torch.Size([4677, 5, 64, 32]), Test: torch.Size([4678, 5, 64, 32])
Input shape: (C=5, H=144, W=72)
Epoch: 0
  Train Loss:        8.3324
    Contrastive 1:   4.1592
    Contrastive 2:   4.1605
    Cycle:           0.0128
  Valid Loss:        8.1215
    Contrastive 1:   4.0513
    Contrastive 2:   4.0615
    Cycle:           0.0086
  LR: 1.00e-04
Epoch: 1
  Train Loss:        6.6829
    Contrastive 1:   3.3362
    Contrastive 2:   3.3412
    Cycle:           0.0056
  Valid Loss:        7.6439
    Contrastive 1:   3.8237
    Contrastive 2:   3.8152
    Cycle:           0.0050
  LR: 1.00e-04
Epoch: 2
  Train Loss:        6.2877
    Contrastive 1:   3.1388
    Contrastive 2:   3.1451
    Cycle:           0.0037
  Valid Loss:        7.4363
    Contrastive 1:   3.7235
    Contrastive 2:   3.7086
    Cycle:           0.0043
  LR: 1.00e-04
Epoch: 3
  Train Loss:        6.0909
    Contrastive 1:   3.0410
    Contrastive 2:   3.0468
    Cycle:           0.0032
  Valid Loss:        7.3160
    Contrastive 1:   3.6626
    Contrastive 2:   3.6496
    Cycle:           0.0038
  LR: 1.00e-04
Epoch: 4
  Train Loss:        5.9693
    Contrastive 1:   2.9793
    Contrastive 2:   2.9870
    Cycle:           0.0030
  Valid Loss:        7.2483
    Contrastive 1:   3.6316
    Contrastive 2:   3.6131
    Cycle:           0.0037
  LR: 1.00e-04
Epoch: 5
  Train Loss:        5.8830
    Contrastive 1:   2.9388
    Contrastive 2:   2.9414
    Cycle:           0.0028
  Valid Loss:        7.2156
    Contrastive 1:   3.6112
    Contrastive 2:   3.6010
    Cycle:           0.0034
  LR: 1.00e-04
Epoch: 6
  Train Loss:        5.8186
    Contrastive 1:   2.9062
    Contrastive 2:   2.9097
    Cycle:           0.0028
  Valid Loss:        7.2100
    Contrastive 1:   3.6116
    Contrastive 2:   3.5947
    Cycle:           0.0037
  LR: 1.00e-04
Epoch: 7
  Train Loss:        5.7600
    Contrastive 1:   2.8774
    Contrastive 2:   2.8798
    Cycle:           0.0027
  Valid Loss:        7.1845
    Contrastive 1:   3.5950
    Contrastive 2:   3.5861
    Cycle:           0.0035
  LR: 1.00e-04
Epoch: 8
  Train Loss:        5.7117
    Contrastive 1:   2.8537
    Contrastive 2:   2.8553
    Cycle:           0.0027
  Valid Loss:        7.1828
    Contrastive 1:   3.5981
    Contrastive 2:   3.5812
    Cycle:           0.0035
  LR: 1.00e-04
Epoch: 9
  Train Loss:        5.6660
    Contrastive 1:   2.8297
    Contrastive 2:   2.8336
    Cycle:           0.0027
  Valid Loss:        7.2070
    Contrastive 1:   3.6081
    Contrastive 2:   3.5953
    Cycle:           0.0036
  LR: 1.00e-04
Epoch: 10
  Train Loss:        5.6187
    Contrastive 1:   2.8083
    Contrastive 2:   2.8076
    Cycle:           0.0028
  Valid Loss:        7.1855
    Contrastive 1:   3.5980
    Contrastive 2:   3.5837
    Cycle:           0.0038
  LR: 1.00e-04
Epoch: 11
  Train Loss:        5.5758
    Contrastive 1:   2.7865
    Contrastive 2:   2.7865
    Cycle:           0.0028
  Valid Loss:        7.1764
    Contrastive 1:   3.5957
    Contrastive 2:   3.5771
    Cycle:           0.0036
  LR: 1.00e-04
Epoch: 12
  Train Loss:        5.5338
    Contrastive 1:   2.7658
    Contrastive 2:   2.7652
    Cycle:           0.0028
  Valid Loss:        7.2360
    Contrastive 1:   3.6230
    Contrastive 2:   3.6092
    Cycle:           0.0038
  LR: 1.00e-04
Epoch: 13
  Train Loss:        5.4934
    Contrastive 1:   2.7454
    Contrastive 2:   2.7452
    Cycle:           0.0028
  Valid Loss:        7.2737
    Contrastive 1:   3.6461
    Contrastive 2:   3.6235
    Cycle:           0.0041
  LR: 1.00e-04
Epoch: 14
  Train Loss:        5.4522
    Contrastive 1:   2.7251
    Contrastive 2:   2.7243
    Cycle:           0.0028
  Valid Loss:        7.2676
    Contrastive 1:   3.6399
    Contrastive 2:   3.6238
    Cycle:           0.0039
  LR: 1.00e-04
Epoch: 15
  Train Loss:        5.4129
    Contrastive 1:   2.7046
    Contrastive 2:   2.7055
    Cycle:           0.0028
  Valid Loss:        7.2890
    Contrastive 1:   3.6506
    Contrastive 2:   3.6346
    Cycle:           0.0038
  LR: 1.00e-04
Epoch: 16
  Train Loss:        5.3837
    Contrastive 1:   2.6900
    Contrastive 2:   2.6908
    Cycle:           0.0028
  Valid Loss:        7.3112
    Contrastive 1:   3.6597
    Contrastive 2:   3.6475
    Cycle:           0.0040
  LR: 1.00e-04
Epoch: 17
  Train Loss:        5.3495
    Contrastive 1:   2.6736
    Contrastive 2:   2.6731
    Cycle:           0.0028
  Valid Loss:        7.3520
    Contrastive 1:   3.6847
    Contrastive 2:   3.6632
    Cycle:           0.0041
  LR: 1.00e-04
Epoch: 18
  Train Loss:        5.3213
    Contrastive 1:   2.6601
    Contrastive 2:   2.6584
    Cycle:           0.0028
  Valid Loss:        7.3463
    Contrastive 1:   3.6761
    Contrastive 2:   3.6658
    Cycle:           0.0044
  LR: 1.00e-04
Epoch: 19
  Train Loss:        5.2932
    Contrastive 1:   2.6454
    Contrastive 2:   2.6450
    Cycle:           0.0028
  Valid Loss:        7.3505
    Contrastive 1:   3.6832
    Contrastive 2:   3.6633
    Cycle:           0.0040
  LR: 1.00e-04
Epoch: 20
  Train Loss:        5.2700
    Contrastive 1:   2.6340
    Contrastive 2:   2.6332
    Cycle:           0.0028
  Valid Loss:        7.3648
    Contrastive 1:   3.6902
    Contrastive 2:   3.6706
    Cycle:           0.0040
  LR: 1.00e-04
Epoch: 21
  Train Loss:        5.2448
    Contrastive 1:   2.6217
    Contrastive 2:   2.6204
    Cycle:           0.0027
  Valid Loss:        7.3892
    Contrastive 1:   3.6981
    Contrastive 2:   3.6873
    Cycle:           0.0039
  LR: 1.00e-04
Epoch: 22
  Train Loss:        5.2199
    Contrastive 1:   2.6087
    Contrastive 2:   2.6085
    Cycle:           0.0027
  Valid Loss:        7.4022
    Contrastive 1:   3.7025
    Contrastive 2:   3.6958
    Cycle:           0.0040
  LR: 1.00e-04
Epoch: 23
  Train Loss:        5.1742
    Contrastive 1:   2.5854
    Contrastive 2:   2.5862
    Cycle:           0.0027
  Valid Loss:        7.4039
    Contrastive 1:   3.7062
    Contrastive 2:   3.6938
    Cycle:           0.0039
  LR: 1.00e-05
Epoch: 24
  Train Loss:        5.1558
    Contrastive 1:   2.5764
    Contrastive 2:   2.5768
    Cycle:           0.0026
  Valid Loss:        7.4038
    Contrastive 1:   3.7050
    Contrastive 2:   3.6950
    Cycle:           0.0039
  LR: 1.00e-05
Epoch: 25
  Train Loss:        5.1480
    Contrastive 1:   2.5727
    Contrastive 2:   2.5726
    Cycle:           0.0026
  Valid Loss:        7.4462
    Contrastive 1:   3.7321
    Contrastive 2:   3.7102
    Cycle:           0.0039
  LR: 1.00e-05
Epoch: 26
  Train Loss:        5.1434
    Contrastive 1:   2.5708
    Contrastive 2:   2.5700
    Cycle:           0.0026
  Valid Loss:        7.4430
    Contrastive 1:   3.7313
    Contrastive 2:   3.7078
    Cycle:           0.0039
  LR: 1.00e-05
Epoch: 27
  Train Loss:        5.1380
    Contrastive 1:   2.5677
    Contrastive 2:   2.5677
    Cycle:           0.0026
  Valid Loss:        7.4480
    Contrastive 1:   3.7344
    Contrastive 2:   3.7098
    Cycle:           0.0038
  LR: 1.00e-05
Epoch: 28
  Train Loss:        5.1340
    Contrastive 1:   2.5655
    Contrastive 2:   2.5659
    Cycle:           0.0026
  Valid Loss:        7.4627
    Contrastive 1:   3.7364
    Contrastive 2:   3.7225
    Cycle:           0.0038
  LR: 1.00e-05
Epoch: 29
  Train Loss:        5.1304
    Contrastive 1:   2.5637
    Contrastive 2:   2.5642
    Cycle:           0.0025
  Valid Loss:        7.4563
    Contrastive 1:   3.7324
    Contrastive 2:   3.7201
    Cycle:           0.0038
  LR: 1.00e-05
Epoch: 30
  Train Loss:        5.1256
    Contrastive 1:   2.5615
    Contrastive 2:   2.5616
    Cycle:           0.0025
  Valid Loss:        7.4543
    Contrastive 1:   3.7304
    Contrastive 2:   3.7203
    Cycle:           0.0037
  LR: 1.00e-05
Epoch: 31
  Train Loss:        5.1202
    Contrastive 1:   2.5587
    Contrastive 2:   2.5590
    Cycle:           0.0025
  Valid Loss:        7.4611
    Contrastive 1:   3.7340
    Contrastive 2:   3.7234
    Cycle:           0.0037
  LR: 1.00e-05
Epoch: 32
  Train Loss:        5.1186
    Contrastive 1:   2.5579
    Contrastive 2:   2.5582
    Cycle:           0.0025
  Valid Loss:        7.4704
    Contrastive 1:   3.7430
    Contrastive 2:   3.7238
    Cycle:           0.0037
  LR: 1.00e-05
Epoch: 33
  Train Loss:        5.1160
    Contrastive 1:   2.5564
    Contrastive 2:   2.5570
    Cycle:           0.0025
  Valid Loss:        7.4880
    Contrastive 1:   3.7502
    Contrastive 2:   3.7341
    Cycle:           0.0037
  LR: 1.00e-05
Epoch: 34
  Train Loss:        5.1081
    Contrastive 1:   2.5532
    Contrastive 2:   2.5525
    Cycle:           0.0025
  Valid Loss:        7.4660
    Contrastive 1:   3.7367
    Contrastive 2:   3.7256
    Cycle:           0.0037
  LR: 1.00e-06
Epoch: 35
  Train Loss:        5.1104
    Contrastive 1:   2.5541
    Contrastive 2:   2.5538
    Cycle:           0.0025
  Valid Loss:        7.4568
    Contrastive 1:   3.7358
    Contrastive 2:   3.7174
    Cycle:           0.0036
  LR: 1.00e-06
Epoch: 36
  Train Loss:        5.1068
    Contrastive 1:   2.5521
    Contrastive 2:   2.5522
    Cycle:           0.0025
  Valid Loss:        7.4848
    Contrastive 1:   3.7482
    Contrastive 2:   3.7329
    Cycle:           0.0037
  LR: 1.00e-06
Epoch: 37
  Train Loss:        5.1078
    Contrastive 1:   2.5530
    Contrastive 2:   2.5523
    Cycle:           0.0025
  Valid Loss:        7.4727
    Contrastive 1:   3.7350
    Contrastive 2:   3.7340
    Cycle:           0.0037
  LR: 1.00e-06
Epoch: 38
  Train Loss:        5.1077
    Contrastive 1:   2.5527
    Contrastive 2:   2.5526
    Cycle:           0.0025
  Valid Loss:        7.4663
    Contrastive 1:   3.7362
    Contrastive 2:   3.7264
    Cycle:           0.0036
  LR: 1.00e-06
Epoch: 39
  Train Loss:        5.1046
    Contrastive 1:   2.5511
    Contrastive 2:   2.5511
    Cycle:           0.0025
  Valid Loss:        7.4721
    Contrastive 1:   3.7434
    Contrastive 2:   3.7251
    Cycle:           0.0037
  LR: 1.00e-06
Epoch: 40
  Train Loss:        5.1061
    Contrastive 1:   2.5520
    Contrastive 2:   2.5517
    Cycle:           0.0025
  Valid Loss:        7.4941
    Contrastive 1:   3.7527
    Contrastive 2:   3.7377
    Cycle:           0.0037
  LR: 1.00e-06
Epoch: 41
  Train Loss:        5.1078
    Contrastive 1:   2.5529
    Contrastive 2:   2.5524
    Cycle:           0.0025
  Valid Loss:        7.4939
    Contrastive 1:   3.7517
    Contrastive 2:   3.7385
    Cycle:           0.0037
  LR: 1.00e-06
Epoch: 42
  Train Loss:        5.1040
    Contrastive 1:   2.5507
    Contrastive 2:   2.5508
    Cycle:           0.0025
  Valid Loss:        7.4828
    Contrastive 1:   3.7449
    Contrastive 2:   3.7343
    Cycle:           0.0037
  LR: 1.00e-06
Epoch: 43
  Train Loss:        5.1044
    Contrastive 1:   2.5512
    Contrastive 2:   2.5507
    Cycle:           0.0025
  Valid Loss:        7.4775
    Contrastive 1:   3.7464
    Contrastive 2:   3.7275
    Cycle:           0.0036
  LR: 1.00e-06
Epoch: 44
  Train Loss:        5.1047
    Contrastive 1:   2.5510
    Contrastive 2:   2.5512
    Cycle:           0.0025
  Valid Loss:        7.4888
    Contrastive 1:   3.7493
    Contrastive 2:   3.7358
    Cycle:           0.0037
  LR: 1.00e-06
Epoch: 45
  Train Loss:        5.1049
    Contrastive 1:   2.5513
    Contrastive 2:   2.5512
    Cycle:           0.0025
  Valid Loss:        7.4620
    Contrastive 1:   3.7373
    Contrastive 2:   3.7211
    Cycle:           0.0036
  LR: 1.00e-07
Epoch: 46
  Train Loss:        5.1029
    Contrastive 1:   2.5509
    Contrastive 2:   2.5496
    Cycle:           0.0025
  Valid Loss:        7.4833
    Contrastive 1:   3.7501
    Contrastive 2:   3.7295
    Cycle:           0.0036
  LR: 1.00e-07
Epoch: 47
  Train Loss:        5.1031
    Contrastive 1:   2.5505
    Contrastive 2:   2.5502
    Cycle:           0.0025
  Valid Loss:        7.4500
    Contrastive 1:   3.7273
    Contrastive 2:   3.7191
    Cycle:           0.0036
  LR: 1.00e-07
Epoch: 48
  Train Loss:        5.1037
    Contrastive 1:   2.5508
    Contrastive 2:   2.5504
    Cycle:           0.0025
  Valid Loss:        7.4860
    Contrastive 1:   3.7509
    Contrastive 2:   3.7316
    Cycle:           0.0036
  LR: 1.00e-07
Epoch: 49
  Train Loss:        5.1025
    Contrastive 1:   2.5500
    Contrastive 2:   2.5500
    Cycle:           0.0025
  Valid Loss:        7.5008
    Contrastive 1:   3.7603
    Contrastive 2:   3.7368
    Cycle:           0.0037
  LR: 1.00e-07
Epoch: 50
  Train Loss:        5.1050
    Contrastive 1:   2.5513
    Contrastive 2:   2.5512
    Cycle:           0.0025
  Valid Loss:        7.4925
    Contrastive 1:   3.7481
    Contrastive 2:   3.7407
    Cycle:           0.0037
  LR: 1.00e-07
Epoch: 51
  Train Loss:        5.1025
    Contrastive 1:   2.5502
    Contrastive 2:   2.5499
    Cycle:           0.0025
  Valid Loss:        7.4965
    Contrastive 1:   3.7544
    Contrastive 2:   3.7384
    Cycle:           0.0037
  LR: 1.00e-07
Epoch: 52
  Train Loss:        5.1074
    Contrastive 1:   2.5524
    Contrastive 2:   2.5526
    Cycle:           0.0025
  Valid Loss:        7.4850
    Contrastive 1:   3.7482
    Contrastive 2:   3.7332
    Cycle:           0.0036
  LR: 1.00e-07
Epoch: 53
  Train Loss:        5.1036
    Contrastive 1:   2.5510
    Contrastive 2:   2.5502
    Cycle:           0.0025
  Valid Loss:        7.5094
    Contrastive 1:   3.7645
    Contrastive 2:   3.7412
    Cycle:           0.0037
  LR: 1.00e-07
Epoch: 54
  Train Loss:        5.1024
    Contrastive 1:   2.5501
    Contrastive 2:   2.5498
    Cycle:           0.0025
  Valid Loss:        7.4636
    Contrastive 1:   3.7398
    Contrastive 2:   3.7202
    Cycle:           0.0036
  LR: 1.00e-07
Epoch: 55
  Train Loss:        5.1011
    Contrastive 1:   2.5501
    Contrastive 2:   2.5485
    Cycle:           0.0025
  Valid Loss:        7.5001
    Contrastive 1:   3.7585
    Contrastive 2:   3.7379
    Cycle:           0.0037
  LR: 1.00e-07
Epoch: 56
  Train Loss:        5.1040
    Contrastive 1:   2.5513
    Contrastive 2:   2.5502
    Cycle:           0.0025
  Valid Loss:        7.4846
    Contrastive 1:   3.7453
    Contrastive 2:   3.7356
    Cycle:           0.0037
  LR: 1.00e-08
Epoch: 57
  Train Loss:        5.1051
    Contrastive 1:   2.5522
    Contrastive 2:   2.5505
    Cycle:           0.0025
  Valid Loss:        7.4599
    Contrastive 1:   3.7372
    Contrastive 2:   3.7190
    Cycle:           0.0036
  LR: 1.00e-08
Epoch: 58
  Train Loss:        5.1040
    Contrastive 1:   2.5509
    Contrastive 2:   2.5507
    Cycle:           0.0025
  Valid Loss:        7.4716
    Contrastive 1:   3.7432
    Contrastive 2:   3.7247
    Cycle:           0.0036
  LR: 1.00e-08
Epoch: 59
  Train Loss:        5.1015
    Contrastive 1:   2.5497
    Contrastive 2:   2.5493
    Cycle:           0.0025
  Valid Loss:        7.4940
    Contrastive 1:   3.7500
    Contrastive 2:   3.7403
    Cycle:           0.0037
  LR: 1.00e-08
Epoch: 60
  Train Loss:        5.1049
    Contrastive 1:   2.5516
    Contrastive 2:   2.5507
    Cycle:           0.0025
  Valid Loss:        7.4696
    Contrastive 1:   3.7403
    Contrastive 2:   3.7257
    Cycle:           0.0036
  LR: 1.00e-08
Epoch: 61
  Train Loss:        5.1052
    Contrastive 1:   2.5516
    Contrastive 2:   2.5511
    Cycle:           0.0025
  Valid Loss:        7.4884
    Contrastive 1:   3.7478
    Contrastive 2:   3.7369
    Cycle:           0.0037
  LR: 1.00e-08
Epoch: 62
  Train Loss:        5.1050
    Contrastive 1:   2.5514
    Contrastive 2:   2.5511
    Cycle:           0.0025
  Valid Loss:        7.4777
    Contrastive 1:   3.7492
    Contrastive 2:   3.7249
    Cycle:           0.0036
  LR: 1.00e-08
Epoch: 63
  Train Loss:        5.1051
    Contrastive 1:   2.5515
    Contrastive 2:   2.5511
    Cycle:           0.0025
  Valid Loss:        7.4777
    Contrastive 1:   3.7431
    Contrastive 2:   3.7310
    Cycle:           0.0036
  LR: 1.00e-08
Epoch: 64
  Train Loss:        5.1037
    Contrastive 1:   2.5510
    Contrastive 2:   2.5503
    Cycle:           0.0025
  Valid Loss:        7.4731
    Contrastive 1:   3.7415
    Contrastive 2:   3.7279
    Cycle:           0.0037
  LR: 1.00e-08
Epoch: 65
  Train Loss:        5.1033
    Contrastive 1:   2.5509
    Contrastive 2:   2.5499
    Cycle:           0.0025
  Valid Loss:        7.4948
    Contrastive 1:   3.7530
    Contrastive 2:   3.7381
    Cycle:           0.0037
  LR: 1.00e-08
Epoch: 66
  Train Loss:        5.1033
    Contrastive 1:   2.5507
    Contrastive 2:   2.5501
    Cycle:           0.0025
  Valid Loss:        7.4716
    Contrastive 1:   3.7381
    Contrastive 2:   3.7299
    Cycle:           0.0036
  LR: 1.00e-08
Epoch: 67
  Train Loss:        5.1044
    Contrastive 1:   2.5509
    Contrastive 2:   2.5511
    Cycle:           0.0025
  Valid Loss:        7.4884
    Contrastive 1:   3.7549
    Contrastive 2:   3.7298
    Cycle:           0.0037
  LR: 1.00e-08
Epoch: 68
  Train Loss:        5.1035
    Contrastive 1:   2.5511
    Contrastive 2:   2.5499
    Cycle:           0.0025
  Valid Loss:        7.4755
    Contrastive 1:   3.7470
    Contrastive 2:   3.7249
    Cycle:           0.0037
  LR: 1.00e-08
Epoch: 69
  Train Loss:        5.1030
    Contrastive 1:   2.5505
    Contrastive 2:   2.5500
    Cycle:           0.0025
  Valid Loss:        7.5023
    Contrastive 1:   3.7611
    Contrastive 2:   3.7375
    Cycle:           0.0037
  LR: 1.00e-08
Epoch: 70
  Train Loss:        5.1015
    Contrastive 1:   2.5495
    Contrastive 2:   2.5495
    Cycle:           0.0025
  Valid Loss:        7.4798
    Contrastive 1:   3.7419
    Contrastive 2:   3.7343
    Cycle:           0.0036
  LR: 1.00e-08
Epoch: 71
  Train Loss:        5.1029
    Contrastive 1:   2.5507
    Contrastive 2:   2.5498
    Cycle:           0.0025
  Valid Loss:        7.4917
    Contrastive 1:   3.7516
    Contrastive 2:   3.7364
    Cycle:           0.0037
  LR: 1.00e-08
Epoch: 72
  Train Loss:        5.1039
    Contrastive 1:   2.5508
    Contrastive 2:   2.5506
    Cycle:           0.0025
  Valid Loss:        7.4914
    Contrastive 1:   3.7478
    Contrastive 2:   3.7399
    Cycle:           0.0037
  LR: 1.00e-08
Epoch: 73
  Train Loss:        5.1037
    Contrastive 1:   2.5506
    Contrastive 2:   2.5507
    Cycle:           0.0025
  Valid Loss:        7.4867
    Contrastive 1:   3.7504
    Contrastive 2:   3.7328
    Cycle:           0.0036
  LR: 1.00e-08
Epoch: 74
  Train Loss:        5.1024
    Contrastive 1:   2.5499
    Contrastive 2:   2.5500
    Cycle:           0.0025
  Valid Loss:        7.4757
    Contrastive 1:   3.7471
    Contrastive 2:   3.7250
    Cycle:           0.0036
  LR: 1.00e-08
Epoch: 75
  Train Loss:        5.1055
    Contrastive 1:   2.5516
    Contrastive 2:   2.5515
    Cycle:           0.0025
  Valid Loss:        7.4984
    Contrastive 1:   3.7511
    Contrastive 2:   3.7437
    Cycle:           0.0036
  LR: 1.00e-08
Epoch: 76
  Train Loss:        5.1041
    Contrastive 1:   2.5508
    Contrastive 2:   2.5508
    Cycle:           0.0025
  Valid Loss:        7.4780
    Contrastive 1:   3.7447
    Contrastive 2:   3.7298
    Cycle:           0.0036
  LR: 1.00e-08
Epoch: 77
  Train Loss:        5.1042
    Contrastive 1:   2.5512
    Contrastive 2:   2.5504
    Cycle:           0.0025
  Valid Loss:        7.5040
    Contrastive 1:   3.7546
    Contrastive 2:   3.7457
    Cycle:           0.0037
  LR: 1.00e-08
Epoch: 78
  Train Loss:        5.1020
    Contrastive 1:   2.5503
    Contrastive 2:   2.5492
    Cycle:           0.0025
  Valid Loss:        7.5029
    Contrastive 1:   3.7532
    Contrastive 2:   3.7460
    Cycle:           0.0037
  LR: 1.00e-08
Epoch: 79
  Train Loss:        5.1031
    Contrastive 1:   2.5510
    Contrastive 2:   2.5496
    Cycle:           0.0025
  Valid Loss:        7.4837
    Contrastive 1:   3.7470
    Contrastive 2:   3.7330
    Cycle:           0.0036
  LR: 1.00e-08
Epoch: 80
  Train Loss:        5.1038
    Contrastive 1:   2.5506
    Contrastive 2:   2.5507
    Cycle:           0.0025
  Valid Loss:        7.4902
    Contrastive 1:   3.7542
    Contrastive 2:   3.7323
    Cycle:           0.0037
  LR: 1.00e-08
Epoch: 81
  Train Loss:        5.1029
    Contrastive 1:   2.5499
    Contrastive 2:   2.5505
    Cycle:           0.0025
  Valid Loss:        7.4807
    Contrastive 1:   3.7426
    Contrastive 2:   3.7345
    Cycle:           0.0037
  LR: 1.00e-08
Epoch: 82
  Train Loss:        5.1057
    Contrastive 1:   2.5518
    Contrastive 2:   2.5514
    Cycle:           0.0025
  Valid Loss:        7.5010
    Contrastive 1:   3.7594
    Contrastive 2:   3.7379
    Cycle:           0.0037
  LR: 1.00e-08
Epoch: 83
  Train Loss:        5.1040
    Contrastive 1:   2.5505
    Contrastive 2:   2.5510
    Cycle:           0.0025
  Valid Loss:        7.4920
    Contrastive 1:   3.7501
    Contrastive 2:   3.7382
    Cycle:           0.0036
  LR: 1.00e-08
Epoch: 84
  Train Loss:        5.1053
    Contrastive 1:   2.5513
    Contrastive 2:   2.5515
    Cycle:           0.0025
  Valid Loss:        7.4789
    Contrastive 1:   3.7446
    Contrastive 2:   3.7306
    Cycle:           0.0037
  LR: 1.00e-08
Epoch: 85
  Train Loss:        5.1020
    Contrastive 1:   2.5502
    Contrastive 2:   2.5493
    Cycle:           0.0025
  Valid Loss:        7.5024
    Contrastive 1:   3.7548
    Contrastive 2:   3.7440
    Cycle:           0.0037
  LR: 1.00e-08
Epoch: 86
  Train Loss:        5.1029
    Contrastive 1:   2.5506
    Contrastive 2:   2.5498
    Cycle:           0.0025
  Valid Loss:        7.4930
    Contrastive 1:   3.7483
    Contrastive 2:   3.7410
    Cycle:           0.0037
  LR: 1.00e-08
Epoch: 87
  Train Loss:        5.1012
    Contrastive 1:   2.5495
    Contrastive 2:   2.5493
    Cycle:           0.0025
  Valid Loss:        7.4716
    Contrastive 1:   3.7376
    Contrastive 2:   3.7304
    Cycle:           0.0036
  LR: 1.00e-08
Epoch: 88
  Train Loss:        5.1058
    Contrastive 1:   2.5517
    Contrastive 2:   2.5516
    Cycle:           0.0025
  Valid Loss:        7.4884
    Contrastive 1:   3.7503
    Contrastive 2:   3.7345
    Cycle:           0.0036
  LR: 1.00e-08
Epoch: 89
  Train Loss:        5.1022
    Contrastive 1:   2.5500
    Contrastive 2:   2.5497
    Cycle:           0.0025
  Valid Loss:        7.5040
    Contrastive 1:   3.7560
    Contrastive 2:   3.7444
    Cycle:           0.0036
  LR: 1.00e-08
Epoch: 90
  Train Loss:        5.1046
    Contrastive 1:   2.5507
    Contrastive 2:   2.5514
    Cycle:           0.0025
  Valid Loss:        7.4575
    Contrastive 1:   3.7334
    Contrastive 2:   3.7206
    Cycle:           0.0036
  LR: 1.00e-08
Epoch: 91
  Train Loss:        5.1026
    Contrastive 1:   2.5504
    Contrastive 2:   2.5497
    Cycle:           0.0025
  Valid Loss:        7.4909
    Contrastive 1:   3.7507
    Contrastive 2:   3.7366
    Cycle:           0.0036
  LR: 1.00e-08
Epoch: 92
  Train Loss:        5.1030
    Contrastive 1:   2.5498
    Contrastive 2:   2.5507
    Cycle:           0.0025
  Valid Loss:        7.4876
    Contrastive 1:   3.7543
    Contrastive 2:   3.7297
    Cycle:           0.0036
  LR: 1.00e-08
Epoch: 93
  Train Loss:        5.1014
    Contrastive 1:   2.5496
    Contrastive 2:   2.5493
    Cycle:           0.0025
  Valid Loss:        7.4922
    Contrastive 1:   3.7511
    Contrastive 2:   3.7375
    Cycle:           0.0036
  LR: 1.00e-08
Epoch: 94
  Train Loss:        5.1031
    Contrastive 1:   2.5504
    Contrastive 2:   2.5503
    Cycle:           0.0025
  Valid Loss:        7.4777
    Contrastive 1:   3.7453
    Contrastive 2:   3.7287
    Cycle:           0.0037
  LR: 1.00e-08
Epoch: 95
  Train Loss:        5.1043
    Contrastive 1:   2.5511
    Contrastive 2:   2.5507
    Cycle:           0.0025
  Valid Loss:        7.4840
    Contrastive 1:   3.7412
    Contrastive 2:   3.7392
    Cycle:           0.0036
  LR: 1.00e-08
Epoch: 96
  Train Loss:        5.1031
    Contrastive 1:   2.5503
    Contrastive 2:   2.5503
    Cycle:           0.0025
  Valid Loss:        7.4736
    Contrastive 1:   3.7382
    Contrastive 2:   3.7318
    Cycle:           0.0036
  LR: 1.00e-08
Epoch: 97
  Train Loss:        5.1029
    Contrastive 1:   2.5503
    Contrastive 2:   2.5501
    Cycle:           0.0025
  Valid Loss:        7.5009
    Contrastive 1:   3.7552
    Contrastive 2:   3.7420
    Cycle:           0.0037
  LR: 1.00e-08
Epoch: 98
  Train Loss:        5.1033
    Contrastive 1:   2.5506
    Contrastive 2:   2.5502
    Cycle:           0.0025
  Valid Loss:        7.4817
    Contrastive 1:   3.7509
    Contrastive 2:   3.7271
    Cycle:           0.0037
  LR: 1.00e-08
Epoch: 99
  Train Loss:        5.1045
    Contrastive 1:   2.5510
    Contrastive 2:   2.5510
    Cycle:           0.0025
  Valid Loss:        7.4702
    Contrastive 1:   3.7425
    Contrastive 2:   3.7240
    Cycle:           0.0036
  LR: 1.00e-08
Fine Tuning Both
Epoch: 0, Alpha: 1.00
  Train Loss:        11.5443
    Contrastive:     11.5443
    Recon (all):     3.1872
    Recon (log):     0.6374
  Valid Loss:        11.8591
    Contrastive:     11.8591
    Recon (all):     2.2404
    Recon (log):     0.4481
  LR: 1.00e-04
Epoch: 1, Alpha: 0.99
  Train Loss:        9.6371
    Contrastive:     9.7110
    Recon (all):     2.2810
    Recon (log):     0.4562
  Valid Loss:        11.2655
    Contrastive:     11.3588
    Recon (all):     1.9833
    Recon (log):     0.3967
  LR: 1.00e-04
Epoch: 2, Alpha: 0.98
  Train Loss:        9.2013
    Contrastive:     9.3445
    Recon (all):     2.1112
    Recon (log):     0.4222
  Valid Loss:        10.9434
    Contrastive:     11.1267
    Recon (all):     1.8707
    Recon (log):     0.3741
  LR: 1.00e-04
Epoch: 3, Alpha: 0.97
  Train Loss:        8.9083
    Contrastive:     9.1184
    Recon (all):     2.0081
    Recon (log):     0.4016
  Valid Loss:        10.7121
    Contrastive:     10.9834
    Recon (all):     1.8055
    Recon (log):     0.3611
  LR: 1.00e-04
Epoch: 4, Alpha: 0.96
  Train Loss:        8.7032
    Contrastive:     8.9791
    Recon (all):     1.9421
    Recon (log):     0.3884
  Valid Loss:        10.5560
    Contrastive:     10.9148
    Recon (all):     1.7635
    Recon (log):     0.3527
  LR: 1.00e-04
Epoch: 5, Alpha: 0.95
  Train Loss:        8.5312
    Contrastive:     8.8716
    Recon (all):     1.8937
    Recon (log):     0.3787
  Valid Loss:        10.4130
    Contrastive:     10.8581
    Recon (all):     1.7315
    Recon (log):     0.3463
  LR: 1.00e-04
Epoch: 6, Alpha: 0.94
  Train Loss:        8.3671
    Contrastive:     8.7701
    Recon (all):     1.8499
    Recon (log):     0.3700
  Valid Loss:        10.2915
    Contrastive:     10.8229
    Recon (all):     1.6976
    Recon (log):     0.3395
  LR: 1.00e-04
Epoch: 7, Alpha: 0.93
  Train Loss:        8.2082
    Contrastive:     8.6724
    Recon (all):     1.8062
    Recon (log):     0.3612
  Valid Loss:        10.1250
    Contrastive:     10.7403
    Recon (all):     1.6390
    Recon (log):     0.3278
  LR: 1.00e-04
Epoch: 8, Alpha: 0.92
  Train Loss:        8.0386
    Contrastive:     8.5620
    Recon (all):     1.7545
    Recon (log):     0.3509
  Valid Loss:        9.9439
    Contrastive:     10.6411
    Recon (all):     1.5739
    Recon (log):     0.3148
  LR: 1.00e-04
Epoch: 9, Alpha: 0.91
  Train Loss:        7.8820
    Contrastive:     8.4634
    Recon (all):     1.7083
    Recon (log):     0.3417
  Valid Loss:        9.8065
    Contrastive:     10.5850
    Recon (all):     1.5396
    Recon (log):     0.3079
  LR: 1.00e-04
Epoch: 10, Alpha: 0.90
  Train Loss:        7.7493
    Contrastive:     8.3883
    Recon (all):     1.6736
    Recon (log):     0.3347
  Valid Loss:        9.6383
    Contrastive:     10.4935
    Recon (all):     1.5062
    Recon (log):     0.3012
  LR: 1.00e-04
Epoch: 11, Alpha: 0.90
  Train Loss:        7.6222
    Contrastive:     8.3175
    Recon (all):     1.6423
    Recon (log):     0.3285
  Valid Loss:        9.5200
    Contrastive:     10.4553
    Recon (all):     1.4758
    Recon (log):     0.2952
  LR: 1.00e-04
Epoch: 12, Alpha: 0.89
  Train Loss:        7.4900
    Contrastive:     8.2400
    Recon (all):     1.6078
    Recon (log):     0.3216
  Valid Loss:        9.3856
    Contrastive:     10.3980
    Recon (all):     1.4451
    Recon (log):     0.2890
  LR: 1.00e-04
Epoch: 13, Alpha: 0.88
  Train Loss:        7.3652
    Contrastive:     8.1690
    Recon (all):     1.5752
    Recon (log):     0.3150
  Valid Loss:        9.2318
    Contrastive:     10.3171
    Recon (all):     1.4142
    Recon (log):     0.2828
  LR: 1.00e-04
Epoch: 14, Alpha: 0.87
  Train Loss:        7.2367
    Contrastive:     8.0925
    Recon (all):     1.5414
    Recon (log):     0.3083
  Valid Loss:        9.1219
    Contrastive:     10.2856
    Recon (all):     1.3777
    Recon (log):     0.2755
  LR: 1.00e-04
Epoch: 15, Alpha: 0.86
  Train Loss:        7.1130
    Contrastive:     8.0200
    Recon (all):     1.5083
    Recon (log):     0.3017
  Valid Loss:        8.9882
    Contrastive:     10.2253
    Recon (all):     1.3439
    Recon (log):     0.2688
  LR: 1.00e-04
Epoch: 16, Alpha: 0.85
  Train Loss:        7.0004
    Contrastive:     7.9584
    Recon (all):     1.4792
    Recon (log):     0.2958
  Valid Loss:        8.8874
    Contrastive:     10.2006
    Recon (all):     1.3190
    Recon (log):     0.2638
  LR: 1.00e-04
Epoch: 17, Alpha: 0.84
  Train Loss:        6.8947
    Contrastive:     7.9029
    Recon (all):     1.4541
    Recon (log):     0.2908
  Valid Loss:        8.7795
    Contrastive:     10.1659
    Recon (all):     1.2981
    Recon (log):     0.2596
  LR: 1.00e-04
Epoch: 18, Alpha: 0.84
  Train Loss:        6.7900
    Contrastive:     7.8472
    Recon (all):     1.4294
    Recon (log):     0.2859
  Valid Loss:        8.6737
    Contrastive:     10.1325
    Recon (all):     1.2770
    Recon (log):     0.2554
  LR: 1.00e-04
Epoch: 19, Alpha: 0.83
  Train Loss:        6.6925
    Contrastive:     7.7987
    Recon (all):     1.4058
    Recon (log):     0.2812
  Valid Loss:        8.5802
    Contrastive:     10.1127
    Recon (all):     1.2564
    Recon (log):     0.2513
  LR: 1.00e-04
Epoch: 20, Alpha: 0.82
  Train Loss:        6.5917
    Contrastive:     7.7456
    Recon (all):     1.3800
    Recon (log):     0.2760
  Valid Loss:        8.4803
    Contrastive:     10.0872
    Recon (all):     1.2227
    Recon (log):     0.2445
  LR: 1.00e-04
Epoch: 21, Alpha: 0.81
  Train Loss:        6.4939
    Contrastive:     7.6945
    Recon (all):     1.3558
    Recon (log):     0.2712
  Valid Loss:        8.3698
    Contrastive:     10.0457
    Recon (all):     1.1982
    Recon (log):     0.2396
  LR: 1.00e-04
Epoch: 22, Alpha: 0.80
  Train Loss:        6.4015
    Contrastive:     7.6485
    Recon (all):     1.3336
    Recon (log):     0.2667
  Valid Loss:        8.2876
    Contrastive:     10.0359
    Recon (all):     1.1827
    Recon (log):     0.2365
  LR: 1.00e-04
Epoch: 23, Alpha: 0.79
  Train Loss:        6.3114
    Contrastive:     7.6040
    Recon (all):     1.3129
    Recon (log):     0.2626
  Valid Loss:        8.1638
    Contrastive:     9.9738
    Recon (all):     1.1645
    Recon (log):     0.2329
  LR: 1.00e-04
Epoch: 24, Alpha: 0.79
  Train Loss:        6.2279
    Contrastive:     7.5658
    Recon (all):     1.2952
    Recon (log):     0.2590
  Valid Loss:        8.0928
    Contrastive:     9.9774
    Recon (all):     1.1448
    Recon (log):     0.2290
  LR: 1.00e-04
Epoch: 25, Alpha: 0.78
  Train Loss:        6.1436
    Contrastive:     7.5258
    Recon (all):     1.2771
    Recon (log):     0.2554
  Valid Loss:        8.0069
    Contrastive:     9.9581
    Recon (all):     1.1369
    Recon (log):     0.2274
  LR: 1.00e-04
Epoch: 26, Alpha: 0.77
  Train Loss:        6.0663
    Contrastive:     7.4931
    Recon (all):     1.2612
    Recon (log):     0.2522
  Valid Loss:        7.9257
    Contrastive:     9.9466
    Recon (all):     1.1195
    Recon (log):     0.2239
  LR: 1.00e-04
Epoch: 27, Alpha: 0.76
  Train Loss:        5.9844
    Contrastive:     7.4540
    Recon (all):     1.2433
    Recon (log):     0.2487
  Valid Loss:        7.8452
    Contrastive:     9.9354
    Recon (all):     1.1019
    Recon (log):     0.2204
  LR: 1.00e-04
Epoch: 28, Alpha: 0.76
  Train Loss:        5.9080
    Contrastive:     7.4205
    Recon (all):     1.2270
    Recon (log):     0.2454
  Valid Loss:        7.7578
    Contrastive:     9.9121
    Recon (all):     1.0907
    Recon (log):     0.2181
  LR: 1.00e-04
Epoch: 29, Alpha: 0.75
  Train Loss:        5.8302
    Contrastive:     7.3846
    Recon (all):     1.2101
    Recon (log):     0.2420
  Valid Loss:        7.6659
    Contrastive:     9.8841
    Recon (all):     1.0724
    Recon (log):     0.2145
  LR: 1.00e-04
Epoch: 30, Alpha: 0.74
  Train Loss:        5.7548
    Contrastive:     7.3504
    Recon (all):     1.1942
    Recon (log):     0.2388
  Valid Loss:        7.5977
    Contrastive:     9.8836
    Recon (all):     1.0639
    Recon (log):     0.2128
  LR: 1.00e-04
Epoch: 31, Alpha: 0.73
  Train Loss:        5.6832
    Contrastive:     7.3200
    Recon (all):     1.1793
    Recon (log):     0.2359
  Valid Loss:        7.5107
    Contrastive:     9.8596
    Recon (all):     1.0474
    Recon (log):     0.2095
  LR: 1.00e-04
Epoch: 32, Alpha: 0.73
  Train Loss:        5.6135
    Contrastive:     7.2908
    Recon (all):     1.1658
    Recon (log):     0.2332
  Valid Loss:        7.4540
    Contrastive:     9.8707
    Recon (all):     1.0458
    Recon (log):     0.2092
  LR: 1.00e-04
Epoch: 33, Alpha: 0.72
  Train Loss:        5.5436
    Contrastive:     7.2606
    Recon (all):     1.1520
    Recon (log):     0.2304
  Valid Loss:        7.3621
    Contrastive:     9.8377
    Recon (all):     1.0301
    Recon (log):     0.2060
  LR: 1.00e-04
Epoch: 34, Alpha: 0.71
  Train Loss:        5.4758
    Contrastive:     7.2317
    Recon (all):     1.1398
    Recon (log):     0.2280
  Valid Loss:        7.3084
    Contrastive:     9.8525
    Recon (all):     1.0258
    Recon (log):     0.2052
  LR: 1.00e-04
Epoch: 35, Alpha: 0.70
  Train Loss:        5.4131
    Contrastive:     7.2088
    Recon (all):     1.1283
    Recon (log):     0.2257
  Valid Loss:        7.2448
    Contrastive:     9.8551
    Recon (all):     1.0161
    Recon (log):     0.2032
  LR: 1.00e-04
Epoch: 36, Alpha: 0.70
  Train Loss:        5.3472
    Contrastive:     7.1811
    Recon (all):     1.1150
    Recon (log):     0.2230
  Valid Loss:        7.1708
    Contrastive:     9.8424
    Recon (all):     1.0053
    Recon (log):     0.2011
  LR: 1.00e-04
Epoch: 37, Alpha: 0.69
  Train Loss:        5.2854
    Contrastive:     7.1573
    Recon (all):     1.1046
    Recon (log):     0.2209
  Valid Loss:        7.0988
    Contrastive:     9.8307
    Recon (all):     0.9971
    Recon (log):     0.1994
  LR: 1.00e-04
Epoch: 38, Alpha: 0.68
  Train Loss:        5.2246
    Contrastive:     7.1343
    Recon (all):     1.0935
    Recon (log):     0.2187
  Valid Loss:        7.0262
    Contrastive:     9.8151
    Recon (all):     0.9934
    Recon (log):     0.1987
  LR: 1.00e-04
Epoch: 39, Alpha: 0.68
  Train Loss:        5.1611
    Contrastive:     7.1075
    Recon (all):     1.0805
    Recon (log):     0.2161
  Valid Loss:        6.9499
    Contrastive:     9.7955
    Recon (all):     0.9842
    Recon (log):     0.1968
  LR: 1.00e-04
Epoch: 40, Alpha: 0.67
  Train Loss:        5.1012
    Contrastive:     7.0843
    Recon (all):     1.0691
    Recon (log):     0.2138
  Valid Loss:        6.8909
    Contrastive:     9.8008
    Recon (all):     0.9743
    Recon (log):     0.1949
  LR: 1.00e-04
Epoch: 41, Alpha: 0.66
  Train Loss:        5.0430
    Contrastive:     7.0622
    Recon (all):     1.0589
    Recon (log):     0.2118
  Valid Loss:        6.8349
    Contrastive:     9.8057
    Recon (all):     0.9732
    Recon (log):     0.1946
  LR: 1.00e-04
Epoch: 42, Alpha: 0.66
  Train Loss:        4.9851
    Contrastive:     7.0401
    Recon (all):     1.0481
    Recon (log):     0.2096
  Valid Loss:        6.7734
    Contrastive:     9.8065
    Recon (all):     0.9623
    Recon (log):     0.1925
  LR: 1.00e-04
Epoch: 43, Alpha: 0.65
  Train Loss:        4.9293
    Contrastive:     7.0194
    Recon (all):     1.0391
    Recon (log):     0.2078
  Valid Loss:        6.7147
    Contrastive:     9.8078
    Recon (all):     0.9575
    Recon (log):     0.1915
  LR: 1.00e-04
Epoch: 44, Alpha: 0.64
  Train Loss:        4.8763
    Contrastive:     7.0019
    Recon (all):     1.0305
    Recon (log):     0.2061
  Valid Loss:        6.6213
    Contrastive:     9.7555
    Recon (all):     0.9507
    Recon (log):     0.1901
  LR: 1.00e-04
Epoch: 45, Alpha: 0.64
  Train Loss:        4.8210
    Contrastive:     6.9801
    Recon (all):     1.0218
    Recon (log):     0.2044
  Valid Loss:        6.5801
    Contrastive:     9.7805
    Recon (all):     0.9487
    Recon (log):     0.1897
  LR: 1.00e-04
Epoch: 46, Alpha: 0.63
  Train Loss:        4.7692
    Contrastive:     6.9627
    Recon (all):     1.0135
    Recon (log):     0.2027
  Valid Loss:        6.5259
    Contrastive:     9.7868
    Recon (all):     0.9428
    Recon (log):     0.1886
  LR: 1.00e-04
Epoch: 47, Alpha: 0.63
  Train Loss:        4.7186
    Contrastive:     6.9458
    Recon (all):     1.0067
    Recon (log):     0.2013
  Valid Loss:        6.4609
    Contrastive:     9.7772
    Recon (all):     0.9336
    Recon (log):     0.1867
  LR: 1.00e-04
Epoch: 48, Alpha: 0.62
  Train Loss:        4.6683
    Contrastive:     6.9293
    Recon (all):     0.9982
    Recon (log):     0.1996
  Valid Loss:        6.4277
    Contrastive:     9.8075
    Recon (all):     0.9417
    Recon (log):     0.1883
  LR: 1.00e-04
Epoch: 49, Alpha: 0.61
  Train Loss:        4.6191
    Contrastive:     6.9129
    Recon (all):     0.9915
    Recon (log):     0.1983
  Valid Loss:        6.3354
    Contrastive:     9.7552
    Recon (all):     0.9270
    Recon (log):     0.1854
  LR: 1.00e-04
Epoch: 50, Alpha: 0.61
  Train Loss:        4.5716
    Contrastive:     6.8988
    Recon (all):     0.9842
    Recon (log):     0.1968
  Valid Loss:        6.2972
    Contrastive:     9.7800
    Recon (all):     0.9285
    Recon (log):     0.1857
  LR: 1.00e-04
Epoch: 51, Alpha: 0.60
  Train Loss:        4.5238
    Contrastive:     6.8830
    Recon (all):     0.9776
    Recon (log):     0.1955
  Valid Loss:        6.2574
    Contrastive:     9.8034
    Recon (all):     0.9274
    Recon (log):     0.1855
  LR: 1.00e-04
Epoch: 52, Alpha: 0.59
  Train Loss:        4.4768
    Contrastive:     6.8681
    Recon (all):     0.9708
    Recon (log):     0.1942
  Valid Loss:        6.1802
    Contrastive:     9.7667
    Recon (all):     0.9215
    Recon (log):     0.1843
  LR: 1.00e-04
Epoch: 53, Alpha: 0.59
  Train Loss:        4.4308
    Contrastive:     6.8533
    Recon (all):     0.9649
    Recon (log):     0.1930
  Valid Loss:        6.1382
    Contrastive:     9.7841
    Recon (all):     0.9218
    Recon (log):     0.1844
  LR: 1.00e-04
Epoch: 54, Alpha: 0.58
  Train Loss:        4.3850
    Contrastive:     6.8382
    Recon (all):     0.9587
    Recon (log):     0.1917
  Valid Loss:        6.0974
    Contrastive:     9.8060
    Recon (all):     0.9177
    Recon (log):     0.1835
  LR: 1.00e-04
Epoch: 55, Alpha: 0.58
  Train Loss:        4.3408
    Contrastive:     6.8253
    Recon (all):     0.9525
    Recon (log):     0.1905
  Valid Loss:        6.0213
    Contrastive:     9.7644
    Recon (all):     0.9167
    Recon (log):     0.1833
  LR: 1.00e-04
Epoch: 56, Alpha: 0.57
  Train Loss:        4.2972
    Contrastive:     6.8123
    Recon (all):     0.9467
    Recon (log):     0.1893
  Valid Loss:        5.9941
    Contrastive:     9.8025
    Recon (all):     0.9207
    Recon (log):     0.1841
  LR: 1.00e-04
Epoch: 57, Alpha: 0.57
  Train Loss:        4.2545
    Contrastive:     6.8002
    Recon (all):     0.9409
    Recon (log):     0.1882
  Valid Loss:        5.9297
    Contrastive:     9.7869
    Recon (all):     0.9090
    Recon (log):     0.1818
  LR: 1.00e-04
Epoch: 58, Alpha: 0.56
  Train Loss:        4.2133
    Contrastive:     6.7895
    Recon (all):     0.9359
    Recon (log):     0.1872
  Valid Loss:        5.9037
    Contrastive:     9.8253
    Recon (all):     0.9146
    Recon (log):     0.1829
  LR: 1.00e-04
Epoch: 59, Alpha: 0.55
  Train Loss:        4.1705
    Contrastive:     6.7757
    Recon (all):     0.9303
    Recon (log):     0.1861
  Valid Loss:        5.8208
    Contrastive:     9.7717
    Recon (all):     0.9067
    Recon (log):     0.1813
  LR: 1.00e-04
Epoch: 60, Alpha: 0.55
  Train Loss:        4.1299
    Contrastive:     6.7644
    Recon (all):     0.9254
    Recon (log):     0.1851
  Valid Loss:        5.7819
    Contrastive:     9.7896
    Recon (all):     0.9071
    Recon (log):     0.1814
  LR: 1.00e-04
Epoch: 61, Alpha: 0.54
  Train Loss:        4.0897
    Contrastive:     6.7537
    Recon (all):     0.9199
    Recon (log):     0.1840
  Valid Loss:        5.7165
    Contrastive:     9.7619
    Recon (all):     0.9030
    Recon (log):     0.1806
  LR: 1.00e-04
Epoch: 62, Alpha: 0.54
  Train Loss:        4.0520
    Contrastive:     6.7453
    Recon (all):     0.9163
    Recon (log):     0.1833
  Valid Loss:        5.6840
    Contrastive:     9.7891
    Recon (all):     0.9047
    Recon (log):     0.1809
  LR: 1.00e-04
Epoch: 63, Alpha: 0.53
  Train Loss:        4.0119
    Contrastive:     6.7330
    Recon (all):     0.9113
    Recon (log):     0.1823
  Valid Loss:        5.6232
    Contrastive:     9.7703
    Recon (all):     0.8977
    Recon (log):     0.1795
  LR: 1.00e-04
Epoch: 64, Alpha: 0.53
  Train Loss:        3.9728
    Contrastive:     6.7212
    Recon (all):     0.9071
    Recon (log):     0.1814
  Valid Loss:        5.5912
    Contrastive:     9.7968
    Recon (all):     0.8999
    Recon (log):     0.1800
  LR: 1.00e-04
Epoch: 65, Alpha: 0.52
  Train Loss:        3.9343
    Contrastive:     6.7104
    Recon (all):     0.9021
    Recon (log):     0.1804
  Valid Loss:        5.5495
    Contrastive:     9.8041
    Recon (all):     0.9023
    Recon (log):     0.1805
  LR: 1.00e-04
Epoch: 66, Alpha: 0.52
  Train Loss:        3.8998
    Contrastive:     6.7055
    Recon (all):     0.8984
    Recon (log):     0.1797
  Valid Loss:        5.4988
    Contrastive:     9.8043
    Recon (all):     0.8930
    Recon (log):     0.1786
  LR: 1.00e-04
Epoch: 67, Alpha: 0.51
  Train Loss:        3.8624
    Contrastive:     6.6944
    Recon (all):     0.8944
    Recon (log):     0.1789
  Valid Loss:        5.4233
    Contrastive:     9.7487
    Recon (all):     0.8904
    Recon (log):     0.1781
  LR: 1.00e-04
Epoch: 68, Alpha: 0.51
  Train Loss:        3.8256
    Contrastive:     6.6842
    Recon (all):     0.8902
    Recon (log):     0.1780
  Valid Loss:        5.4013
    Contrastive:     9.7921
    Recon (all):     0.8927
    Recon (log):     0.1785
  LR: 1.00e-04
Epoch: 69, Alpha: 0.50
  Train Loss:        3.7898
    Contrastive:     6.6748
    Recon (all):     0.8866
    Recon (log):     0.1773
  Valid Loss:        5.3506
    Contrastive:     9.7839
    Recon (all):     0.8893
    Recon (log):     0.1779
  LR: 1.00e-04
Epoch: 70, Alpha: 0.50
  Train Loss:        3.7550
    Contrastive:     6.6670
    Recon (all):     0.8824
    Recon (log):     0.1765
  Valid Loss:        5.3130
    Contrastive:     9.7955
    Recon (all):     0.8913
    Recon (log):     0.1783
  LR: 1.00e-04
Epoch: 71, Alpha: 0.49
  Train Loss:        3.7210
    Contrastive:     6.6595
    Recon (all):     0.8790
    Recon (log):     0.1758
  Valid Loss:        5.2643
    Contrastive:     9.7917
    Recon (all):     0.8857
    Recon (log):     0.1771
  LR: 1.00e-04
Epoch: 72, Alpha: 0.49
  Train Loss:        3.6865
    Contrastive:     6.6510
    Recon (all):     0.8751
    Recon (log):     0.1750
  Valid Loss:        5.2107
    Contrastive:     9.7639
    Recon (all):     0.8926
    Recon (log):     0.1785
  LR: 1.00e-04
Epoch: 73, Alpha: 0.48
  Train Loss:        3.6541
    Contrastive:     6.6450
    Recon (all):     0.8721
    Recon (log):     0.1744
  Valid Loss:        5.1807
    Contrastive:     9.7938
    Recon (all):     0.8898
    Recon (log):     0.1780
  LR: 1.00e-04
Epoch: 74, Alpha: 0.48
  Train Loss:        3.6198
    Contrastive:     6.6347
    Recon (all):     0.8689
    Recon (log):     0.1738
  Valid Loss:        5.1423
    Contrastive:     9.8110
    Recon (all):     0.8822
    Recon (log):     0.1764
  LR: 1.00e-04
Epoch: 75, Alpha: 0.47
  Train Loss:        3.5873
    Contrastive:     6.6275
    Recon (all):     0.8656
    Recon (log):     0.1731
  Valid Loss:        5.0900
    Contrastive:     9.7907
    Recon (all):     0.8817
    Recon (log):     0.1763
  LR: 1.00e-04
Epoch: 76, Alpha: 0.47
  Train Loss:        3.5544
    Contrastive:     6.6187
    Recon (all):     0.8623
    Recon (log):     0.1725
  Valid Loss:        5.0586
    Contrastive:     9.8121
    Recon (all):     0.8826
    Recon (log):     0.1765
  LR: 1.00e-04
Epoch: 77, Alpha: 0.46
  Train Loss:        3.5230
    Contrastive:     6.6127
    Recon (all):     0.8590
    Recon (log):     0.1718
  Valid Loss:        4.9934
    Contrastive:     9.7672
    Recon (all):     0.8771
    Recon (log):     0.1754
  LR: 1.00e-04
Terminated
Terminated
/usr/lib/python3.12/multiprocessing/resource_tracker.py:254: UserWarning: resource_tracker: There appear to be 52 leaked semaphore objects to clean up at shutdown
  warnings.warn('resource_tracker: There appear to be %d '
nohup: ignoring input
Traceback (most recent call last):
  File "/vol/bitbucket/nb324/masters_project/msc_repo/part_5_further_analysis/simclr_cap_alpha_cycle/main.py", line 5, in <module>
    import torch
  File "/vol/bitbucket/nb324/masters_project/.venv/lib/python3.12/site-packages/torch/__init__.py", line 2604, in <module>
    from torch import _meta_registrations
  File "/vol/bitbucket/nb324/masters_project/.venv/lib/python3.12/site-packages/torch/_meta_registrations.py", line 11, in <module>
    from torch._decomp import (
  File "/vol/bitbucket/nb324/masters_project/.venv/lib/python3.12/site-packages/torch/_decomp/__init__.py", line 284, in <module>
    import torch._decomp.decompositions
  File "/vol/bitbucket/nb324/masters_project/.venv/lib/python3.12/site-packages/torch/_decomp/decompositions.py", line 15, in <module>
    import torch._prims as prims
  File "/vol/bitbucket/nb324/masters_project/.venv/lib/python3.12/site-packages/torch/_prims/__init__.py", line 524, in <module>
    abs = _make_elementwise_unary_prim(
          ^^^^^^^^^^^^^^^^^^^^^^^^^^^^^
  File "/vol/bitbucket/nb324/masters_project/.venv/lib/python3.12/site-packages/torch/_prims/__init__.py", line 492, in _make_elementwise_unary_prim
    return _make_prim(
           ^^^^^^^^^^^
  File "/vol/bitbucket/nb324/masters_project/.venv/lib/python3.12/site-packages/torch/_prims/__init__.py", line 320, in _make_prim
    prim_def = torch.library.custom_op(
               ^^^^^^^^^^^^^^^^^^^^^^^^
  File "/vol/bitbucket/nb324/masters_project/.venv/lib/python3.12/site-packages/torch/_library/custom_ops.py", line 145, in custom_op
    return inner(fn)
           ^^^^^^^^^
  File "/vol/bitbucket/nb324/masters_project/.venv/lib/python3.12/site-packages/torch/_library/custom_ops.py", line 126, in inner
    result = CustomOpDef(namespace, opname, schema_str, fn)
             ^^^^^^^^^^^^^^^^^^^^^^^^^^^^^^^^^^^^^^^^^^^^^^
  File "/vol/bitbucket/nb324/masters_project/.venv/lib/python3.12/site-packages/torch/_library/custom_ops.py", line 174, in __init__
    self._register_to_dispatcher()
  File "/vol/bitbucket/nb324/masters_project/.venv/lib/python3.12/site-packages/torch/_library/custom_ops.py", line 594, in _register_to_dispatcher
    lib._register_fake(self._name, fake_impl, _stacklevel=4)
  File "/vol/bitbucket/nb324/masters_project/.venv/lib/python3.12/site-packages/torch/library.py", line 177, in _register_fake
    source = torch._library.utils.get_source(_stacklevel + 1)
             ^^^^^^^^^^^^^^^^^^^^^^^^^^^^^^^^^^^^^^^^^^^^^^^^
  File "/vol/bitbucket/nb324/masters_project/.venv/lib/python3.12/site-packages/torch/_library/utils.py", line 53, in get_source
    frame = inspect.getframeinfo(sys._getframe(stacklevel))
            ^^^^^^^^^^^^^^^^^^^^^^^^^^^^^^^^^^^^^^^^^^^^^^^
  File "/usr/lib/python3.12/inspect.py", line 1707, in getframeinfo
    lines, lnum = findsource(frame)
                  ^^^^^^^^^^^^^^^^^
  File "/usr/lib/python3.12/inspect.py", line 1083, in findsource
    module = getmodule(object, file)
             ^^^^^^^^^^^^^^^^^^^^^^^
  File "/usr/lib/python3.12/inspect.py", line 1009, in getmodule
    os.path.realpath(f)] = module.__name__
    ^^^^^^^^^^^^^^^^^^^
  File "<frozen posixpath>", line 435, in realpath
  File "<frozen posixpath>", line 479, in _joinrealpath
KeyboardInterrupt
nohup: ignoring input
Train: torch.Size([14031, 5, 64, 32]), Valid: torch.Size([4677, 5, 64, 32]), Test: torch.Size([4678, 5, 64, 32])
Input shape: (C=5, H=144, W=72)
Fine Tuning Both
Epoch: 0, Alpha: 1.00
  Train Loss:        11.4215
    Contrastive:     11.4215
    Recon (all):     3.1283
    Recon (log):     0.6257
  Valid Loss:        11.7792
    Contrastive:     11.7792
    Recon (all):     2.1793
    Recon (log):     0.4359
  LR: 1.00e-04
Epoch: 1, Alpha: 0.99
  Train Loss:        9.5606
    Contrastive:     9.6341
    Recon (all):     2.2456
    Recon (log):     0.4491
  Valid Loss:        11.1624
    Contrastive:     11.2552
    Recon (all):     1.9324
    Recon (log):     0.3865
  LR: 1.00e-04
Epoch: 2, Alpha: 0.98
  Train Loss:        9.0970
    Contrastive:     9.2392
    Recon (all):     2.0574
    Recon (log):     0.4115
  Valid Loss:        10.9130
    Contrastive:     11.0963
    Recon (all):     1.8425
    Recon (log):     0.3685
  LR: 1.00e-04
Epoch: 3, Alpha: 0.97
  Train Loss:        8.8510
    Contrastive:     9.0603
    Recon (all):     1.9761
    Recon (log):     0.3952
  Valid Loss:        10.7425
    Contrastive:     11.0152
    Recon (all):     1.7877
    Recon (log):     0.3575
  LR: 1.00e-04
Epoch: 4, Alpha: 0.96
  Train Loss:        8.6609
    Contrastive:     8.9360
    Recon (all):     1.9208
    Recon (log):     0.3842
  Valid Loss:        10.5493
    Contrastive:     10.9081
    Recon (all):     1.7563
    Recon (log):     0.3513
  LR: 1.00e-04
Epoch: 5, Alpha: 0.95
  Train Loss:        8.4974
    Contrastive:     8.8368
    Recon (all):     1.8770
    Recon (log):     0.3754
  Valid Loss:        10.3968
    Contrastive:     10.8416
    Recon (all):     1.7212
    Recon (log):     0.3442
  LR: 1.00e-04
Epoch: 6, Alpha: 0.94
  Train Loss:        8.3466
    Contrastive:     8.7490
    Recon (all):     1.8390
    Recon (log):     0.3678
  Valid Loss:        10.2568
    Contrastive:     10.7884
    Recon (all):     1.6592
    Recon (log):     0.3318
  LR: 1.00e-04
Epoch: 7, Alpha: 0.93
  Train Loss:        8.1862
    Contrastive:     8.6497
    Recon (all):     1.7948
    Recon (log):     0.3590
  Valid Loss:        10.1037
    Contrastive:     10.7189
    Recon (all):     1.6187
    Recon (log):     0.3237
  LR: 1.00e-04
Epoch: 8, Alpha: 0.92
  Train Loss:        8.0210
    Contrastive:     8.5438
    Recon (all):     1.7440
    Recon (log):     0.3488
  Valid Loss:        9.8870
    Contrastive:     10.5795
    Recon (all):     1.5724
    Recon (log):     0.3145
  LR: 1.00e-04
Epoch: 9, Alpha: 0.91
  Train Loss:        7.8666
    Contrastive:     8.4473
    Recon (all):     1.7001
    Recon (log):     0.3400
  Valid Loss:        9.7770
    Contrastive:     10.5541
    Recon (all):     1.5261
    Recon (log):     0.3052
  LR: 1.00e-04
Epoch: 10, Alpha: 0.90
  Train Loss:        7.7299
    Contrastive:     8.3677
    Recon (all):     1.6655
    Recon (log):     0.3331
  Valid Loss:        9.6652
    Contrastive:     10.5234
    Recon (all):     1.5054
    Recon (log):     0.3011
  LR: 1.00e-04
Epoch: 11, Alpha: 0.90
  Train Loss:        7.5975
    Contrastive:     8.2913
    Recon (all):     1.6308
    Recon (log):     0.3262
  Valid Loss:        9.5352
    Contrastive:     10.4722
    Recon (all):     1.4768
    Recon (log):     0.2954
  LR: 1.00e-04
Epoch: 12, Alpha: 0.89
  Train Loss:        7.4735
    Contrastive:     8.2225
    Recon (all):     1.5992
    Recon (log):     0.3198
  Valid Loss:        9.4122
    Contrastive:     10.4289
    Recon (all):     1.4380
    Recon (log):     0.2876
  LR: 1.00e-04
Epoch: 13, Alpha: 0.88
  Train Loss:        7.3449
    Contrastive:     8.1472
    Recon (all):     1.5664
    Recon (log):     0.3133
  Valid Loss:        9.2386
    Contrastive:     10.3277
    Recon (all):     1.3939
    Recon (log):     0.2788
  LR: 1.00e-04
Epoch: 14, Alpha: 0.87
  Train Loss:        7.2207
    Contrastive:     8.0754
    Recon (all):     1.5331
    Recon (log):     0.3066
  Valid Loss:        9.1384
    Contrastive:     10.3055
    Recon (all):     1.3713
    Recon (log):     0.2743
  LR: 1.00e-04
Epoch: 15, Alpha: 0.86
  Train Loss:        7.1075
    Contrastive:     8.0143
    Recon (all):     1.5040
    Recon (log):     0.3008
  Valid Loss:        8.9891
    Contrastive:     10.2277
    Recon (all):     1.3355
    Recon (log):     0.2671
  LR: 1.00e-04
Epoch: 16, Alpha: 0.85
  Train Loss:        6.9965
    Contrastive:     7.9542
    Recon (all):     1.4767
    Recon (log):     0.2953
  Valid Loss:        8.8960
    Contrastive:     10.2108
    Recon (all):     1.3186
    Recon (log):     0.2637
  LR: 1.00e-04
Epoch: 17, Alpha: 0.84
  Train Loss:        6.8947
    Contrastive:     7.9030
    Recon (all):     1.4533
    Recon (log):     0.2907
  Valid Loss:        8.8023
    Contrastive:     10.1918
    Recon (all):     1.3039
    Recon (log):     0.2608
  LR: 1.00e-04
Epoch: 18, Alpha: 0.84
  Train Loss:        6.7940
    Contrastive:     7.8519
    Recon (all):     1.4298
    Recon (log):     0.2860
  Valid Loss:        8.6811
    Contrastive:     10.1409
    Recon (all):     1.2791
    Recon (log):     0.2558
  LR: 1.00e-04
Epoch: 19, Alpha: 0.83
  Train Loss:        6.6909
    Contrastive:     7.7967
    Recon (all):     1.4064
    Recon (log):     0.2813
  Valid Loss:        8.5788
    Contrastive:     10.1127
    Recon (all):     1.2480
    Recon (log):     0.2496
  LR: 1.00e-04
Epoch: 20, Alpha: 0.82
  Train Loss:        6.5982
    Contrastive:     7.7525
    Recon (all):     1.3843
    Recon (log):     0.2769
  Valid Loss:        8.4865
    Contrastive:     10.0933
    Recon (all):     1.2289
    Recon (log):     0.2458
  LR: 1.00e-04
Epoch: 21, Alpha: 0.81
  Train Loss:        6.4995
    Contrastive:     7.7009
    Recon (all):     1.3581
    Recon (log):     0.2716
  Valid Loss:        8.3785
    Contrastive:     10.0550
    Recon (all):     1.2045
    Recon (log):     0.2409
  LR: 1.00e-04
Epoch: 22, Alpha: 0.80
  Train Loss:        6.4037
    Contrastive:     7.6511
    Recon (all):     1.3344
    Recon (log):     0.2669
  Valid Loss:        8.2727
    Contrastive:     10.0191
    Recon (all):     1.1756
    Recon (log):     0.2351
  LR: 1.00e-04
Epoch: 23, Alpha: 0.79
  Train Loss:        6.3121
    Contrastive:     7.6046
    Recon (all):     1.3137
    Recon (log):     0.2627
  Valid Loss:        8.1632
    Contrastive:     9.9739
    Recon (all):     1.1613
    Recon (log):     0.2323
  LR: 1.00e-04
Epoch: 24, Alpha: 0.79
  Train Loss:        6.2268
    Contrastive:     7.5644
    Recon (all):     1.2955
    Recon (log):     0.2591
  Valid Loss:        8.1071
    Contrastive:     9.9951
    Recon (all):     1.1465
    Recon (log):     0.2293
  LR: 1.00e-04
Epoch: 25, Alpha: 0.78
  Train Loss:        6.1450
    Contrastive:     7.5271
    Recon (all):     1.2790
    Recon (log):     0.2558
  Valid Loss:        8.0338
    Contrastive:     9.9909
    Recon (all):     1.1431
    Recon (log):     0.2286
  LR: 1.00e-04
Epoch: 26, Alpha: 0.77
  Train Loss:        6.0664
    Contrastive:     7.4928
    Recon (all):     1.2623
    Recon (log):     0.2525
  Valid Loss:        7.9458
    Contrastive:     9.9707
    Recon (all):     1.1262
    Recon (log):     0.2252
  LR: 1.00e-04
Epoch: 27, Alpha: 0.76
  Train Loss:        5.9880
    Contrastive:     7.4583
    Recon (all):     1.2444
    Recon (log):     0.2489
  Valid Loss:        7.8536
    Contrastive:     9.9440
    Recon (all):     1.1097
    Recon (log):     0.2219
  LR: 1.00e-04
Epoch: 28, Alpha: 0.76
  Train Loss:        5.9069
    Contrastive:     7.4190
    Recon (all):     1.2274
    Recon (log):     0.2455
  Valid Loss:        7.7913
    Contrastive:     9.9553
    Recon (all):     1.0940
    Recon (log):     0.2188
  LR: 1.00e-04
Epoch: 29, Alpha: 0.75
  Train Loss:        5.8329
    Contrastive:     7.3881
    Recon (all):     1.2103
    Recon (log):     0.2421
  Valid Loss:        7.6826
    Contrastive:     9.9042
    Recon (all):     1.0792
    Recon (log):     0.2158
  LR: 1.00e-04
Epoch: 30, Alpha: 0.74
  Train Loss:        5.7555
    Contrastive:     7.3513
    Recon (all):     1.1942
    Recon (log):     0.2388
  Valid Loss:        7.6088
    Contrastive:     9.8997
    Recon (all):     1.0607
    Recon (log):     0.2121
  LR: 1.00e-04
Epoch: 31, Alpha: 0.73
  Train Loss:        5.6821
    Contrastive:     7.3186
    Recon (all):     1.1792
    Recon (log):     0.2358
  Valid Loss:        7.5405
    Contrastive:     9.8975
    Recon (all):     1.0547
    Recon (log):     0.2109
  LR: 1.00e-04
Epoch: 32, Alpha: 0.73
  Train Loss:        5.6087
    Contrastive:     7.2850
    Recon (all):     1.1639
    Recon (log):     0.2328
  Valid Loss:        7.4597
    Contrastive:     9.8799
    Recon (all):     1.0421
    Recon (log):     0.2084
  LR: 1.00e-04
Epoch: 33, Alpha: 0.72
  Train Loss:        5.5418
    Contrastive:     7.2583
    Recon (all):     1.1514
    Recon (log):     0.2303
  Valid Loss:        7.3854
    Contrastive:     9.8663
    Recon (all):     1.0399
    Recon (log):     0.2080
  LR: 1.00e-04
Epoch: 34, Alpha: 0.71
  Train Loss:        5.4750
    Contrastive:     7.2308
    Recon (all):     1.1389
    Recon (log):     0.2278
  Valid Loss:        7.3018
    Contrastive:     9.8445
    Recon (all):     1.0227
    Recon (log):     0.2045
  LR: 1.00e-04
Epoch: 35, Alpha: 0.70
  Train Loss:        5.4092
    Contrastive:     7.2038
    Recon (all):     1.1266
    Recon (log):     0.2253
  Valid Loss:        7.2230
    Contrastive:     9.8278
    Recon (all):     1.0072
    Recon (log):     0.2014
  LR: 1.00e-04
Epoch: 36, Alpha: 0.70
  Train Loss:        5.3450
    Contrastive:     7.1780
    Recon (all):     1.1150
    Recon (log):     0.2230
  Valid Loss:        7.1928
    Contrastive:     9.8701
    Recon (all):     1.0143
    Recon (log):     0.2029
  LR: 1.00e-04
Epoch: 37, Alpha: 0.69
  Train Loss:        5.2832
    Contrastive:     7.1546
    Recon (all):     1.1034
    Recon (log):     0.2207
  Valid Loss:        7.1259
    Contrastive:     9.8647
    Recon (all):     1.0091
    Recon (log):     0.2018
  LR: 1.00e-04
Epoch: 38, Alpha: 0.68
  Train Loss:        5.2201
    Contrastive:     7.1285
    Recon (all):     1.0919
    Recon (log):     0.2184
  Valid Loss:        7.0404
    Contrastive:     9.8358
    Recon (all):     0.9934
    Recon (log):     0.1987
  LR: 1.00e-04
Epoch: 39, Alpha: 0.68
  Train Loss:        5.1614
    Contrastive:     7.1082
    Recon (all):     1.0799
    Recon (log):     0.2160
  Valid Loss:        6.9363
    Contrastive:     9.7766
    Recon (all):     0.9817
    Recon (log):     0.1963
  LR: 1.00e-04
Epoch: 40, Alpha: 0.67
  Train Loss:        5.0997
    Contrastive:     7.0823
    Recon (all):     1.0686
    Recon (log):     0.2137
  Valid Loss:        6.8924
    Contrastive:     9.8026
    Recon (all):     0.9752
    Recon (log):     0.1950
  LR: 1.00e-04
Epoch: 41, Alpha: 0.66
  Train Loss:        5.0403
    Contrastive:     7.0586
    Recon (all):     1.0579
    Recon (log):     0.2116
  Valid Loss:        6.8239
    Contrastive:     9.7928
    Recon (all):     0.9661
    Recon (log):     0.1932
  LR: 1.00e-04
Epoch: 42, Alpha: 0.66
  Train Loss:        4.9841
    Contrastive:     7.0387
    Recon (all):     1.0477
    Recon (log):     0.2095
  Valid Loss:        6.7823
    Contrastive:     9.8192
    Recon (all):     0.9641
    Recon (log):     0.1928
  LR: 1.00e-04
Epoch: 43, Alpha: 0.65
  Train Loss:        4.9267
    Contrastive:     7.0159
    Recon (all):     1.0380
    Recon (log):     0.2076
  Valid Loss:        6.7116
    Contrastive:     9.8041
    Recon (all):     0.9556
    Recon (log):     0.1911
  LR: 1.00e-04
Epoch: 44, Alpha: 0.64
  Train Loss:        4.8736
    Contrastive:     6.9983
    Recon (all):     1.0296
    Recon (log):     0.2059
  Valid Loss:        6.6605
    Contrastive:     9.8155
    Recon (all):     0.9522
    Recon (log):     0.1904
  LR: 1.00e-04
Epoch: 45, Alpha: 0.64
  Train Loss:        4.8199
    Contrastive:     6.9784
    Recon (all):     1.0218
    Recon (log):     0.2044
  Valid Loss:        6.5963
    Contrastive:     9.8062
    Recon (all):     0.9480
    Recon (log):     0.1896
  LR: 1.00e-04
Epoch: 46, Alpha: 0.63
  Train Loss:        4.7676
    Contrastive:     6.9605
    Recon (all):     1.0130
    Recon (log):     0.2026
  Valid Loss:        6.5344
    Contrastive:     9.8006
    Recon (all):     0.9423
    Recon (log):     0.1885
  LR: 1.00e-04
Epoch: 47, Alpha: 0.63
  Train Loss:        4.7171
    Contrastive:     6.9444
    Recon (all):     1.0051
    Recon (log):     0.2010
  Valid Loss:        6.4688
    Contrastive:     9.7858
    Recon (all):     0.9405
    Recon (log):     0.1881
  LR: 1.00e-04
Epoch: 48, Alpha: 0.62
  Train Loss:        4.6676
    Contrastive:     6.9283
    Recon (all):     0.9981
    Recon (log):     0.1996
  Valid Loss:        6.4341
    Contrastive:     9.8203
    Recon (all):     0.9376
    Recon (log):     0.1875
  LR: 1.00e-04
Epoch: 49, Alpha: 0.61
  Train Loss:        4.6194
    Contrastive:     6.9133
    Recon (all):     0.9916
    Recon (log):     0.1983
  Valid Loss:        6.3593
    Contrastive:     9.7903
    Recon (all):     0.9333
    Recon (log):     0.1867
  LR: 1.00e-04
Epoch: 50, Alpha: 0.61
  Train Loss:        4.5695
    Contrastive:     6.8956
    Recon (all):     0.9838
    Recon (log):     0.1968
  Valid Loss:        6.2957
    Contrastive:     9.7764
    Recon (all):     0.9304
    Recon (log):     0.1861
  LR: 1.00e-04
Epoch: 51, Alpha: 0.60
  Train Loss:        4.5210
    Contrastive:     6.8787
    Recon (all):     0.9770
    Recon (log):     0.1954
  Valid Loss:        6.2544
    Contrastive:     9.7971
    Recon (all):     0.9294
    Recon (log):     0.1859
  LR: 1.00e-04
Epoch: 52, Alpha: 0.59
  Train Loss:        4.4767
    Contrastive:     6.8676
    Recon (all):     0.9711
    Recon (log):     0.1942
  Valid Loss:        6.2019
    Contrastive:     9.8009
    Recon (all):     0.9251
    Recon (log):     0.1850
  LR: 1.00e-04
Epoch: 53, Alpha: 0.59
  Train Loss:        4.4299
    Contrastive:     6.8521
    Recon (all):     0.9643
    Recon (log):     0.1929
  Valid Loss:        6.1396
    Contrastive:     9.7801
    Recon (all):     0.9310
    Recon (log):     0.1862
  LR: 1.00e-04
Epoch: 54, Alpha: 0.58
  Train Loss:        4.3859
    Contrastive:     6.8394
    Recon (all):     0.9591
    Recon (log):     0.1918
  Valid Loss:        6.0871
    Contrastive:     9.7849
    Recon (all):     0.9227
    Recon (log):     0.1845
  LR: 1.00e-04
Epoch: 55, Alpha: 0.58
  Train Loss:        4.3398
    Contrastive:     6.8237
    Recon (all):     0.9522
    Recon (log):     0.1904
  Valid Loss:        6.0474
    Contrastive:     9.8089
    Recon (all):     0.9174
    Recon (log):     0.1835
  LR: 1.00e-04
Epoch: 56, Alpha: 0.57
  Train Loss:        4.2954
    Contrastive:     6.8097
    Recon (all):     0.9459
    Recon (log):     0.1892
  Valid Loss:        5.9866
    Contrastive:     9.7868
    Recon (all):     0.9244
    Recon (log):     0.1849
  LR: 1.00e-04
Epoch: 57, Alpha: 0.57
  Train Loss:        4.2550
    Contrastive:     6.8010
    Recon (all):     0.9411
    Recon (log):     0.1882
  Valid Loss:        5.9495
    Contrastive:     9.8151
    Recon (all):     0.9178
    Recon (log):     0.1836
  LR: 1.00e-04
Epoch: 58, Alpha: 0.56
  Train Loss:        4.2122
    Contrastive:     6.7876
    Recon (all):     0.9359
    Recon (log):     0.1872
  Valid Loss:        5.8952
    Contrastive:     9.8123
    Recon (all):     0.9118
    Recon (log):     0.1824
  LR: 1.00e-04
Epoch: 59, Alpha: 0.55
  Train Loss:        4.1701
    Contrastive:     6.7752
    Recon (all):     0.9300
    Recon (log):     0.1860
  Valid Loss:        5.8246
    Contrastive:     9.7765
    Recon (all):     0.9094
    Recon (log):     0.1819
  LR: 1.00e-04
Epoch: 60, Alpha: 0.55
  Train Loss:        4.1296
    Contrastive:     6.7637
    Recon (all):     0.9255
    Recon (log):     0.1851
  Valid Loss:        5.7742
    Contrastive:     9.7745
    Recon (all):     0.9084
    Recon (log):     0.1817
  LR: 1.00e-04
Epoch: 61, Alpha: 0.54
  Train Loss:        4.0895
    Contrastive:     6.7531
    Recon (all):     0.9202
    Recon (log):     0.1840
  Valid Loss:        5.7457
    Contrastive:     9.8138
    Recon (all):     0.9052
    Recon (log):     0.1810
  LR: 1.00e-04
Epoch: 62, Alpha: 0.54
  Train Loss:        4.0508
    Contrastive:     6.7435
    Recon (all):     0.9158
    Recon (log):     0.1832
  Valid Loss:        5.6990
    Contrastive:     9.8181
    Recon (all):     0.9034
    Recon (log):     0.1807
  LR: 1.00e-04
Epoch: 63, Alpha: 0.53
  Train Loss:        4.0112
    Contrastive:     6.7320
    Recon (all):     0.9111
    Recon (log):     0.1822
  Valid Loss:        5.6514
    Contrastive:     9.8195
    Recon (all):     0.9020
    Recon (log):     0.1804
  LR: 1.00e-04
Epoch: 64, Alpha: 0.53
  Train Loss:        3.9716
    Contrastive:     6.7195
    Recon (all):     0.9064
    Recon (log):     0.1813
  Valid Loss:        5.5916
    Contrastive:     9.7942
    Recon (all):     0.9037
    Recon (log):     0.1807
  LR: 1.00e-04
Epoch: 65, Alpha: 0.52
  Train Loss:        3.9356
    Contrastive:     6.7124
    Recon (all):     0.9026
    Recon (log):     0.1805
  Valid Loss:        5.5593
    Contrastive:     9.8277
    Recon (all):     0.8972
    Recon (log):     0.1794
  LR: 1.00e-04
Epoch: 66, Alpha: 0.52
  Train Loss:        3.8988
    Contrastive:     6.7038
    Recon (all):     0.8982
    Recon (log):     0.1796
  Valid Loss:        5.4854
    Contrastive:     9.7808
    Recon (all):     0.8904
    Recon (log):     0.1781
  LR: 1.00e-04
Epoch: 67, Alpha: 0.51
  Train Loss:        3.8610
    Contrastive:     6.6922
    Recon (all):     0.8940
    Recon (log):     0.1788
  Valid Loss:        5.4438
    Contrastive:     9.7833
    Recon (all):     0.8963
    Recon (log):     0.1793
  LR: 1.00e-04
Epoch: 68, Alpha: 0.51
  Train Loss:        3.8267
    Contrastive:     6.6860
    Recon (all):     0.8906
    Recon (log):     0.1781
  Valid Loss:        5.4062
    Contrastive:     9.7971
    Recon (all):     0.8975
    Recon (log):     0.1795
  LR: 1.00e-04
Epoch: 69, Alpha: 0.50
  Train Loss:        3.7904
    Contrastive:     6.6756
    Recon (all):     0.8869
    Recon (log):     0.1774
  Valid Loss:        5.3559
    Contrastive:     9.7880
    Recon (all):     0.8956
    Recon (log):     0.1791
  LR: 1.00e-04
Epoch: 70, Alpha: 0.50
  Train Loss:        3.7751
    Contrastive:     6.6678
    Recon (all):     0.8824
    Recon (log):     0.1765
  Valid Loss:        5.3355
    Contrastive:     9.7798
    Recon (all):     0.8913
    Recon (log):     0.1783
  LR: 1.00e-04
Epoch: 71, Alpha: 0.50
  Train Loss:        3.7700
    Contrastive:     6.6606
    Recon (all):     0.8794
    Recon (log):     0.1759
  Valid Loss:        5.3323
    Contrastive:     9.7702
    Recon (all):     0.8944
    Recon (log):     0.1789
  LR: 1.00e-04
Epoch: 72, Alpha: 0.50
  Train Loss:        3.7654
    Contrastive:     6.6542
    Recon (all):     0.8766
    Recon (log):     0.1753
  Valid Loss:        5.3447
    Contrastive:     9.8022
    Recon (all):     0.8872
    Recon (log):     0.1774
  LR: 1.00e-04
Epoch: 73, Alpha: 0.50
  Train Loss:        3.7587
    Contrastive:     6.6446
    Recon (all):     0.8729
    Recon (log):     0.1746
  Valid Loss:        5.3590
    Contrastive:     9.8282
    Recon (all):     0.8898
    Recon (log):     0.1780
  LR: 1.00e-04
Epoch: 74, Alpha: 0.50
  Train Loss:        3.7524
    Contrastive:     6.6349
    Recon (all):     0.8699
    Recon (log):     0.1740
  Valid Loss:        5.3546
    Contrastive:     9.8122
    Recon (all):     0.8969
    Recon (log):     0.1794
  LR: 1.00e-04
Epoch: 75, Alpha: 0.50
  Train Loss:        3.7476
    Contrastive:     6.6284
    Recon (all):     0.8668
    Recon (log):     0.1734
  Valid Loss:        5.3483
    Contrastive:     9.8143
    Recon (all):     0.8823
    Recon (log):     0.1765
  LR: 1.00e-04
Epoch: 76, Alpha: 0.50
  Train Loss:        3.7424
    Contrastive:     6.6214
    Recon (all):     0.8635
    Recon (log):     0.1727
  Valid Loss:        5.3407
    Contrastive:     9.7936
    Recon (all):     0.8878
    Recon (log):     0.1776
  LR: 1.00e-04
Epoch: 77, Alpha: 0.50
  Train Loss:        3.7387
    Contrastive:     6.6164
    Recon (all):     0.8610
    Recon (log):     0.1722
  Valid Loss:        5.3340
    Contrastive:     9.7831
    Recon (all):     0.8849
    Recon (log):     0.1770
  LR: 1.00e-04
Epoch: 78, Alpha: 0.50
  Train Loss:        3.7330
    Contrastive:     6.6078
    Recon (all):     0.8582
    Recon (log):     0.1716
  Valid Loss:        5.3484
    Contrastive:     9.8165
    Recon (all):     0.8802
    Recon (log):     0.1760
  LR: 1.00e-04
Epoch: 79, Alpha: 0.50
  Train Loss:        3.7295
    Contrastive:     6.6032
    Recon (all):     0.8558
    Recon (log):     0.1712
  Valid Loss:        5.3431
    Contrastive:     9.8023
    Recon (all):     0.8840
    Recon (log):     0.1768
  LR: 1.00e-04
Epoch: 80, Alpha: 0.50
  Train Loss:        3.7245
    Contrastive:     6.5964
    Recon (all):     0.8526
    Recon (log):     0.1705
  Valid Loss:        5.3651
    Contrastive:     9.8387
    Recon (all):     0.8915
    Recon (log):     0.1783
  LR: 1.00e-04
Epoch: 81, Alpha: 0.50
  Train Loss:        3.7196
    Contrastive:     6.5894
    Recon (all):     0.8498
    Recon (log):     0.1700
  Valid Loss:        5.3473
    Contrastive:     9.8131
    Recon (all):     0.8815
    Recon (log):     0.1763
  LR: 1.00e-04
Epoch: 82, Alpha: 0.50
  Train Loss:        3.7146
    Contrastive:     6.5817
    Recon (all):     0.8476
    Recon (log):     0.1695
  Valid Loss:        5.3521
    Contrastive:     9.8198
    Recon (all):     0.8843
    Recon (log):     0.1769
  LR: 1.00e-04
Epoch: 83, Alpha: 0.50
  Train Loss:        3.6916
    Contrastive:     6.5480
    Recon (all):     0.8352
    Recon (log):     0.1670
  Valid Loss:        5.3508
    Contrastive:     9.8232
    Recon (all):     0.8783
    Recon (log):     0.1757
  LR: 1.00e-05
Epoch: 84, Alpha: 0.50
  Train Loss:        3.6847
    Contrastive:     6.5360
    Recon (all):     0.8335
    Recon (log):     0.1667
  Valid Loss:        5.3495
    Contrastive:     9.8201
    Recon (all):     0.8789
    Recon (log):     0.1758
  LR: 1.00e-05
Epoch: 85, Alpha: 0.50
  Train Loss:        3.6833
    Contrastive:     6.5343
    Recon (all):     0.8323
    Recon (log):     0.1665
  Valid Loss:        5.3556
    Contrastive:     9.8304
    Recon (all):     0.8808
    Recon (log):     0.1762
  LR: 1.00e-05
Epoch: 86, Alpha: 0.50
  Train Loss:        3.6807
    Contrastive:     6.5299
    Recon (all):     0.8316
    Recon (log):     0.1663
  Valid Loss:        5.3541
    Contrastive:     9.8261
    Recon (all):     0.8822
    Recon (log):     0.1764
  LR: 1.00e-05
Epoch: 87, Alpha: 0.50
  Train Loss:        3.6799
    Contrastive:     6.5287
    Recon (all):     0.8312
    Recon (log):     0.1662
  Valid Loss:        5.3500
    Contrastive:     9.8176
    Recon (all):     0.8825
    Recon (log):     0.1765
  LR: 1.00e-05
Epoch: 88, Alpha: 0.50
  Train Loss:        3.6790
    Contrastive:     6.5276
    Recon (all):     0.8304
    Recon (log):     0.1661
  Valid Loss:        5.3533
    Contrastive:     9.8267
    Recon (all):     0.8800
    Recon (log):     0.1760
  LR: 1.00e-05
Epoch: 89, Alpha: 0.50
  Train Loss:        3.6768
    Contrastive:     6.5235
    Recon (all):     0.8300
    Recon (log):     0.1660
  Valid Loss:        5.3611
    Contrastive:     9.8383
    Recon (all):     0.8839
    Recon (log):     0.1768
  LR: 1.00e-05
Epoch: 90, Alpha: 0.50
  Train Loss:        3.6776
    Contrastive:     6.5259
    Recon (all):     0.8293
    Recon (log):     0.1659
  Valid Loss:        5.3658
    Contrastive:     9.8486
    Recon (all):     0.8830
    Recon (log):     0.1766
  LR: 1.00e-05
Epoch: 91, Alpha: 0.50
  Train Loss:        3.6760
    Contrastive:     6.5231
    Recon (all):     0.8288
    Recon (log):     0.1658
  Valid Loss:        5.3585
    Contrastive:     9.8302
    Recon (all):     0.8868
    Recon (log):     0.1774
  LR: 1.00e-05
Epoch: 92, Alpha: 0.50
  Train Loss:        3.6743
    Contrastive:     6.5203
    Recon (all):     0.8283
    Recon (log):     0.1657
  Valid Loss:        5.3672
    Contrastive:     9.8497
    Recon (all):     0.8848
    Recon (log):     0.1770
  LR: 1.00e-05
Epoch: 93, Alpha: 0.50
  Train Loss:        3.6743
    Contrastive:     6.5206
    Recon (all):     0.8281
    Recon (log):     0.1656
  Valid Loss:        5.3663
    Contrastive:     9.8441
    Recon (all):     0.8886
    Recon (log):     0.1777
  LR: 1.00e-05
Epoch: 94, Alpha: 0.50
  Train Loss:        3.6726
    Contrastive:     6.5184
    Recon (all):     0.8268
    Recon (log):     0.1654
  Valid Loss:        5.3606
    Contrastive:     9.8354
    Recon (all):     0.8859
    Recon (log):     0.1772
  LR: 1.00e-06
Epoch: 95, Alpha: 0.50
  Train Loss:        3.6722
    Contrastive:     6.5178
    Recon (all):     0.8266
    Recon (log):     0.1653
  Valid Loss:        5.3662
    Contrastive:     9.8495
    Recon (all):     0.8830
    Recon (log):     0.1766
  LR: 1.00e-06
Epoch: 96, Alpha: 0.50
  Train Loss:        3.6715
    Contrastive:     6.5163
    Recon (all):     0.8266
    Recon (log):     0.1653
  Valid Loss:        5.3722
    Contrastive:     9.8603
    Recon (all):     0.8841
    Recon (log):     0.1768
  LR: 1.00e-06
Epoch: 97, Alpha: 0.50
  Train Loss:        3.6708
    Contrastive:     6.5150
    Recon (all):     0.8267
    Recon (log):     0.1653
  Valid Loss:        5.3615
    Contrastive:     9.8362
    Recon (all):     0.8868
    Recon (log):     0.1774
  LR: 1.00e-06
Epoch: 98, Alpha: 0.50
  Train Loss:        3.6698
    Contrastive:     6.5132
    Recon (all):     0.8263
    Recon (log):     0.1653
  Valid Loss:        5.3709
    Contrastive:     9.8564
    Recon (all):     0.8854
    Recon (log):     0.1771
  LR: 1.00e-06
Epoch: 99, Alpha: 0.50
  Train Loss:        3.6700
    Contrastive:     6.5136
    Recon (all):     0.8263
    Recon (log):     0.1653
  Valid Loss:        5.3590
    Contrastive:     9.8333
    Recon (all):     0.8846
    Recon (log):     0.1769
  LR: 1.00e-06
Epoch: 100, Alpha: 0.50
  Train Loss:        3.6700
    Contrastive:     6.5140
    Recon (all):     0.8259
    Recon (log):     0.1652
  Valid Loss:        5.3586
    Contrastive:     9.8313
    Recon (all):     0.8858
    Recon (log):     0.1772
  LR: 1.00e-06
Epoch: 101, Alpha: 0.50
  Train Loss:        3.6701
    Contrastive:     6.5143
    Recon (all):     0.8259
    Recon (log):     0.1652
  Valid Loss:        5.3734
    Contrastive:     9.8615
    Recon (all):     0.8853
    Recon (log):     0.1771
  LR: 1.00e-06
Epoch: 102, Alpha: 0.50
  Train Loss:        3.6693
    Contrastive:     6.5127
    Recon (all):     0.8260
    Recon (log):     0.1652
  Valid Loss:        5.3603
    Contrastive:     9.8369
    Recon (all):     0.8837
    Recon (log):     0.1767
  LR: 1.00e-06
Epoch: 103, Alpha: 0.50
  Train Loss:        3.6699
    Contrastive:     6.5139
    Recon (all):     0.8258
    Recon (log):     0.1652
  Valid Loss:        5.3609
    Contrastive:     9.8348
    Recon (all):     0.8869
    Recon (log):     0.1774
  LR: 1.00e-06
Epoch: 104, Alpha: 0.50
  Train Loss:        3.6699
    Contrastive:     6.5136
    Recon (all):     0.8262
    Recon (log):     0.1652
  Valid Loss:        5.3750
    Contrastive:     9.8641
    Recon (all):     0.8860
    Recon (log):     0.1772
  LR: 1.00e-06
Epoch: 105, Alpha: 0.50
  Train Loss:        3.6691
    Contrastive:     6.5125
    Recon (all):     0.8258
    Recon (log):     0.1652
  Valid Loss:        5.3695
    Contrastive:     9.8534
    Recon (all):     0.8856
    Recon (log):     0.1771
  LR: 1.00e-07
Epoch: 106, Alpha: 0.50
  Train Loss:        3.6689
    Contrastive:     6.5120
    Recon (all):     0.8257
    Recon (log):     0.1651
  Valid Loss:        5.3590
    Contrastive:     9.8316
    Recon (all):     0.8864
    Recon (log):     0.1773
  LR: 1.00e-07
Epoch: 107, Alpha: 0.50
  Train Loss:        3.6684
    Contrastive:     6.5114
    Recon (all):     0.8255
    Recon (log):     0.1651
  Valid Loss:        5.3722
    Contrastive:     9.8587
    Recon (all):     0.8856
    Recon (log):     0.1771
  LR: 1.00e-07
Epoch: 108, Alpha: 0.50
  Train Loss:        3.6691
    Contrastive:     6.5125
    Recon (all):     0.8257
    Recon (log):     0.1651
  Valid Loss:        5.3704
    Contrastive:     9.8561
    Recon (all):     0.8847
    Recon (log):     0.1769
  LR: 1.00e-07
Epoch: 109, Alpha: 0.50
  Train Loss:        3.6690
    Contrastive:     6.5121
    Recon (all):     0.8259
    Recon (log):     0.1652
  Valid Loss:        5.3637
    Contrastive:     9.8423
    Recon (all):     0.8850
    Recon (log):     0.1770
  LR: 1.00e-07
Epoch: 110, Alpha: 0.50
  Train Loss:        3.6685
    Contrastive:     6.5115
    Recon (all):     0.8256
    Recon (log):     0.1651
  Valid Loss:        5.3734
    Contrastive:     9.8612
    Recon (all):     0.8857
    Recon (log):     0.1771
  LR: 1.00e-07
Epoch: 111, Alpha: 0.50
  Train Loss:        3.6699
    Contrastive:     6.5143
    Recon (all):     0.8256
    Recon (log):     0.1651
  Valid Loss:        5.3623
    Contrastive:     9.8377
    Recon (all):     0.8868
    Recon (log):     0.1774
  LR: 1.00e-07
Epoch: 112, Alpha: 0.50
  Train Loss:        3.6686
    Contrastive:     6.5116
    Recon (all):     0.8255
    Recon (log):     0.1651
  Valid Loss:        5.3617
    Contrastive:     9.8380
    Recon (all):     0.8854
    Recon (log):     0.1771
  LR: 1.00e-07
Epoch: 113, Alpha: 0.50
  Train Loss:        3.6695
    Contrastive:     6.5132
    Recon (all):     0.8257
    Recon (log):     0.1651
  Valid Loss:        5.3672
    Contrastive:     9.8479
    Recon (all):     0.8866
    Recon (log):     0.1773
  LR: 1.00e-07
Epoch: 114, Alpha: 0.50
  Train Loss:        3.6690
    Contrastive:     6.5128
    Recon (all):     0.8253
    Recon (log):     0.1651
  Valid Loss:        5.3628
    Contrastive:     9.8390
    Recon (all):     0.8866
    Recon (log):     0.1773
  LR: 1.00e-07
Epoch: 115, Alpha: 0.50
  Train Loss:        3.6696
    Contrastive:     6.5135
    Recon (all):     0.8257
    Recon (log):     0.1651
  Valid Loss:        5.3650
    Contrastive:     9.8451
    Recon (all):     0.8848
    Recon (log):     0.1770
  LR: 1.00e-07
Epoch: 116, Alpha: 0.50
  Train Loss:        3.6695
    Contrastive:     6.5134
    Recon (all):     0.8257
    Recon (log):     0.1651
  Valid Loss:        5.3711
    Contrastive:     9.8553
    Recon (all):     0.8868
    Recon (log):     0.1774
  LR: 1.00e-08
Epoch: 117, Alpha: 0.50
  Train Loss:        3.6694
    Contrastive:     6.5132
    Recon (all):     0.8255
    Recon (log):     0.1651
  Valid Loss:        5.3690
    Contrastive:     9.8522
    Recon (all):     0.8857
    Recon (log):     0.1771
  LR: 1.00e-08
Epoch: 118, Alpha: 0.50
  Train Loss:        3.6687
    Contrastive:     6.5120
    Recon (all):     0.8254
    Recon (log):     0.1651
  Valid Loss:        5.3684
    Contrastive:     9.8508
    Recon (all):     0.8860
    Recon (log):     0.1772
  LR: 1.00e-08
Epoch: 119, Alpha: 0.50
  Train Loss:        3.6693
    Contrastive:     6.5129
    Recon (all):     0.8257
    Recon (log):     0.1651
  Valid Loss:        5.3686
    Contrastive:     9.8528
    Recon (all):     0.8845
    Recon (log):     0.1769
  LR: 1.00e-08
Epoch: 120, Alpha: 0.50
  Train Loss:        3.6684
    Contrastive:     6.5112
    Recon (all):     0.8257
    Recon (log):     0.1651
  Valid Loss:        5.3757
    Contrastive:     9.8637
    Recon (all):     0.8876
    Recon (log):     0.1775
  LR: 1.00e-08
Epoch: 121, Alpha: 0.50
  Train Loss:        3.6686
    Contrastive:     6.5112
    Recon (all):     0.8261
    Recon (log):     0.1652
  Valid Loss:        5.3688
    Contrastive:     9.8514
    Recon (all):     0.8862
    Recon (log):     0.1772
  LR: 1.00e-08
Epoch: 122, Alpha: 0.50
  Train Loss:        3.6694
    Contrastive:     6.5135
    Recon (all):     0.8253
    Recon (log):     0.1651
  Valid Loss:        5.3748
    Contrastive:     9.8626
    Recon (all):     0.8869
    Recon (log):     0.1774
  LR: 1.00e-08
Epoch: 123, Alpha: 0.50
  Train Loss:        3.6686
    Contrastive:     6.5120
    Recon (all):     0.8253
    Recon (log):     0.1651
  Valid Loss:        5.3676
    Contrastive:     9.8493
    Recon (all):     0.8860
    Recon (log):     0.1772
  LR: 1.00e-08
Epoch: 124, Alpha: 0.50
  Train Loss:        3.6691
    Contrastive:     6.5121
    Recon (all):     0.8261
    Recon (log):     0.1652
  Valid Loss:        5.3660
    Contrastive:     9.8463
    Recon (all):     0.8857
    Recon (log):     0.1771
  LR: 1.00e-08
Epoch: 125, Alpha: 0.50
  Train Loss:        3.6698
    Contrastive:     6.5140
    Recon (all):     0.8257
    Recon (log):     0.1651
  Valid Loss:        5.3540
    Contrastive:     9.8222
    Recon (all):     0.8859
    Recon (log):     0.1772
  LR: 1.00e-08
Epoch: 126, Alpha: 0.50
  Train Loss:        3.6692
    Contrastive:     6.5133
    Recon (all):     0.8251
    Recon (log):     0.1650
  Valid Loss:        5.3683
    Contrastive:     9.8503
    Recon (all):     0.8863
    Recon (log):     0.1773
  LR: 1.00e-08
Epoch: 127, Alpha: 0.50
  Train Loss:        3.6696
    Contrastive:     6.5134
    Recon (all):     0.8257
    Recon (log):     0.1651
  Valid Loss:        5.3705
    Contrastive:     9.8547
    Recon (all):     0.8863
    Recon (log):     0.1773
  LR: 1.00e-08
Epoch: 128, Alpha: 0.50
  Train Loss:        3.6709
    Contrastive:     6.5164
    Recon (all):     0.8255
    Recon (log):     0.1651
  Valid Loss:        5.3589
    Contrastive:     9.8321
    Recon (all):     0.8856
    Recon (log):     0.1771
  LR: 1.00e-08
Epoch: 129, Alpha: 0.50
  Train Loss:        3.6693
    Contrastive:     6.5134
    Recon (all):     0.8252
    Recon (log):     0.1650
  Valid Loss:        5.3718
    Contrastive:     9.8587
    Recon (all):     0.8850
    Recon (log):     0.1770
  LR: 1.00e-08
Epoch: 130, Alpha: 0.50
  Train Loss:        3.6687
    Contrastive:     6.5117
    Recon (all):     0.8256
    Recon (log):     0.1651
  Valid Loss:        5.3653
    Contrastive:     9.8444
    Recon (all):     0.8862
    Recon (log):     0.1772
  LR: 1.00e-08
Epoch: 131, Alpha: 0.50
  Train Loss:        3.6694
    Contrastive:     6.5131
    Recon (all):     0.8257
    Recon (log):     0.1651
  Valid Loss:        5.3692
    Contrastive:     9.8532
    Recon (all):     0.8852
    Recon (log):     0.1770
  LR: 1.00e-08
Epoch: 132, Alpha: 0.50
  Train Loss:        3.6699
    Contrastive:     6.5139
    Recon (all):     0.8259
    Recon (log):     0.1652
  Valid Loss:        5.3761
    Contrastive:     9.8656
    Recon (all):     0.8867
    Recon (log):     0.1773
  LR: 1.00e-08
Epoch: 133, Alpha: 0.50
  Train Loss:        3.6683
    Contrastive:     6.5107
    Recon (all):     0.8258
    Recon (log):     0.1652
  Valid Loss:        5.3798
    Contrastive:     9.8726
    Recon (all):     0.8869
    Recon (log):     0.1774
  LR: 1.00e-08
Epoch: 134, Alpha: 0.50
  Train Loss:        3.6685
    Contrastive:     6.5116
    Recon (all):     0.8253
    Recon (log):     0.1651
  Valid Loss:        5.3687
    Contrastive:     9.8522
    Recon (all):     0.8852
    Recon (log):     0.1770
  LR: 1.00e-08
Epoch: 135, Alpha: 0.50
  Train Loss:        3.6688
    Contrastive:     6.5118
    Recon (all):     0.8258
    Recon (log):     0.1652
  Valid Loss:        5.3768
    Contrastive:     9.8666
    Recon (all):     0.8870
    Recon (log):     0.1774
  LR: 1.00e-08
Epoch: 136, Alpha: 0.50
  Train Loss:        3.6685
    Contrastive:     6.5111
    Recon (all):     0.8258
    Recon (log):     0.1652
  Valid Loss:        5.3630
    Contrastive:     9.8418
    Recon (all):     0.8843
    Recon (log):     0.1769
  LR: 1.00e-08
Epoch: 137, Alpha: 0.50
  Train Loss:        3.6693
    Contrastive:     6.5132
    Recon (all):     0.8254
    Recon (log):     0.1651
  Valid Loss:        5.3612
    Contrastive:     9.8372
    Recon (all):     0.8852
    Recon (log):     0.1770
  LR: 1.00e-08
Epoch: 138, Alpha: 0.50
  Train Loss:        3.6697
    Contrastive:     6.5136
    Recon (all):     0.8258
    Recon (log):     0.1652
  Valid Loss:        5.3627
    Contrastive:     9.8387
    Recon (all):     0.8867
    Recon (log):     0.1773
  LR: 1.00e-08
Epoch: 139, Alpha: 0.50
  Train Loss:        3.6701
    Contrastive:     6.5146
    Recon (all):     0.8256
    Recon (log):     0.1651
  Valid Loss:        5.3653
    Contrastive:     9.8463
    Recon (all):     0.8842
    Recon (log):     0.1768
  LR: 1.00e-08
Epoch: 140, Alpha: 0.50
  Train Loss:        3.6689
    Contrastive:     6.5126
    Recon (all):     0.8252
    Recon (log):     0.1650
  Valid Loss:        5.3652
    Contrastive:     9.8446
    Recon (all):     0.8858
    Recon (log):     0.1772
  LR: 1.00e-08
Epoch: 141, Alpha: 0.50
  Train Loss:        3.6690
    Contrastive:     6.5126
    Recon (all):     0.8254
    Recon (log):     0.1651
  Valid Loss:        5.3714
    Contrastive:     9.8573
    Recon (all):     0.8854
    Recon (log):     0.1771
  LR: 1.00e-08
Epoch: 142, Alpha: 0.50
  Train Loss:        3.6701
    Contrastive:     6.5143
    Recon (all):     0.8258
    Recon (log):     0.1652
  Valid Loss:        5.3682
    Contrastive:     9.8516
    Recon (all):     0.8848
    Recon (log):     0.1770
  LR: 1.00e-08
Epoch: 143, Alpha: 0.50
  Train Loss:        3.6694
    Contrastive:     6.5131
    Recon (all):     0.8256
    Recon (log):     0.1651
  Valid Loss:        5.3624
    Contrastive:     9.8388
    Recon (all):     0.8861
    Recon (log):     0.1772
  LR: 1.00e-08
Epoch: 144, Alpha: 0.50
  Train Loss:        3.6694
    Contrastive:     6.5129
    Recon (all):     0.8259
    Recon (log):     0.1652
  Valid Loss:        5.3685
    Contrastive:     9.8506
    Recon (all):     0.8864
    Recon (log):     0.1773
  LR: 1.00e-08
Epoch: 145, Alpha: 0.50
  Train Loss:        3.6685
    Contrastive:     6.5116
    Recon (all):     0.8254
    Recon (log):     0.1651
  Valid Loss:        5.3645
    Contrastive:     9.8438
    Recon (all):     0.8852
    Recon (log):     0.1770
  LR: 1.00e-08
Epoch: 146, Alpha: 0.50
  Train Loss:        3.6698
    Contrastive:     6.5138
    Recon (all):     0.8258
    Recon (log):     0.1652
  Valid Loss:        5.3619
    Contrastive:     9.8387
    Recon (all):     0.8850
    Recon (log):     0.1770
  LR: 1.00e-08
Epoch: 147, Alpha: 0.50
  Train Loss:        3.6690
    Contrastive:     6.5125
    Recon (all):     0.8256
    Recon (log):     0.1651
  Valid Loss:        5.3697
    Contrastive:     9.8535
    Recon (all):     0.8860
    Recon (log):     0.1772
  LR: 1.00e-08
Epoch: 148, Alpha: 0.50
  Train Loss:        3.6686
    Contrastive:     6.5116
    Recon (all):     0.8256
    Recon (log):     0.1651
  Valid Loss:        5.3711
    Contrastive:     9.8581
    Recon (all):     0.8841
    Recon (log):     0.1768
  LR: 1.00e-08
Epoch: 149, Alpha: 0.50
  Train Loss:        3.6694
    Contrastive:     6.5131
    Recon (all):     0.8257
    Recon (log):     0.1651
  Valid Loss:        5.3663
    Contrastive:     9.8466
    Recon (all):     0.8860
    Recon (log):     0.1772
  LR: 1.00e-08
Epoch: 150, Alpha: 0.50
  Train Loss:        3.6699
    Contrastive:     6.5140
    Recon (all):     0.8257
    Recon (log):     0.1651
  Valid Loss:        5.3651
    Contrastive:     9.8437
    Recon (all):     0.8865
    Recon (log):     0.1773
  LR: 1.00e-08
Epoch: 151, Alpha: 0.50
  Train Loss:        3.6689
    Contrastive:     6.5124
    Recon (all):     0.8254
    Recon (log):     0.1651
  Valid Loss:        5.3791
    Contrastive:     9.8715
    Recon (all):     0.8867
    Recon (log):     0.1773
  LR: 1.00e-08
Epoch: 152, Alpha: 0.50
  Train Loss:        3.6693
    Contrastive:     6.5130
    Recon (all):     0.8256
    Recon (log):     0.1651
  Valid Loss:        5.3599
    Contrastive:     9.8344
    Recon (all):     0.8854
    Recon (log):     0.1771
  LR: 1.00e-08
Epoch: 153, Alpha: 0.50
  Train Loss:        3.6689
    Contrastive:     6.5122
    Recon (all):     0.8256
    Recon (log):     0.1651
  Valid Loss:        5.3709
    Contrastive:     9.8559
    Recon (all):     0.8858
    Recon (log):     0.1772
  LR: 1.00e-08
Epoch: 154, Alpha: 0.50
  Train Loss:        3.6694
    Contrastive:     6.5132
    Recon (all):     0.8256
    Recon (log):     0.1651
  Valid Loss:        5.3746
    Contrastive:     9.8620
    Recon (all):     0.8872
    Recon (log):     0.1774
  LR: 1.00e-08
Epoch: 155, Alpha: 0.50
  Train Loss:        3.6695
    Contrastive:     6.5138
    Recon (all):     0.8252
    Recon (log):     0.1650
  Valid Loss:        5.3684
    Contrastive:     9.8506
    Recon (all):     0.8862
    Recon (log):     0.1772
  LR: 1.00e-08
Epoch: 156, Alpha: 0.50
  Train Loss:        3.6687
    Contrastive:     6.5114
    Recon (all):     0.8259
    Recon (log):     0.1652
  Valid Loss:        5.3756
    Contrastive:     9.8644
    Recon (all):     0.8867
    Recon (log):     0.1773
  LR: 1.00e-08
Epoch: 157, Alpha: 0.50
  Train Loss:        3.6690
    Contrastive:     6.5124
    Recon (all):     0.8255
    Recon (log):     0.1651
  Valid Loss:        5.3660
    Contrastive:     9.8449
    Recon (all):     0.8870
    Recon (log):     0.1774
  LR: 1.00e-08
Epoch: 158, Alpha: 0.50
  Train Loss:        3.6679
    Contrastive:     6.5101
    Recon (all):     0.8257
    Recon (log):     0.1651
  Valid Loss:        5.3643
    Contrastive:     9.8429
    Recon (all):     0.8857
    Recon (log):     0.1771
  LR: 1.00e-08
Epoch: 159, Alpha: 0.50
  Train Loss:        3.6689
    Contrastive:     6.5123
    Recon (all):     0.8255
    Recon (log):     0.1651
  Valid Loss:        5.3620
    Contrastive:     9.8387
    Recon (all):     0.8852
    Recon (log):     0.1770
  LR: 1.00e-08
Epoch: 160, Alpha: 0.50
  Train Loss:        3.6681
    Contrastive:     6.5107
    Recon (all):     0.8255
    Recon (log):     0.1651
  Valid Loss:        5.3666
    Contrastive:     9.8462
    Recon (all):     0.8870
    Recon (log):     0.1774
  LR: 1.00e-08
Epoch: 161, Alpha: 0.50
  Train Loss:        3.6688
    Contrastive:     6.5122
    Recon (all):     0.8254
    Recon (log):     0.1651
  Valid Loss:        5.3672
    Contrastive:     9.8476
    Recon (all):     0.8867
    Recon (log):     0.1773
  LR: 1.00e-08
Epoch: 162, Alpha: 0.50
  Train Loss:        3.6688
    Contrastive:     6.5120
    Recon (all):     0.8255
    Recon (log):     0.1651
  Valid Loss:        5.3713
    Contrastive:     9.8576
    Recon (all):     0.8850
    Recon (log):     0.1770
  LR: 1.00e-08
Epoch: 163, Alpha: 0.50
  Train Loss:        3.6696
    Contrastive:     6.5132
    Recon (all):     0.8260
    Recon (log):     0.1652
  Valid Loss:        5.3625
    Contrastive:     9.8401
    Recon (all):     0.8850
    Recon (log):     0.1770
  LR: 1.00e-08
Epoch: 164, Alpha: 0.50
  Train Loss:        3.6693
    Contrastive:     6.5129
    Recon (all):     0.8256
    Recon (log):     0.1651
  Valid Loss:        5.3685
    Contrastive:     9.8514
    Recon (all):     0.8856
    Recon (log):     0.1771
  LR: 1.00e-08
Epoch: 165, Alpha: 0.50
  Train Loss:        3.6697
    Contrastive:     6.5136
    Recon (all):     0.8259
    Recon (log):     0.1652
  Valid Loss:        5.3642
    Contrastive:     9.8424
    Recon (all):     0.8861
    Recon (log):     0.1772
  LR: 1.00e-08
Epoch: 166, Alpha: 0.50
  Train Loss:        3.6690
    Contrastive:     6.5124
    Recon (all):     0.8256
    Recon (log):     0.1651
  Valid Loss:        5.3639
    Contrastive:     9.8442
    Recon (all):     0.8836
    Recon (log):     0.1767
  LR: 1.00e-08
Epoch: 167, Alpha: 0.50
  Train Loss:        3.6690
    Contrastive:     6.5124
    Recon (all):     0.8255
    Recon (log):     0.1651
  Valid Loss:        5.3672
    Contrastive:     9.8486
    Recon (all):     0.8857
    Recon (log):     0.1771
  LR: 1.00e-08
Epoch: 168, Alpha: 0.50
  Train Loss:        3.6697
    Contrastive:     6.5135
    Recon (all):     0.8259
    Recon (log):     0.1652
  Valid Loss:        5.3525
    Contrastive:     9.8187
    Recon (all):     0.8863
    Recon (log):     0.1773
  LR: 1.00e-08
Epoch: 169, Alpha: 0.50
  Train Loss:        3.6682
    Contrastive:     6.5107
    Recon (all):     0.8257
    Recon (log):     0.1651
  Valid Loss:        5.3692
    Contrastive:     9.8535
    Recon (all):     0.8849
    Recon (log):     0.1770
  LR: 1.00e-08
Epoch: 170, Alpha: 0.50
  Train Loss:        3.6685
    Contrastive:     6.5114
    Recon (all):     0.8255
    Recon (log):     0.1651
  Valid Loss:        5.3788
    Contrastive:     9.8736
    Recon (all):     0.8839
    Recon (log):     0.1768
  LR: 1.00e-08
Epoch: 171, Alpha: 0.50
  Train Loss:        3.6690
    Contrastive:     6.5125
    Recon (all):     0.8256
    Recon (log):     0.1651
  Valid Loss:        5.3663
    Contrastive:     9.8465
    Recon (all):     0.8862
    Recon (log):     0.1772
  LR: 1.00e-08
Epoch: 172, Alpha: 0.50
  Train Loss:        3.6687
    Contrastive:     6.5116
    Recon (all):     0.8258
    Recon (log):     0.1652
  Valid Loss:        5.3742
    Contrastive:     9.8631
    Recon (all):     0.8852
    Recon (log):     0.1770
  LR: 1.00e-08
Epoch: 173, Alpha: 0.50
  Train Loss:        3.6695
    Contrastive:     6.5131
    Recon (all):     0.8259
    Recon (log):     0.1652
  Valid Loss:        5.3676
    Contrastive:     9.8496
    Recon (all):     0.8857
    Recon (log):     0.1771
  LR: 1.00e-08
Epoch: 174, Alpha: 0.50
  Train Loss:        3.6678
    Contrastive:     6.5101
    Recon (all):     0.8255
    Recon (log):     0.1651
  Valid Loss:        5.3705
    Contrastive:     9.8552
    Recon (all):     0.8858
    Recon (log):     0.1772
  LR: 1.00e-08
Epoch: 175, Alpha: 0.50
  Train Loss:        3.6695
    Contrastive:     6.5136
    Recon (all):     0.8254
    Recon (log):     0.1651
  Valid Loss:        5.3690
    Contrastive:     9.8529
    Recon (all):     0.8852
    Recon (log):     0.1770
  LR: 1.00e-08
Epoch: 176, Alpha: 0.50
  Train Loss:        3.6694
    Contrastive:     6.5133
    Recon (all):     0.8255
    Recon (log):     0.1651
  Valid Loss:        5.3668
    Contrastive:     9.8480
    Recon (all):     0.8856
    Recon (log):     0.1771
  LR: 1.00e-08
Epoch: 177, Alpha: 0.50
  Train Loss:        3.6692
    Contrastive:     6.5131
    Recon (all):     0.8252
    Recon (log):     0.1650
  Valid Loss:        5.3676
    Contrastive:     9.8498
    Recon (all):     0.8854
    Recon (log):     0.1771
  LR: 1.00e-08
Epoch: 178, Alpha: 0.50
  Train Loss:        3.6697
    Contrastive:     6.5139
    Recon (all):     0.8255
    Recon (log):     0.1651
  Valid Loss:        5.3611
    Contrastive:     9.8361
    Recon (all):     0.8861
    Recon (log):     0.1772
  LR: 1.00e-08
Epoch: 179, Alpha: 0.50
  Train Loss:        3.6699
    Contrastive:     6.5142
    Recon (all):     0.8255
    Recon (log):     0.1651
  Valid Loss:        5.3697
    Contrastive:     9.8529
    Recon (all):     0.8866
    Recon (log):     0.1773
  LR: 1.00e-08
Epoch: 180, Alpha: 0.50
  Train Loss:        3.6681
    Contrastive:     6.5106
    Recon (all):     0.8256
    Recon (log):     0.1651
  Valid Loss:        5.3760
    Contrastive:     9.8654
    Recon (all):     0.8867
    Recon (log):     0.1773
  LR: 1.00e-08
Epoch: 181, Alpha: 0.50
  Train Loss:        3.6688
    Contrastive:     6.5120
    Recon (all):     0.8255
    Recon (log):     0.1651
  Valid Loss:        5.3681
    Contrastive:     9.8504
    Recon (all):     0.8858
    Recon (log):     0.1772
  LR: 1.00e-08
Epoch: 182, Alpha: 0.50
  Train Loss:        3.6691
    Contrastive:     6.5125
    Recon (all):     0.8257
    Recon (log):     0.1651
  Valid Loss:        5.3775
    Contrastive:     9.8680
    Recon (all):     0.8870
    Recon (log):     0.1774
  LR: 1.00e-08
Epoch: 183, Alpha: 0.50
  Train Loss:        3.6694
    Contrastive:     6.5133
    Recon (all):     0.8255
    Recon (log):     0.1651
  Valid Loss:        5.3710
    Contrastive:     9.8567
    Recon (all):     0.8853
    Recon (log):     0.1771
  LR: 1.00e-08
Epoch: 184, Alpha: 0.50
  Train Loss:        3.6692
    Contrastive:     6.5129
    Recon (all):     0.8255
    Recon (log):     0.1651
  Valid Loss:        5.3533
    Contrastive:     9.8218
    Recon (all):     0.8847
    Recon (log):     0.1769
  LR: 1.00e-08
Epoch: 185, Alpha: 0.50
  Train Loss:        3.6689
    Contrastive:     6.5121
    Recon (all):     0.8258
    Recon (log):     0.1652
  Valid Loss:        5.3762
    Contrastive:     9.8663
    Recon (all):     0.8860
    Recon (log):     0.1772
  LR: 1.00e-08
Epoch: 186, Alpha: 0.50
  Train Loss:        3.6687
    Contrastive:     6.5119
    Recon (all):     0.8254
    Recon (log):     0.1651
  Valid Loss:        5.3669
    Contrastive:     9.8473
    Recon (all):     0.8865
    Recon (log):     0.1773
  LR: 1.00e-08
Epoch: 187, Alpha: 0.50
  Train Loss:        3.6680
    Contrastive:     6.5105
    Recon (all):     0.8255
    Recon (log):     0.1651
  Valid Loss:        5.3592
    Contrastive:     9.8319
    Recon (all):     0.8865
    Recon (log):     0.1773
  LR: 1.00e-08
Epoch: 188, Alpha: 0.50
  Train Loss:        3.6696
    Contrastive:     6.5139
    Recon (all):     0.8253
    Recon (log):     0.1651
  Valid Loss:        5.3738
    Contrastive:     9.8624
    Recon (all):     0.8852
    Recon (log):     0.1770
  LR: 1.00e-08
Epoch: 189, Alpha: 0.50
  Train Loss:        3.6683
    Contrastive:     6.5114
    Recon (all):     0.8252
    Recon (log):     0.1650
  Valid Loss:        5.3689
    Contrastive:     9.8511
    Recon (all):     0.8867
    Recon (log):     0.1773
  LR: 1.00e-08
Epoch: 190, Alpha: 0.50
  Train Loss:        3.6689
    Contrastive:     6.5121
    Recon (all):     0.8257
    Recon (log):     0.1651
  Valid Loss:        5.3733
    Contrastive:     9.8601
    Recon (all):     0.8865
    Recon (log):     0.1773
  LR: 1.00e-08
Epoch: 191, Alpha: 0.50
  Train Loss:        3.6679
    Contrastive:     6.5103
    Recon (all):     0.8254
    Recon (log):     0.1651
  Valid Loss:        5.3782
    Contrastive:     9.8705
    Recon (all):     0.8860
    Recon (log):     0.1772
  LR: 1.00e-08
Epoch: 192, Alpha: 0.50
  Train Loss:        3.6686
    Contrastive:     6.5118
    Recon (all):     0.8253
    Recon (log):     0.1651
  Valid Loss:        5.3671
    Contrastive:     9.8495
    Recon (all):     0.8846
    Recon (log):     0.1769
  LR: 1.00e-08
Epoch: 193, Alpha: 0.50
  Train Loss:        3.6704
    Contrastive:     6.5149
    Recon (all):     0.8258
    Recon (log):     0.1652
  Valid Loss:        5.3756
    Contrastive:     9.8644
    Recon (all):     0.8869
    Recon (log):     0.1774
  LR: 1.00e-08
Epoch: 194, Alpha: 0.50
  Train Loss:        3.6695
    Contrastive:     6.5135
    Recon (all):     0.8256
    Recon (log):     0.1651
  Valid Loss:        5.3792
    Contrastive:     9.8724
    Recon (all):     0.8860
    Recon (log):     0.1772
  LR: 1.00e-08
Epoch: 195, Alpha: 0.50
  Train Loss:        3.6693
    Contrastive:     6.5131
    Recon (all):     0.8256
    Recon (log):     0.1651
  Valid Loss:        5.3779
    Contrastive:     9.8693
    Recon (all):     0.8864
    Recon (log):     0.1773
  LR: 1.00e-08
Epoch: 196, Alpha: 0.50
  Train Loss:        3.6690
    Contrastive:     6.5122
    Recon (all):     0.8257
    Recon (log):     0.1651
  Valid Loss:        5.3683
    Contrastive:     9.8512
    Recon (all):     0.8854
    Recon (log):     0.1771
  LR: 1.00e-08
Epoch: 197, Alpha: 0.50
  Train Loss:        3.6686
    Contrastive:     6.5118
    Recon (all):     0.8255
    Recon (log):     0.1651
  Valid Loss:        5.3681
    Contrastive:     9.8490
    Recon (all):     0.8872
    Recon (log):     0.1774
  LR: 1.00e-08
Epoch: 198, Alpha: 0.50
  Train Loss:        3.6688
    Contrastive:     6.5121
    Recon (all):     0.8255
    Recon (log):     0.1651
  Valid Loss:        5.3640
    Contrastive:     9.8426
    Recon (all):     0.8854
    Recon (log):     0.1771
  LR: 1.00e-08
Epoch: 199, Alpha: 0.50
  Train Loss:        3.6688
    Contrastive:     6.5118
    Recon (all):     0.8259
    Recon (log):     0.1652
  Valid Loss:        5.3743
    Contrastive:     9.8617
    Recon (all):     0.8870
    Recon (log):     0.1774
  LR: 1.00e-08
Epoch: 200, Alpha: 0.50
  Train Loss:        3.6680
    Contrastive:     6.5102
    Recon (all):     0.8257
    Recon (log):     0.1651
  Valid Loss:        5.3734
    Contrastive:     9.8614
    Recon (all):     0.8854
    Recon (log):     0.1771
  LR: 1.00e-08
Epoch: 201, Alpha: 0.50
  Train Loss:        3.6691
    Contrastive:     6.5126
    Recon (all):     0.8256
    Recon (log):     0.1651
  Valid Loss:        5.3701
    Contrastive:     9.8530
    Recon (all):     0.8872
    Recon (log):     0.1774
  LR: 1.00e-08
Epoch: 202, Alpha: 0.50
  Train Loss:        3.6687
    Contrastive:     6.5118
    Recon (all):     0.8255
    Recon (log):     0.1651
  Valid Loss:        5.3602
    Contrastive:     9.8344
    Recon (all):     0.8860
    Recon (log):     0.1772
  LR: 1.00e-08
Epoch: 203, Alpha: 0.50
  Train Loss:        3.6687
    Contrastive:     6.5117
    Recon (all):     0.8258
    Recon (log):     0.1652
  Valid Loss:        5.3651
    Contrastive:     9.8429
    Recon (all):     0.8872
    Recon (log):     0.1774
  LR: 1.00e-08
Epoch: 204, Alpha: 0.50
  Train Loss:        3.6680
    Contrastive:     6.5105
    Recon (all):     0.8254
    Recon (log):     0.1651
  Valid Loss:        5.3713
    Contrastive:     9.8558
    Recon (all):     0.8868
    Recon (log):     0.1774
  LR: 1.00e-08
Epoch: 205, Alpha: 0.50
  Train Loss:        3.6689
    Contrastive:     6.5120
    Recon (all):     0.8257
    Recon (log):     0.1651
  Valid Loss:        5.3765
    Contrastive:     9.8664
    Recon (all):     0.8866
    Recon (log):     0.1773
  LR: 1.00e-08
Epoch: 206, Alpha: 0.50
  Train Loss:        3.6676
    Contrastive:     6.5096
    Recon (all):     0.8255
    Recon (log):     0.1651
  Valid Loss:        5.3570
    Contrastive:     9.8277
    Recon (all):     0.8862
    Recon (log):     0.1772
  LR: 1.00e-08
Epoch: 207, Alpha: 0.50
  Train Loss:        3.6692
    Contrastive:     6.5127
    Recon (all):     0.8257
    Recon (log):     0.1651
  Valid Loss:        5.3786
    Contrastive:     9.8702
    Recon (all):     0.8869
    Recon (log):     0.1774
  LR: 1.00e-08
Epoch: 208, Alpha: 0.50
  Train Loss:        3.6701
    Contrastive:     6.5149
    Recon (all):     0.8253
    Recon (log):     0.1651
  Valid Loss:        5.3761
    Contrastive:     9.8665
    Recon (all):     0.8857
    Recon (log):     0.1771
  LR: 1.00e-08
Epoch: 209, Alpha: 0.50
  Train Loss:        3.6692
    Contrastive:     6.5131
    Recon (all):     0.8254
    Recon (log):     0.1651
  Valid Loss:        5.3711
    Contrastive:     9.8557
    Recon (all):     0.8864
    Recon (log):     0.1773
  LR: 1.00e-08
Epoch: 210, Alpha: 0.50
  Train Loss:        3.6689
    Contrastive:     6.5120
    Recon (all):     0.8257
    Recon (log):     0.1651
  Valid Loss:        5.3744
    Contrastive:     9.8625
    Recon (all):     0.8863
    Recon (log):     0.1773
  LR: 1.00e-08
Epoch: 211, Alpha: 0.50
  Train Loss:        3.6698
    Contrastive:     6.5137
    Recon (all):     0.8259
    Recon (log):     0.1652
  Valid Loss:        5.3731
    Contrastive:     9.8593
    Recon (all):     0.8869
    Recon (log):     0.1774
  LR: 1.00e-08
Epoch: 212, Alpha: 0.50
  Train Loss:        3.6688
    Contrastive:     6.5123
    Recon (all):     0.8254
    Recon (log):     0.1651
  Valid Loss:        5.3608
    Contrastive:     9.8361
    Recon (all):     0.8856
    Recon (log):     0.1771
  LR: 1.00e-08
Epoch: 213, Alpha: 0.50
  Train Loss:        3.6691
    Contrastive:     6.5125
    Recon (all):     0.8258
    Recon (log):     0.1652
  Valid Loss:        5.3734
    Contrastive:     9.8611
    Recon (all):     0.8856
    Recon (log):     0.1771
  LR: 1.00e-08
Epoch: 214, Alpha: 0.50
  Train Loss:        3.6693
    Contrastive:     6.5125
    Recon (all):     0.8261
    Recon (log):     0.1652
  Valid Loss:        5.3685
    Contrastive:     9.8501
    Recon (all):     0.8870
    Recon (log):     0.1774
  LR: 1.00e-08
Epoch: 215, Alpha: 0.50
  Train Loss:        3.6696
    Contrastive:     6.5133
    Recon (all):     0.8259
    Recon (log):     0.1652
  Valid Loss:        5.3594
    Contrastive:     9.8341
    Recon (all):     0.8848
    Recon (log):     0.1770
  LR: 1.00e-08
Epoch: 216, Alpha: 0.50
  Train Loss:        3.6696
    Contrastive:     6.5137
    Recon (all):     0.8256
    Recon (log):     0.1651
  Valid Loss:        5.3596
    Contrastive:     9.8343
    Recon (all):     0.8849
    Recon (log):     0.1770
  LR: 1.00e-08
Epoch: 217, Alpha: 0.50
  Train Loss:        3.6688
    Contrastive:     6.5120
    Recon (all):     0.8255
    Recon (log):     0.1651
  Valid Loss:        5.3696
    Contrastive:     9.8513
    Recon (all):     0.8878
    Recon (log):     0.1776
  LR: 1.00e-08
Epoch: 218, Alpha: 0.50
  Train Loss:        3.6692
    Contrastive:     6.5129
    Recon (all):     0.8255
    Recon (log):     0.1651
  Valid Loss:        5.3662
    Contrastive:     9.8453
    Recon (all):     0.8870
    Recon (log):     0.1774
  LR: 1.00e-08
Epoch: 219, Alpha: 0.50
  Train Loss:        3.6687
    Contrastive:     6.5115
    Recon (all):     0.8258
    Recon (log):     0.1652
  Valid Loss:        5.3635
    Contrastive:     9.8407
    Recon (all):     0.8864
    Recon (log):     0.1773
  LR: 1.00e-08
Epoch: 220, Alpha: 0.50
  Train Loss:        3.6682
    Contrastive:     6.5110
    Recon (all):     0.8254
    Recon (log):     0.1651
  Valid Loss:        5.3682
    Contrastive:     9.8508
    Recon (all):     0.8855
    Recon (log):     0.1771
  LR: 1.00e-08
Epoch: 221, Alpha: 0.50
  Train Loss:        3.6683
    Contrastive:     6.5108
    Recon (all):     0.8258
    Recon (log):     0.1652
  Valid Loss:        5.3715
    Contrastive:     9.8563
    Recon (all):     0.8868
    Recon (log):     0.1774
  LR: 1.00e-08
Epoch: 222, Alpha: 0.50
  Train Loss:        3.6695
    Contrastive:     6.5131
    Recon (all):     0.8258
    Recon (log):     0.1652
  Valid Loss:        5.3791
    Contrastive:     9.8735
    Recon (all):     0.8847
    Recon (log):     0.1769
  LR: 1.00e-08
Epoch: 223, Alpha: 0.50
  Train Loss:        3.6687
    Contrastive:     6.5125
    Recon (all):     0.8249
    Recon (log):     0.1650
  Valid Loss:        5.3728
    Contrastive:     9.8601
    Recon (all):     0.8856
    Recon (log):     0.1771
  LR: 1.00e-08
Epoch: 224, Alpha: 0.50
  Train Loss:        3.6690
    Contrastive:     6.5124
    Recon (all):     0.8255
    Recon (log):     0.1651
  Valid Loss:        5.3641
    Contrastive:     9.8415
    Recon (all):     0.8867
    Recon (log):     0.1773
  LR: 1.00e-08
Epoch: 225, Alpha: 0.50
  Train Loss:        3.6684
    Contrastive:     6.5110
    Recon (all):     0.8257
    Recon (log):     0.1651
  Valid Loss:        5.3731
    Contrastive:     9.8601
    Recon (all):     0.8860
    Recon (log):     0.1772
  LR: 1.00e-08
Epoch: 226, Alpha: 0.50
  Train Loss:        3.6697
    Contrastive:     6.5139
    Recon (all):     0.8255
    Recon (log):     0.1651
  Valid Loss:        5.3583
    Contrastive:     9.8325
    Recon (all):     0.8840
    Recon (log):     0.1768
  LR: 1.00e-08
Epoch: 227, Alpha: 0.50
  Train Loss:        3.6695
    Contrastive:     6.5132
    Recon (all):     0.8257
    Recon (log):     0.1651
  Valid Loss:        5.3648
    Contrastive:     9.8428
    Recon (all):     0.8869
    Recon (log):     0.1774
  LR: 1.00e-08
Epoch: 228, Alpha: 0.50
  Train Loss:        3.6690
    Contrastive:     6.5123
    Recon (all):     0.8256
    Recon (log):     0.1651
  Valid Loss:        5.3686
    Contrastive:     9.8504
    Recon (all):     0.8868
    Recon (log):     0.1774
  LR: 1.00e-08
Epoch: 229, Alpha: 0.50
  Train Loss:        3.6685
    Contrastive:     6.5111
    Recon (all):     0.8258
    Recon (log):     0.1652
  Valid Loss:        5.3809
    Contrastive:     9.8754
    Recon (all):     0.8864
    Recon (log):     0.1773
  LR: 1.00e-08
Epoch: 230, Alpha: 0.50
  Train Loss:        3.6677
    Contrastive:     6.5098
    Recon (all):     0.8257
    Recon (log):     0.1651
  Valid Loss:        5.3562
    Contrastive:     9.8254
    Recon (all):     0.8870
    Recon (log):     0.1774
  LR: 1.00e-08
Epoch: 231, Alpha: 0.50
  Train Loss:        3.6687
    Contrastive:     6.5121
    Recon (all):     0.8253
    Recon (log):     0.1651
  Valid Loss:        5.3621
    Contrastive:     9.8380
    Recon (all):     0.8861
    Recon (log):     0.1772
  LR: 1.00e-08
Epoch: 232, Alpha: 0.50
  Train Loss:        3.6697
    Contrastive:     6.5135
    Recon (all):     0.8259
    Recon (log):     0.1652
  Valid Loss:        5.3697
    Contrastive:     9.8543
    Recon (all):     0.8851
    Recon (log):     0.1770
  LR: 1.00e-08
Epoch: 233, Alpha: 0.50
  Train Loss:        3.6690
    Contrastive:     6.5127
    Recon (all):     0.8252
    Recon (log):     0.1650
  Valid Loss:        5.3581
    Contrastive:     9.8310
    Recon (all):     0.8852
    Recon (log):     0.1770
  LR: 1.00e-08
Epoch: 234, Alpha: 0.50
  Train Loss:        3.6687
    Contrastive:     6.5119
    Recon (all):     0.8255
    Recon (log):     0.1651
  Valid Loss:        5.3651
    Contrastive:     9.8443
    Recon (all):     0.8859
    Recon (log):     0.1772
  LR: 1.00e-08
Epoch: 235, Alpha: 0.50
  Train Loss:        3.6687
    Contrastive:     6.5118
    Recon (all):     0.8256
    Recon (log):     0.1651
  Valid Loss:        5.3710
    Contrastive:     9.8567
    Recon (all):     0.8853
    Recon (log):     0.1771
  LR: 1.00e-08
Epoch: 236, Alpha: 0.50
  Train Loss:        3.6694
    Contrastive:     6.5133
    Recon (all):     0.8255
    Recon (log):     0.1651
  Valid Loss:        5.3798
    Contrastive:     9.8735
    Recon (all):     0.8862
    Recon (log):     0.1772
  LR: 1.00e-08
Epoch: 237, Alpha: 0.50
  Train Loss:        3.6688
    Contrastive:     6.5122
    Recon (all):     0.8254
    Recon (log):     0.1651
  Valid Loss:        5.3671
    Contrastive:     9.8501
    Recon (all):     0.8840
    Recon (log):     0.1768
  LR: 1.00e-08
Epoch: 238, Alpha: 0.50
  Train Loss:        3.6691
    Contrastive:     6.5125
    Recon (all):     0.8258
    Recon (log):     0.1652
  Valid Loss:        5.3723
    Contrastive:     9.8594
    Recon (all):     0.8851
    Recon (log):     0.1770
  LR: 1.00e-08
Epoch: 239, Alpha: 0.50
  Train Loss:        3.6683
    Contrastive:     6.5111
    Recon (all):     0.8256
    Recon (log):     0.1651
  Valid Loss:        5.3754
    Contrastive:     9.8645
    Recon (all):     0.8863
    Recon (log):     0.1773
  LR: 1.00e-08
Epoch: 240, Alpha: 0.50
  Train Loss:        3.6691
    Contrastive:     6.5129
    Recon (all):     0.8254
    Recon (log):     0.1651
  Valid Loss:        5.3699
    Contrastive:     9.8553
    Recon (all):     0.8844
    Recon (log):     0.1769
  LR: 1.00e-08
Epoch: 241, Alpha: 0.50
  Train Loss:        3.6693
    Contrastive:     6.5129
    Recon (all):     0.8256
    Recon (log):     0.1651
  Valid Loss:        5.3772
    Contrastive:     9.8669
    Recon (all):     0.8876
    Recon (log):     0.1775
  LR: 1.00e-08
Epoch: 242, Alpha: 0.50
  Train Loss:        3.6693
    Contrastive:     6.5131
    Recon (all):     0.8255
    Recon (log):     0.1651
  Valid Loss:        5.3602
    Contrastive:     9.8337
    Recon (all):     0.8866
    Recon (log):     0.1773
  LR: 1.00e-08
Epoch: 243, Alpha: 0.50
  Train Loss:        3.6693
    Contrastive:     6.5127
    Recon (all):     0.8259
    Recon (log):     0.1652
  Valid Loss:        5.3591
    Contrastive:     9.8323
    Recon (all):     0.8859
    Recon (log):     0.1772
  LR: 1.00e-08
Epoch: 244, Alpha: 0.50
  Train Loss:        3.6699
    Contrastive:     6.5139
    Recon (all):     0.8259
    Recon (log):     0.1652
  Valid Loss:        5.3517
    Contrastive:     9.8175
    Recon (all):     0.8859
    Recon (log):     0.1772
  LR: 1.00e-08
Epoch: 245, Alpha: 0.50
  Train Loss:        3.6680
    Contrastive:     6.5103
    Recon (all):     0.8256
    Recon (log):     0.1651
  Valid Loss:        5.3738
    Contrastive:     9.8613
    Recon (all):     0.8864
    Recon (log):     0.1773
  LR: 1.00e-08
Epoch: 246, Alpha: 0.50
  Train Loss:        3.6692
    Contrastive:     6.5129
    Recon (all):     0.8255
    Recon (log):     0.1651
  Valid Loss:        5.3761
    Contrastive:     9.8662
    Recon (all):     0.8860
    Recon (log):     0.1772
  LR: 1.00e-08
Epoch: 247, Alpha: 0.50
  Train Loss:        3.6701
    Contrastive:     6.5142
    Recon (all):     0.8259
    Recon (log):     0.1652
  Valid Loss:        5.3559
    Contrastive:     9.8269
    Recon (all):     0.8850
    Recon (log):     0.1770
  LR: 1.00e-08
Epoch: 248, Alpha: 0.50
  Train Loss:        3.6693
    Contrastive:     6.5133
    Recon (all):     0.8252
    Recon (log):     0.1650
  Valid Loss:        5.3784
    Contrastive:     9.8702
    Recon (all):     0.8866
    Recon (log):     0.1773
  LR: 1.00e-08
Epoch: 249, Alpha: 0.50
  Train Loss:        3.6683
    Contrastive:     6.5109
    Recon (all):     0.8257
    Recon (log):     0.1651
  Valid Loss:        5.3759
    Contrastive:     9.8659
    Recon (all):     0.8859
    Recon (log):     0.1772
  LR: 1.00e-08
Starting Downstream Task
Shape: (5, 144, 72)
Epoch: 0, Train Loss: 0.00348, Valid Loss: 0.00245, EPS: 0.991
Epoch: 1, Train Loss: 0.00195, Valid Loss: 0.00203, EPS: 0.982
Epoch: 2, Train Loss: 0.00171, Valid Loss: 0.00194, EPS: 0.973
Epoch: 3, Train Loss: 0.00166, Valid Loss: 0.00193, EPS: 0.964
Epoch: 4, Train Loss: 0.00161, Valid Loss: 0.00191, EPS: 0.955
Epoch: 5, Train Loss: 0.00161, Valid Loss: 0.00187, EPS: 0.946
Epoch: 6, Train Loss: 0.00160, Valid Loss: 0.00189, EPS: 0.9369999999999999
Epoch: 7, Train Loss: 0.00159, Valid Loss: 0.00187, EPS: 0.928
Epoch: 8, Train Loss: 0.00159, Valid Loss: 0.00187, EPS: 0.919
Epoch: 9, Train Loss: 0.00159, Valid Loss: 0.00187, EPS: 0.91
Epoch: 10, Train Loss: 0.00158, Valid Loss: 0.00185, EPS: 0.901
Epoch: 11, Train Loss: 0.00156, Valid Loss: 0.00187, EPS: 0.892
Epoch: 12, Train Loss: 0.00157, Valid Loss: 0.00187, EPS: 0.883
Epoch: 13, Train Loss: 0.00155, Valid Loss: 0.00184, EPS: 0.874
Epoch: 14, Train Loss: 0.00156, Valid Loss: 0.00188, EPS: 0.865
Epoch: 15, Train Loss: 0.00156, Valid Loss: 0.00187, EPS: 0.856
Epoch: 16, Train Loss: 0.00157, Valid Loss: 0.00185, EPS: 0.847
Epoch: 17, Train Loss: 0.00155, Valid Loss: 0.00185, EPS: 0.8380000000000001
Epoch: 18, Train Loss: 0.00155, Valid Loss: 0.00186, EPS: 0.8290000000000001
Epoch: 19, Train Loss: 0.00156, Valid Loss: 0.00186, EPS: 0.8200000000000001
Epoch: 20, Train Loss: 0.00156, Valid Loss: 0.00187, EPS: 0.811
Epoch: 21, Train Loss: 0.00157, Valid Loss: 0.00187, EPS: 0.802
Epoch: 22, Train Loss: 0.00155, Valid Loss: 0.00187, EPS: 0.793
Epoch: 23, Train Loss: 0.00154, Valid Loss: 0.00187, EPS: 0.784
Epoch: 24, Train Loss: 0.00155, Valid Loss: 0.00185, EPS: 0.775
Epoch: 25, Train Loss: 0.00129, Valid Loss: 0.00154, EPS: 0.766
Epoch: 26, Train Loss: 0.00114, Valid Loss: 0.00152, EPS: 0.757
Epoch: 27, Train Loss: 0.00112, Valid Loss: 0.00150, EPS: 0.748
Epoch: 28, Train Loss: 0.00110, Valid Loss: 0.00149, EPS: 0.739
Epoch: 29, Train Loss: 0.00110, Valid Loss: 0.00148, EPS: 0.73
Epoch: 30, Train Loss: 0.00109, Valid Loss: 0.00148, EPS: 0.721
Epoch: 31, Train Loss: 0.00109, Valid Loss: 0.00147, EPS: 0.712
Epoch: 32, Train Loss: 0.00109, Valid Loss: 0.00148, EPS: 0.703
Epoch: 33, Train Loss: 0.00108, Valid Loss: 0.00148, EPS: 0.694
Epoch: 34, Train Loss: 0.00108, Valid Loss: 0.00147, EPS: 0.685
Epoch: 35, Train Loss: 0.00107, Valid Loss: 0.00148, EPS: 0.676
Epoch: 36, Train Loss: 0.00107, Valid Loss: 0.00148, EPS: 0.667
Epoch: 37, Train Loss: 0.00107, Valid Loss: 0.00147, EPS: 0.658
Epoch: 38, Train Loss: 0.00107, Valid Loss: 0.00147, EPS: 0.649
Epoch: 39, Train Loss: 0.00107, Valid Loss: 0.00147, EPS: 0.64
Epoch: 40, Train Loss: 0.00107, Valid Loss: 0.00147, EPS: 0.6310000000000001
Epoch: 41, Train Loss: 0.00107, Valid Loss: 0.00148, EPS: 0.6220000000000001
Epoch: 42, Train Loss: 0.00106, Valid Loss: 0.00147, EPS: 0.6130000000000001
Epoch: 43, Train Loss: 0.00106, Valid Loss: 0.00147, EPS: 0.6040000000000001
Epoch: 44, Train Loss: 0.00106, Valid Loss: 0.00148, EPS: 0.5950000000000001
Epoch: 45, Train Loss: 0.00106, Valid Loss: 0.00147, EPS: 0.5860000000000001
Epoch: 46, Train Loss: 0.00106, Valid Loss: 0.00149, EPS: 0.5770000000000001
Epoch: 47, Train Loss: 0.00106, Valid Loss: 0.00149, EPS: 0.5680000000000001
Epoch: 48, Train Loss: 0.00106, Valid Loss: 0.00149, EPS: 0.559
Epoch: 49, Train Loss: 0.00106, Valid Loss: 0.00148, EPS: 0.55
Epoch: 50, Train Loss: 0.00100, Valid Loss: 0.00144, EPS: 0.541
Epoch: 51, Train Loss: 0.00097, Valid Loss: 0.00144, EPS: 0.532
Epoch: 52, Train Loss: 0.00097, Valid Loss: 0.00143, EPS: 0.523
Epoch: 53, Train Loss: 0.00097, Valid Loss: 0.00143, EPS: 0.514
Epoch: 54, Train Loss: 0.00096, Valid Loss: 0.00143, EPS: 0.505
Epoch: 55, Train Loss: 0.00096, Valid Loss: 0.00144, EPS: 0.496
Epoch: 56, Train Loss: 0.00096, Valid Loss: 0.00144, EPS: 0.4870000000000001
Epoch: 57, Train Loss: 0.00096, Valid Loss: 0.00144, EPS: 0.4780000000000001
Epoch: 58, Train Loss: 0.00096, Valid Loss: 0.00144, EPS: 0.4690000000000001
Epoch: 59, Train Loss: 0.00096, Valid Loss: 0.00144, EPS: 0.4600000000000001
Epoch: 60, Train Loss: 0.00095, Valid Loss: 0.00144, EPS: 0.45100000000000007
Epoch: 61, Train Loss: 0.00095, Valid Loss: 0.00144, EPS: 0.44200000000000006
Epoch: 62, Train Loss: 0.00096, Valid Loss: 0.00144, EPS: 0.43300000000000005
Epoch: 63, Train Loss: 0.00095, Valid Loss: 0.00144, EPS: 0.42400000000000004
Epoch: 64, Train Loss: 0.00095, Valid Loss: 0.00144, EPS: 0.41500000000000004
Epoch: 65, Train Loss: 0.00094, Valid Loss: 0.00144, EPS: 0.406
Epoch: 66, Train Loss: 0.00094, Valid Loss: 0.00144, EPS: 0.397
Epoch: 67, Train Loss: 0.00094, Valid Loss: 0.00144, EPS: 0.388
Epoch: 68, Train Loss: 0.00094, Valid Loss: 0.00144, EPS: 0.3790000000000001
Epoch: 69, Train Loss: 0.00094, Valid Loss: 0.00144, EPS: 0.3700000000000001
Epoch: 70, Train Loss: 0.00094, Valid Loss: 0.00144, EPS: 0.3610000000000001
Epoch: 71, Train Loss: 0.00094, Valid Loss: 0.00144, EPS: 0.3520000000000001
Epoch: 72, Train Loss: 0.00094, Valid Loss: 0.00144, EPS: 0.343
Epoch: 73, Train Loss: 0.00094, Valid Loss: 0.00144, EPS: 0.334
Epoch: 74, Train Loss: 0.00094, Valid Loss: 0.00144, EPS: 0.325
Epoch: 75, Train Loss: 0.00094, Valid Loss: 0.00144, EPS: 0.316
Epoch: 76, Train Loss: 0.00094, Valid Loss: 0.00144, EPS: 0.307
Epoch: 77, Train Loss: 0.00094, Valid Loss: 0.00144, EPS: 0.298
Epoch: 78, Train Loss: 0.00094, Valid Loss: 0.00144, EPS: 0.289
Epoch: 79, Train Loss: 0.00094, Valid Loss: 0.00145, EPS: 0.27999999999999997
Epoch: 80, Train Loss: 0.00094, Valid Loss: 0.00144, EPS: 0.27099999999999996
Epoch: 81, Train Loss: 0.00094, Valid Loss: 0.00144, EPS: 0.26200000000000007
Epoch: 82, Train Loss: 0.00094, Valid Loss: 0.00144, EPS: 0.25300000000000006
Epoch: 83, Train Loss: 0.00094, Valid Loss: 0.00144, EPS: 0.24400000000000005
Epoch: 84, Train Loss: 0.00094, Valid Loss: 0.00144, EPS: 0.23500000000000004
Epoch: 85, Train Loss: 0.00094, Valid Loss: 0.00144, EPS: 0.22600000000000003
Epoch: 86, Train Loss: 0.00094, Valid Loss: 0.00145, EPS: 0.21700000000000003
Epoch: 87, Train Loss: 0.00094, Valid Loss: 0.00144, EPS: 0.20800000000000002
Epoch: 88, Train Loss: 0.00094, Valid Loss: 0.00144, EPS: 0.199
Epoch: 89, Train Loss: 0.00094, Valid Loss: 0.00144, EPS: 0.19
Epoch: 90, Train Loss: 0.00094, Valid Loss: 0.00144, EPS: 0.181
Epoch: 91, Train Loss: 0.00094, Valid Loss: 0.00144, EPS: 0.172
Epoch: 92, Train Loss: 0.00094, Valid Loss: 0.00144, EPS: 0.16299999999999998
Epoch: 93, Train Loss: 0.00094, Valid Loss: 0.00144, EPS: 0.15400000000000005
Epoch: 94, Train Loss: 0.00094, Valid Loss: 0.00144, EPS: 0.14500000000000005
Epoch: 95, Train Loss: 0.00094, Valid Loss: 0.00144, EPS: 0.13600000000000004
Epoch: 96, Train Loss: 0.00094, Valid Loss: 0.00144, EPS: 0.12700000000000003
Epoch: 97, Train Loss: 0.00094, Valid Loss: 0.00144, EPS: 0.11800000000000002
Epoch: 98, Train Loss: 0.00094, Valid Loss: 0.00144, EPS: 0.10900000000000001
Epoch: 99, Train Loss: 0.00094, Valid Loss: 0.00144, EPS: 0.1
Test Loss: 0.00144
Test Loss: 0.00137
Training Decoder
Epoch: 0, Train Loss: 0.1665, Valid Loss: 0.1746, LR: 1.00e-04
Epoch: 1, Train Loss: 0.1663, Valid Loss: 0.1750, LR: 1.00e-04
Epoch: 2, Train Loss: 0.1659, Valid Loss: 0.1747, LR: 1.00e-04
Epoch: 3, Train Loss: 0.1656, Valid Loss: 0.1746, LR: 1.00e-04
Epoch: 4, Train Loss: 0.1653, Valid Loss: 0.1750, LR: 1.00e-04
Epoch: 5, Train Loss: 0.1650, Valid Loss: 0.1751, LR: 1.00e-04
Epoch: 6, Train Loss: 0.1647, Valid Loss: 0.1750, LR: 1.00e-04
Epoch: 7, Train Loss: 0.1645, Valid Loss: 0.1746, LR: 1.00e-04
Epoch: 8, Train Loss: 0.1644, Valid Loss: 0.1747, LR: 1.00e-04
Epoch: 9, Train Loss: 0.1641, Valid Loss: 0.1753, LR: 1.00e-04
Epoch: 10, Train Loss: 0.1639, Valid Loss: 0.1745, LR: 1.00e-04
Epoch: 11, Train Loss: 0.1636, Valid Loss: 0.1745, LR: 1.00e-04
Epoch: 12, Train Loss: 0.1634, Valid Loss: 0.1744, LR: 1.00e-04
Epoch: 13, Train Loss: 0.1632, Valid Loss: 0.1750, LR: 1.00e-04
Epoch: 14, Train Loss: 0.1631, Valid Loss: 0.1745, LR: 1.00e-04
Epoch: 15, Train Loss: 0.1628, Valid Loss: 0.1750, LR: 1.00e-04
Epoch: 16, Train Loss: 0.1626, Valid Loss: 0.1746, LR: 1.00e-04
Epoch: 17, Train Loss: 0.1625, Valid Loss: 0.1750, LR: 1.00e-04
Epoch: 18, Train Loss: 0.1622, Valid Loss: 0.1748, LR: 1.00e-04
Epoch: 19, Train Loss: 0.1620, Valid Loss: 0.1753, LR: 1.00e-04
Epoch: 20, Train Loss: 0.1619, Valid Loss: 0.1746, LR: 1.00e-04
Epoch: 21, Train Loss: 0.1618, Valid Loss: 0.1745, LR: 1.00e-04
Epoch: 22, Train Loss: 0.1616, Valid Loss: 0.1747, LR: 1.00e-04
Epoch: 23, Train Loss: 0.1614, Valid Loss: 0.1745, LR: 1.00e-04
Epoch: 24, Train Loss: 0.1609, Valid Loss: 0.1746, LR: 1.00e-05
Epoch: 25, Train Loss: 0.1607, Valid Loss: 0.1746, LR: 1.00e-05
Epoch: 26, Train Loss: 0.1605, Valid Loss: 0.1747, LR: 1.00e-05
Epoch: 27, Train Loss: 0.1604, Valid Loss: 0.1745, LR: 1.00e-05
Epoch: 28, Train Loss: 0.1604, Valid Loss: 0.1746, LR: 1.00e-05
Epoch: 29, Train Loss: 0.1603, Valid Loss: 0.1744, LR: 1.00e-05
Epoch: 30, Train Loss: 0.1603, Valid Loss: 0.1744, LR: 1.00e-05
Epoch: 31, Train Loss: 0.1603, Valid Loss: 0.1745, LR: 1.00e-05
Epoch: 32, Train Loss: 0.1603, Valid Loss: 0.1746, LR: 1.00e-05
Epoch: 33, Train Loss: 0.1602, Valid Loss: 0.1743, LR: 1.00e-05
Epoch: 34, Train Loss: 0.1601, Valid Loss: 0.1746, LR: 1.00e-05
Epoch: 35, Train Loss: 0.1601, Valid Loss: 0.1747, LR: 1.00e-05
Epoch: 36, Train Loss: 0.1602, Valid Loss: 0.1744, LR: 1.00e-05
Epoch: 37, Train Loss: 0.1600, Valid Loss: 0.1745, LR: 1.00e-05
Epoch: 38, Train Loss: 0.1601, Valid Loss: 0.1745, LR: 1.00e-05
Epoch: 39, Train Loss: 0.1600, Valid Loss: 0.1744, LR: 1.00e-05
Epoch: 40, Train Loss: 0.1600, Valid Loss: 0.1745, LR: 1.00e-05
Epoch: 41, Train Loss: 0.1600, Valid Loss: 0.1747, LR: 1.00e-05
Epoch: 42, Train Loss: 0.1599, Valid Loss: 0.1744, LR: 1.00e-05
Epoch: 43, Train Loss: 0.1600, Valid Loss: 0.1743, LR: 1.00e-05
Epoch: 44, Train Loss: 0.1599, Valid Loss: 0.1743, LR: 1.00e-05
Epoch: 45, Train Loss: 0.1599, Valid Loss: 0.1741, LR: 1.00e-05
Epoch: 46, Train Loss: 0.1599, Valid Loss: 0.1746, LR: 1.00e-05
Epoch: 47, Train Loss: 0.1598, Valid Loss: 0.1745, LR: 1.00e-05
Epoch: 48, Train Loss: 0.1598, Valid Loss: 0.1746, LR: 1.00e-05
Epoch: 49, Train Loss: 0.1598, Valid Loss: 0.1745, LR: 1.00e-05
Epoch: 50, Train Loss: 0.1598, Valid Loss: 0.1745, LR: 1.00e-05
Epoch: 51, Train Loss: 0.1597, Valid Loss: 0.1745, LR: 1.00e-05
Epoch: 52, Train Loss: 0.1598, Valid Loss: 0.1746, LR: 1.00e-05
Epoch: 53, Train Loss: 0.1597, Valid Loss: 0.1746, LR: 1.00e-05
Epoch: 54, Train Loss: 0.1597, Valid Loss: 0.1745, LR: 1.00e-05
Epoch: 55, Train Loss: 0.1597, Valid Loss: 0.1746, LR: 1.00e-05
Epoch: 56, Train Loss: 0.1596, Valid Loss: 0.1744, LR: 1.00e-05
Epoch: 57, Train Loss: 0.1596, Valid Loss: 0.1746, LR: 1.00e-06
Epoch: 58, Train Loss: 0.1595, Valid Loss: 0.1744, LR: 1.00e-06
Epoch: 59, Train Loss: 0.1597, Valid Loss: 0.1744, LR: 1.00e-06
Epoch: 60, Train Loss: 0.1596, Valid Loss: 0.1745, LR: 1.00e-06
Epoch: 61, Train Loss: 0.1595, Valid Loss: 0.1743, LR: 1.00e-06
Epoch: 62, Train Loss: 0.1596, Valid Loss: 0.1746, LR: 1.00e-06
Epoch: 63, Train Loss: 0.1595, Valid Loss: 0.1746, LR: 1.00e-06
Epoch: 64, Train Loss: 0.1596, Valid Loss: 0.1745, LR: 1.00e-06
Epoch: 65, Train Loss: 0.1596, Valid Loss: 0.1745, LR: 1.00e-06
Epoch: 66, Train Loss: 0.1596, Valid Loss: 0.1747, LR: 1.00e-06
Epoch: 67, Train Loss: 0.1595, Valid Loss: 0.1744, LR: 1.00e-06
Epoch: 68, Train Loss: 0.1595, Valid Loss: 0.1747, LR: 1.00e-07
Epoch: 69, Train Loss: 0.1595, Valid Loss: 0.1746, LR: 1.00e-07
Epoch: 70, Train Loss: 0.1595, Valid Loss: 0.1746, LR: 1.00e-07
Epoch: 71, Train Loss: 0.1595, Valid Loss: 0.1744, LR: 1.00e-07
Epoch: 72, Train Loss: 0.1596, Valid Loss: 0.1744, LR: 1.00e-07
Epoch: 73, Train Loss: 0.1596, Valid Loss: 0.1745, LR: 1.00e-07
Epoch: 74, Train Loss: 0.1596, Valid Loss: 0.1746, LR: 1.00e-07
Epoch: 75, Train Loss: 0.1596, Valid Loss: 0.1744, LR: 1.00e-07
Epoch: 76, Train Loss: 0.1596, Valid Loss: 0.1743, LR: 1.00e-07
Epoch: 77, Train Loss: 0.1596, Valid Loss: 0.1743, LR: 1.00e-07
Epoch: 78, Train Loss: 0.1595, Valid Loss: 0.1747, LR: 1.00e-07
Epoch: 79, Train Loss: 0.1596, Valid Loss: 0.1744, LR: 1.00e-08
Epoch: 80, Train Loss: 0.1595, Valid Loss: 0.1746, LR: 1.00e-08
Epoch: 81, Train Loss: 0.1595, Valid Loss: 0.1746, LR: 1.00e-08
Epoch: 82, Train Loss: 0.1596, Valid Loss: 0.1746, LR: 1.00e-08
Epoch: 83, Train Loss: 0.1595, Valid Loss: 0.1746, LR: 1.00e-08
Epoch: 84, Train Loss: 0.1596, Valid Loss: 0.1745, LR: 1.00e-08
Epoch: 85, Train Loss: 0.1595, Valid Loss: 0.1745, LR: 1.00e-08
Epoch: 86, Train Loss: 0.1596, Valid Loss: 0.1745, LR: 1.00e-08
Epoch: 87, Train Loss: 0.1596, Valid Loss: 0.1745, LR: 1.00e-08
Epoch: 88, Train Loss: 0.1596, Valid Loss: 0.1747, LR: 1.00e-08
Epoch: 89, Train Loss: 0.1595, Valid Loss: 0.1747, LR: 1.00e-08
Epoch: 90, Train Loss: 0.1595, Valid Loss: 0.1747, LR: 1.00e-08
Epoch: 91, Train Loss: 0.1596, Valid Loss: 0.1745, LR: 1.00e-08
Epoch: 92, Train Loss: 0.1595, Valid Loss: 0.1747, LR: 1.00e-08
Epoch: 93, Train Loss: 0.1595, Valid Loss: 0.1745, LR: 1.00e-08
Epoch: 94, Train Loss: 0.1595, Valid Loss: 0.1747, LR: 1.00e-08
Epoch: 95, Train Loss: 0.1596, Valid Loss: 0.1746, LR: 1.00e-08
Epoch: 96, Train Loss: 0.1596, Valid Loss: 0.1746, LR: 1.00e-08
Epoch: 97, Train Loss: 0.1595, Valid Loss: 0.1745, LR: 1.00e-08
Epoch: 98, Train Loss: 0.1596, Valid Loss: 0.1747, LR: 1.00e-08
Epoch: 99, Train Loss: 0.1596, Valid Loss: 0.1747, LR: 1.00e-08
Epoch: 100, Train Loss: 0.1595, Valid Loss: 0.1746, LR: 1.00e-08
Epoch: 101, Train Loss: 0.1595, Valid Loss: 0.1746, LR: 1.00e-08
Epoch: 102, Train Loss: 0.1595, Valid Loss: 0.1745, LR: 1.00e-08
Epoch: 103, Train Loss: 0.1595, Valid Loss: 0.1746, LR: 1.00e-08
Epoch: 104, Train Loss: 0.1595, Valid Loss: 0.1746, LR: 1.00e-08
Epoch: 105, Train Loss: 0.1596, Valid Loss: 0.1744, LR: 1.00e-08
Epoch: 106, Train Loss: 0.1596, Valid Loss: 0.1745, LR: 1.00e-08
Epoch: 107, Train Loss: 0.1596, Valid Loss: 0.1744, LR: 1.00e-08
Epoch: 108, Train Loss: 0.1595, Valid Loss: 0.1746, LR: 1.00e-08
Epoch: 109, Train Loss: 0.1595, Valid Loss: 0.1744, LR: 1.00e-08
Epoch: 110, Train Loss: 0.1596, Valid Loss: 0.1748, LR: 1.00e-08
Epoch: 111, Train Loss: 0.1594, Valid Loss: 0.1744, LR: 1.00e-08
Epoch: 112, Train Loss: 0.1596, Valid Loss: 0.1745, LR: 1.00e-08
Epoch: 113, Train Loss: 0.1595, Valid Loss: 0.1746, LR: 1.00e-08
Epoch: 114, Train Loss: 0.1595, Valid Loss: 0.1745, LR: 1.00e-08
Epoch: 115, Train Loss: 0.1596, Valid Loss: 0.1744, LR: 1.00e-08
Epoch: 116, Train Loss: 0.1595, Valid Loss: 0.1746, LR: 1.00e-08
Epoch: 117, Train Loss: 0.1596, Valid Loss: 0.1748, LR: 1.00e-08
Epoch: 118, Train Loss: 0.1595, Valid Loss: 0.1741, LR: 1.00e-08
Epoch: 119, Train Loss: 0.1594, Valid Loss: 0.1746, LR: 1.00e-08
Epoch: 120, Train Loss: 0.1596, Valid Loss: 0.1745, LR: 1.00e-08
Epoch: 121, Train Loss: 0.1596, Valid Loss: 0.1748, LR: 1.00e-08
Epoch: 122, Train Loss: 0.1596, Valid Loss: 0.1744, LR: 1.00e-08
Epoch: 123, Train Loss: 0.1596, Valid Loss: 0.1748, LR: 1.00e-08
Epoch: 124, Train Loss: 0.1595, Valid Loss: 0.1744, LR: 1.00e-08
Epoch: 125, Train Loss: 0.1595, Valid Loss: 0.1745, LR: 1.00e-08
Epoch: 126, Train Loss: 0.1595, Valid Loss: 0.1746, LR: 1.00e-08
Epoch: 127, Train Loss: 0.1596, Valid Loss: 0.1746, LR: 1.00e-08
Epoch: 128, Train Loss: 0.1596, Valid Loss: 0.1747, LR: 1.00e-08
Epoch: 129, Train Loss: 0.1595, Valid Loss: 0.1746, LR: 1.00e-08
Epoch: 130, Train Loss: 0.1595, Valid Loss: 0.1747, LR: 1.00e-08
Epoch: 131, Train Loss: 0.1596, Valid Loss: 0.1746, LR: 1.00e-08
Epoch: 132, Train Loss: 0.1595, Valid Loss: 0.1746, LR: 1.00e-08
Epoch: 133, Train Loss: 0.1595, Valid Loss: 0.1745, LR: 1.00e-08
Epoch: 134, Train Loss: 0.1595, Valid Loss: 0.1746, LR: 1.00e-08
Epoch: 135, Train Loss: 0.1595, Valid Loss: 0.1747, LR: 1.00e-08
Epoch: 136, Train Loss: 0.1596, Valid Loss: 0.1744, LR: 1.00e-08
Epoch: 137, Train Loss: 0.1596, Valid Loss: 0.1744, LR: 1.00e-08
Epoch: 138, Train Loss: 0.1595, Valid Loss: 0.1745, LR: 1.00e-08
Epoch: 139, Train Loss: 0.1596, Valid Loss: 0.1745, LR: 1.00e-08
Epoch: 140, Train Loss: 0.1595, Valid Loss: 0.1746, LR: 1.00e-08
Epoch: 141, Train Loss: 0.1596, Valid Loss: 0.1746, LR: 1.00e-08
Epoch: 142, Train Loss: 0.1596, Valid Loss: 0.1742, LR: 1.00e-08
Epoch: 143, Train Loss: 0.1595, Valid Loss: 0.1748, LR: 1.00e-08
Epoch: 144, Train Loss: 0.1596, Valid Loss: 0.1746, LR: 1.00e-08
Epoch: 145, Train Loss: 0.1594, Valid Loss: 0.1745, LR: 1.00e-08
Epoch: 146, Train Loss: 0.1596, Valid Loss: 0.1742, LR: 1.00e-08
Epoch: 147, Train Loss: 0.1595, Valid Loss: 0.1747, LR: 1.00e-08
Epoch: 148, Train Loss: 0.1596, Valid Loss: 0.1747, LR: 1.00e-08
Epoch: 149, Train Loss: 0.1596, Valid Loss: 0.1747, LR: 1.00e-08
Epoch: 150, Train Loss: 0.1595, Valid Loss: 0.1746, LR: 1.00e-08
Epoch: 151, Train Loss: 0.1595, Valid Loss: 0.1747, LR: 1.00e-08
Epoch: 152, Train Loss: 0.1596, Valid Loss: 0.1745, LR: 1.00e-08
Epoch: 153, Train Loss: 0.1595, Valid Loss: 0.1748, LR: 1.00e-08
Epoch: 154, Train Loss: 0.1596, Valid Loss: 0.1744, LR: 1.00e-08
Epoch: 155, Train Loss: 0.1595, Valid Loss: 0.1746, LR: 1.00e-08
Epoch: 156, Train Loss: 0.1595, Valid Loss: 0.1746, LR: 1.00e-08
Epoch: 157, Train Loss: 0.1596, Valid Loss: 0.1748, LR: 1.00e-08
Epoch: 158, Train Loss: 0.1596, Valid Loss: 0.1746, LR: 1.00e-08
Epoch: 159, Train Loss: 0.1596, Valid Loss: 0.1744, LR: 1.00e-08
Epoch: 160, Train Loss: 0.1596, Valid Loss: 0.1746, LR: 1.00e-08
Epoch: 161, Train Loss: 0.1595, Valid Loss: 0.1746, LR: 1.00e-08
Epoch: 162, Train Loss: 0.1596, Valid Loss: 0.1746, LR: 1.00e-08
Epoch: 163, Train Loss: 0.1595, Valid Loss: 0.1747, LR: 1.00e-08
Epoch: 164, Train Loss: 0.1595, Valid Loss: 0.1746, LR: 1.00e-08
Epoch: 165, Train Loss: 0.1596, Valid Loss: 0.1744, LR: 1.00e-08
Epoch: 166, Train Loss: 0.1595, Valid Loss: 0.1745, LR: 1.00e-08
Epoch: 167, Train Loss: 0.1596, Valid Loss: 0.1744, LR: 1.00e-08
Epoch: 168, Train Loss: 0.1595, Valid Loss: 0.1746, LR: 1.00e-08
Epoch: 169, Train Loss: 0.1595, Valid Loss: 0.1747, LR: 1.00e-08
Epoch: 170, Train Loss: 0.1595, Valid Loss: 0.1744, LR: 1.00e-08
Epoch: 171, Train Loss: 0.1596, Valid Loss: 0.1747, LR: 1.00e-08
Epoch: 172, Train Loss: 0.1596, Valid Loss: 0.1747, LR: 1.00e-08
Epoch: 173, Train Loss: 0.1596, Valid Loss: 0.1745, LR: 1.00e-08
Epoch: 174, Train Loss: 0.1595, Valid Loss: 0.1744, LR: 1.00e-08
Epoch: 175, Train Loss: 0.1595, Valid Loss: 0.1748, LR: 1.00e-08
Epoch: 176, Train Loss: 0.1595, Valid Loss: 0.1747, LR: 1.00e-08
Epoch: 177, Train Loss: 0.1595, Valid Loss: 0.1746, LR: 1.00e-08
Epoch: 178, Train Loss: 0.1595, Valid Loss: 0.1746, LR: 1.00e-08
Epoch: 179, Train Loss: 0.1596, Valid Loss: 0.1746, LR: 1.00e-08
Epoch: 180, Train Loss: 0.1595, Valid Loss: 0.1746, LR: 1.00e-08
Epoch: 181, Train Loss: 0.1595, Valid Loss: 0.1745, LR: 1.00e-08
Epoch: 182, Train Loss: 0.1595, Valid Loss: 0.1746, LR: 1.00e-08
Epoch: 183, Train Loss: 0.1595, Valid Loss: 0.1745, LR: 1.00e-08
Epoch: 184, Train Loss: 0.1595, Valid Loss: 0.1746, LR: 1.00e-08
Epoch: 185, Train Loss: 0.1595, Valid Loss: 0.1747, LR: 1.00e-08
Epoch: 186, Train Loss: 0.1596, Valid Loss: 0.1744, LR: 1.00e-08
Epoch: 187, Train Loss: 0.1595, Valid Loss: 0.1745, LR: 1.00e-08
Epoch: 188, Train Loss: 0.1596, Valid Loss: 0.1745, LR: 1.00e-08
Epoch: 189, Train Loss: 0.1595, Valid Loss: 0.1744, LR: 1.00e-08
Epoch: 190, Train Loss: 0.1595, Valid Loss: 0.1745, LR: 1.00e-08
Epoch: 191, Train Loss: 0.1596, Valid Loss: 0.1746, LR: 1.00e-08
Epoch: 192, Train Loss: 0.1595, Valid Loss: 0.1744, LR: 1.00e-08
Epoch: 193, Train Loss: 0.1596, Valid Loss: 0.1746, LR: 1.00e-08
Epoch: 194, Train Loss: 0.1596, Valid Loss: 0.1747, LR: 1.00e-08
Epoch: 195, Train Loss: 0.1595, Valid Loss: 0.1746, LR: 1.00e-08
Epoch: 196, Train Loss: 0.1595, Valid Loss: 0.1746, LR: 1.00e-08
Epoch: 197, Train Loss: 0.1595, Valid Loss: 0.1746, LR: 1.00e-08
Epoch: 198, Train Loss: 0.1596, Valid Loss: 0.1746, LR: 1.00e-08
Epoch: 199, Train Loss: 0.1595, Valid Loss: 0.1745, LR: 1.00e-08
Starting Latent Downstream Task
4
Epoch: 1, Train Loss: 0.4475, Valid Loss: 0.2998, LR: 0.001
Epoch: 2, Train Loss: 0.1945, Valid Loss: 0.1555, LR: 0.001
Epoch: 3, Train Loss: 0.1496, Valid Loss: 0.1481, LR: 0.001
Epoch: 4, Train Loss: 0.1353, Valid Loss: 0.1625, LR: 0.001
Epoch: 5, Train Loss: 0.1175, Valid Loss: 0.1152, LR: 0.001
Epoch: 6, Train Loss: 0.1167, Valid Loss: 0.1849, LR: 0.001
Epoch: 7, Train Loss: 0.1313, Valid Loss: 0.1189, LR: 0.001
Epoch: 8, Train Loss: 0.1031, Valid Loss: 0.1536, LR: 0.001
Epoch: 9, Train Loss: 0.1034, Valid Loss: 0.1558, LR: 0.001
Epoch: 10, Train Loss: 0.1162, Valid Loss: 0.1448, LR: 0.001
Epoch: 11, Train Loss: 0.1074, Valid Loss: 0.1100, LR: 0.001
Epoch: 12, Train Loss: 0.1183, Valid Loss: 0.1335, LR: 0.001
Epoch: 13, Train Loss: 0.1228, Valid Loss: 0.1327, LR: 0.001
Epoch: 14, Train Loss: 0.1111, Valid Loss: 0.1294, LR: 0.001
Epoch: 15, Train Loss: 0.1161, Valid Loss: 0.1364, LR: 0.001
Epoch: 16, Train Loss: 0.1075, Valid Loss: 0.1307, LR: 0.001
Epoch: 17, Train Loss: 0.1035, Valid Loss: 0.1740, LR: 0.001
Epoch: 18, Train Loss: 0.1308, Valid Loss: 0.1286, LR: 0.001
Epoch: 19, Train Loss: 0.1072, Valid Loss: 0.1239, LR: 0.001
Epoch: 20, Train Loss: 0.1141, Valid Loss: 0.1338, LR: 0.001
Epoch: 21, Train Loss: 0.1098, Valid Loss: 0.1243, LR: 0.001
Epoch: 22, Train Loss: 0.1071, Valid Loss: 0.1348, LR: 0.0001
Epoch: 23, Train Loss: 0.0994, Valid Loss: 0.1188, LR: 0.0001
Epoch: 24, Train Loss: 0.0830, Valid Loss: 0.1175, LR: 0.0001
Epoch: 25, Train Loss: 0.0798, Valid Loss: 0.1152, LR: 0.0001
Epoch: 26, Train Loss: 0.0790, Valid Loss: 0.1156, LR: 0.0001
Epoch: 27, Train Loss: 0.0715, Valid Loss: 0.1254, LR: 0.0001
Epoch: 28, Train Loss: 0.0742, Valid Loss: 0.1320, LR: 0.0001
Epoch: 29, Train Loss: 0.0626, Valid Loss: 0.1285, LR: 0.0001
Epoch: 30, Train Loss: 0.0716, Valid Loss: 0.1160, LR: 0.0001
Epoch: 31, Train Loss: 0.0676, Valid Loss: 0.1242, LR: 0.0001
Epoch: 32, Train Loss: 0.0602, Valid Loss: 0.1202, LR: 0.0001
Epoch: 33, Train Loss: 0.0634, Valid Loss: 0.1315, LR: 1e-05
Epoch: 34, Train Loss: 0.0593, Valid Loss: 0.1165, LR: 1e-05
Epoch: 35, Train Loss: 0.0594, Valid Loss: 0.1235, LR: 1e-05
Epoch: 36, Train Loss: 0.0556, Valid Loss: 0.1252, LR: 1e-05
Epoch: 37, Train Loss: 0.0596, Valid Loss: 0.1234, LR: 1e-05
Epoch: 38, Train Loss: 0.0580, Valid Loss: 0.1225, LR: 1e-05
Epoch: 39, Train Loss: 0.0587, Valid Loss: 0.1197, LR: 1e-05
Epoch: 40, Train Loss: 0.0561, Valid Loss: 0.1236, LR: 1e-05
Epoch: 41, Train Loss: 0.0558, Valid Loss: 0.1277, LR: 1e-05
Epoch: 42, Train Loss: 0.0530, Valid Loss: 0.1202, LR: 1e-05
Epoch: 43, Train Loss: 0.0590, Valid Loss: 0.1279, LR: 1e-05
Epoch: 44, Train Loss: 0.0542, Valid Loss: 0.1243, LR: 1.0000000000000002e-06
Epoch: 45, Train Loss: 0.0632, Valid Loss: 0.1355, LR: 1.0000000000000002e-06
Epoch: 46, Train Loss: 0.0558, Valid Loss: 0.1264, LR: 1.0000000000000002e-06
Epoch: 47, Train Loss: 0.0588, Valid Loss: 0.1239, LR: 1.0000000000000002e-06
Epoch: 48, Train Loss: 0.0569, Valid Loss: 0.1255, LR: 1.0000000000000002e-06
Epoch: 49, Train Loss: 0.0529, Valid Loss: 0.1242, LR: 1.0000000000000002e-06
Epoch: 50, Train Loss: 0.0548, Valid Loss: 0.1272, LR: 1.0000000000000002e-06
Epoch: 51, Train Loss: 0.0634, Valid Loss: 0.1234, LR: 1.0000000000000002e-06
Epoch: 52, Train Loss: 0.0555, Valid Loss: 0.1295, LR: 1.0000000000000002e-06
Epoch: 53, Train Loss: 0.0596, Valid Loss: 0.1224, LR: 1.0000000000000002e-06
Epoch: 54, Train Loss: 0.0600, Valid Loss: 0.1246, LR: 1.0000000000000002e-06
Epoch: 55, Train Loss: 0.0568, Valid Loss: 0.1225, LR: 1.0000000000000002e-07
Epoch: 56, Train Loss: 0.0563, Valid Loss: 0.1318, LR: 1.0000000000000002e-07
Epoch: 57, Train Loss: 0.0565, Valid Loss: 0.1254, LR: 1.0000000000000002e-07
Epoch: 58, Train Loss: 0.0576, Valid Loss: 0.1245, LR: 1.0000000000000002e-07
Epoch: 59, Train Loss: 0.0612, Valid Loss: 0.1248, LR: 1.0000000000000002e-07
Epoch: 60, Train Loss: 0.0603, Valid Loss: 0.1289, LR: 1.0000000000000002e-07
Epoch: 61, Train Loss: 0.0592, Valid Loss: 0.1292, LR: 1.0000000000000002e-07
Epoch: 62, Train Loss: 0.0564, Valid Loss: 0.1297, LR: 1.0000000000000002e-07
Epoch: 63, Train Loss: 0.0568, Valid Loss: 0.1363, LR: 1.0000000000000002e-07
Epoch: 64, Train Loss: 0.0570, Valid Loss: 0.1244, LR: 1.0000000000000002e-07
Epoch: 65, Train Loss: 0.0612, Valid Loss: 0.1327, LR: 1.0000000000000002e-07
Epoch: 66, Train Loss: 0.0560, Valid Loss: 0.1261, LR: 1.0000000000000004e-08
Epoch: 67, Train Loss: 0.0624, Valid Loss: 0.1273, LR: 1.0000000000000004e-08
Epoch: 68, Train Loss: 0.0562, Valid Loss: 0.1135, LR: 1.0000000000000004e-08
Epoch: 69, Train Loss: 0.0620, Valid Loss: 0.1244, LR: 1.0000000000000004e-08
Epoch: 70, Train Loss: 0.0550, Valid Loss: 0.1221, LR: 1.0000000000000004e-08
Epoch: 71, Train Loss: 0.0573, Valid Loss: 0.1214, LR: 1.0000000000000004e-08
Epoch: 72, Train Loss: 0.0591, Valid Loss: 0.1246, LR: 1.0000000000000004e-08
Epoch: 73, Train Loss: 0.0561, Valid Loss: 0.1246, LR: 1.0000000000000004e-08
Epoch: 74, Train Loss: 0.0578, Valid Loss: 0.1216, LR: 1.0000000000000004e-08
Epoch: 75, Train Loss: 0.0613, Valid Loss: 0.1245, LR: 1.0000000000000004e-08
Epoch: 76, Train Loss: 0.0578, Valid Loss: 0.1300, LR: 1.0000000000000004e-08
Epoch: 77, Train Loss: 0.0544, Valid Loss: 0.1236, LR: 1.0000000000000004e-08
Epoch: 78, Train Loss: 0.0586, Valid Loss: 0.1247, LR: 1.0000000000000004e-08
Epoch: 79, Train Loss: 0.0524, Valid Loss: 0.1244, LR: 1.0000000000000004e-08
Epoch: 80, Train Loss: 0.0591, Valid Loss: 0.1217, LR: 1.0000000000000004e-08
Epoch: 81, Train Loss: 0.0558, Valid Loss: 0.1294, LR: 1.0000000000000004e-08
Epoch: 82, Train Loss: 0.0553, Valid Loss: 0.1288, LR: 1.0000000000000004e-08
Epoch: 83, Train Loss: 0.0527, Valid Loss: 0.1290, LR: 1.0000000000000004e-08
Epoch: 84, Train Loss: 0.0573, Valid Loss: 0.1174, LR: 1.0000000000000004e-08
Epoch: 85, Train Loss: 0.0562, Valid Loss: 0.1211, LR: 1.0000000000000004e-08
Epoch: 86, Train Loss: 0.0536, Valid Loss: 0.1200, LR: 1.0000000000000004e-08
Epoch: 87, Train Loss: 0.0567, Valid Loss: 0.1203, LR: 1.0000000000000004e-08
Epoch: 88, Train Loss: 0.0536, Valid Loss: 0.1267, LR: 1.0000000000000004e-08
Epoch: 89, Train Loss: 0.0563, Valid Loss: 0.1176, LR: 1.0000000000000004e-08
Epoch: 90, Train Loss: 0.0539, Valid Loss: 0.1231, LR: 1.0000000000000004e-08
Epoch: 91, Train Loss: 0.0579, Valid Loss: 0.1278, LR: 1.0000000000000004e-08
Epoch: 92, Train Loss: 0.0548, Valid Loss: 0.1237, LR: 1.0000000000000004e-08
Epoch: 93, Train Loss: 0.0592, Valid Loss: 0.1343, LR: 1.0000000000000004e-08
Epoch: 94, Train Loss: 0.0556, Valid Loss: 0.1258, LR: 1.0000000000000004e-08
Epoch: 95, Train Loss: 0.0569, Valid Loss: 0.1295, LR: 1.0000000000000004e-08
Epoch: 96, Train Loss: 0.0567, Valid Loss: 0.1229, LR: 1.0000000000000004e-08
Epoch: 97, Train Loss: 0.0559, Valid Loss: 0.1215, LR: 1.0000000000000004e-08
Epoch: 98, Train Loss: 0.0547, Valid Loss: 0.1301, LR: 1.0000000000000004e-08
Epoch: 99, Train Loss: 0.0619, Valid Loss: 0.1224, LR: 1.0000000000000004e-08
Epoch: 100, Train Loss: 0.0549, Valid Loss: 0.1241, LR: 1.0000000000000004e-08
Test Loss: 0.1270
MSE Loss Between Generated and Conditioned: 385120.3438
Epoch: 1, Loss: 1.0107
MSE Loss Between Generated and Conditioned: 100518.3906
Epoch: 2, Loss: 0.9169
MSE Loss Between Generated and Conditioned: 65215.4883
Epoch: 3, Loss: 0.8444
MSE Loss Between Generated and Conditioned: 56206.8086
Epoch: 4, Loss: 0.7855
MSE Loss Between Generated and Conditioned: 42205.2734
Epoch: 5, Loss: 0.7362
MSE Loss Between Generated and Conditioned: 37703.5273
Epoch: 6, Loss: 0.6948
MSE Loss Between Generated and Conditioned: 28384.0293
Epoch: 7, Loss: 0.6583
MSE Loss Between Generated and Conditioned: 27064.3496
Epoch: 8, Loss: 0.6271
MSE Loss Between Generated and Conditioned: 26885.0938
Epoch: 9, Loss: 0.5989
MSE Loss Between Generated and Conditioned: 20007.7910
Epoch: 10, Loss: 0.5737
MSE Loss Between Generated and Conditioned: 14153.8662
Epoch: 11, Loss: 0.5513
MSE Loss Between Generated and Conditioned: 13558.3096
Epoch: 12, Loss: 0.5307
MSE Loss Between Generated and Conditioned: 12014.3105
Epoch: 13, Loss: 0.5121
MSE Loss Between Generated and Conditioned: 9843.2686
Epoch: 14, Loss: 0.4952
MSE Loss Between Generated and Conditioned: 5951.9990
Epoch: 15, Loss: 0.4797
MSE Loss Between Generated and Conditioned: 7767.5063
Epoch: 16, Loss: 0.4654
MSE Loss Between Generated and Conditioned: 7525.3877
Epoch: 17, Loss: 0.4527
MSE Loss Between Generated and Conditioned: 7181.3999
Epoch: 18, Loss: 0.4409
MSE Loss Between Generated and Conditioned: 4749.3354
Epoch: 19, Loss: 0.4303
MSE Loss Between Generated and Conditioned: 7709.4609
Epoch: 20, Loss: 0.4203
MSE Loss Between Generated and Conditioned: 5982.7192
Epoch: 21, Loss: 0.4112
MSE Loss Between Generated and Conditioned: 4731.7427
Epoch: 22, Loss: 0.4028
MSE Loss Between Generated and Conditioned: 5717.6406
Epoch: 23, Loss: 0.3947
MSE Loss Between Generated and Conditioned: 5515.3799
Epoch: 24, Loss: 0.3874
MSE Loss Between Generated and Conditioned: 3093.3665
Epoch: 25, Loss: 0.3804
MSE Loss Between Generated and Conditioned: 2550.7915
Epoch: 26, Loss: 0.3737
MSE Loss Between Generated and Conditioned: 3041.9321
Epoch: 27, Loss: 0.3676
MSE Loss Between Generated and Conditioned: 3091.3667
Epoch: 28, Loss: 0.3619
MSE Loss Between Generated and Conditioned: 3630.5657
Epoch: 29, Loss: 0.3566
MSE Loss Between Generated and Conditioned: 2939.1306
Epoch: 30, Loss: 0.3512
MSE Loss Between Generated and Conditioned: 3739.0598
Epoch: 31, Loss: 0.3462
MSE Loss Between Generated and Conditioned: 2803.0981
Epoch: 32, Loss: 0.3412
MSE Loss Between Generated and Conditioned: 2310.0637
Epoch: 33, Loss: 0.3365
MSE Loss Between Generated and Conditioned: 3059.8953
Epoch: 34, Loss: 0.3322
MSE Loss Between Generated and Conditioned: 1582.5684
Epoch: 35, Loss: 0.3282
MSE Loss Between Generated and Conditioned: 2616.0227
Epoch: 36, Loss: 0.3242
MSE Loss Between Generated and Conditioned: 3012.2212
Epoch: 37, Loss: 0.3205
MSE Loss Between Generated and Conditioned: 1908.9717
Epoch: 38, Loss: 0.3169
MSE Loss Between Generated and Conditioned: 1684.2356
Epoch: 39, Loss: 0.3133
MSE Loss Between Generated and Conditioned: 3036.3726
Epoch: 40, Loss: 0.3098
MSE Loss Between Generated and Conditioned: 1881.2151
Epoch: 41, Loss: 0.3064
MSE Loss Between Generated and Conditioned: 1160.0022
Epoch: 42, Loss: 0.3033
MSE Loss Between Generated and Conditioned: 1154.8076
Epoch: 43, Loss: 0.3003
MSE Loss Between Generated and Conditioned: 1070.4902
Epoch: 44, Loss: 0.2973
MSE Loss Between Generated and Conditioned: 696.4891
Epoch: 45, Loss: 0.2943
MSE Loss Between Generated and Conditioned: 878.0617
Epoch: 46, Loss: 0.2915
MSE Loss Between Generated and Conditioned: 680.9316
Epoch: 47, Loss: 0.2888
MSE Loss Between Generated and Conditioned: 763.2249
Epoch: 48, Loss: 0.2862
MSE Loss Between Generated and Conditioned: 633.0992
Epoch: 49, Loss: 0.2837
MSE Loss Between Generated and Conditioned: 475.7566
Epoch: 50, Loss: 0.2813
MSE Loss Between Generated and Conditioned: 462.3604
Epoch: 51, Loss: 0.2789
MSE Loss Between Generated and Conditioned: 324.0447
Epoch: 52, Loss: 0.2767
MSE Loss Between Generated and Conditioned: 903.9780
Epoch: 53, Loss: 0.2744
MSE Loss Between Generated and Conditioned: 453.9739
Epoch: 54, Loss: 0.2722
MSE Loss Between Generated and Conditioned: 606.5900
Epoch: 55, Loss: 0.2701
MSE Loss Between Generated and Conditioned: 939.2861
Epoch: 56, Loss: 0.2681
MSE Loss Between Generated and Conditioned: 253.7503
Epoch: 57, Loss: 0.2662
MSE Loss Between Generated and Conditioned: 447.9687
Epoch: 58, Loss: 0.2642
MSE Loss Between Generated and Conditioned: 535.9541
Epoch: 59, Loss: 0.2623
MSE Loss Between Generated and Conditioned: 298.4030
Epoch: 60, Loss: 0.2606
MSE Loss Between Generated and Conditioned: 133.7663
Epoch: 61, Loss: 0.2587
MSE Loss Between Generated and Conditioned: 365.7541
Epoch: 62, Loss: 0.2570
MSE Loss Between Generated and Conditioned: 245.9988
Epoch: 63, Loss: 0.2553
MSE Loss Between Generated and Conditioned: 151.5950
Epoch: 64, Loss: 0.2537
MSE Loss Between Generated and Conditioned: 214.3358
Epoch: 65, Loss: 0.2522
MSE Loss Between Generated and Conditioned: 186.9096
Epoch: 66, Loss: 0.2506
MSE Loss Between Generated and Conditioned: 168.3167
Epoch: 67, Loss: 0.2490
MSE Loss Between Generated and Conditioned: 133.8461
Epoch: 68, Loss: 0.2474
MSE Loss Between Generated and Conditioned: 283.6709
Epoch: 69, Loss: 0.2459
MSE Loss Between Generated and Conditioned: 148.8251
Epoch: 70, Loss: 0.2444
MSE Loss Between Generated and Conditioned: 230.3101
Epoch: 71, Loss: 0.2430
MSE Loss Between Generated and Conditioned: 215.0696
Epoch: 72, Loss: 0.2417
MSE Loss Between Generated and Conditioned: 212.0382
Epoch: 73, Loss: 0.2405
MSE Loss Between Generated and Conditioned: 95.7729
Epoch: 74, Loss: 0.2392
MSE Loss Between Generated and Conditioned: 67.3830
Epoch: 75, Loss: 0.2379
MSE Loss Between Generated and Conditioned: 74.2407
Epoch: 76, Loss: 0.2366
MSE Loss Between Generated and Conditioned: 65.0895
Epoch: 77, Loss: 0.2354
MSE Loss Between Generated and Conditioned: 48.8703
Epoch: 78, Loss: 0.2343
MSE Loss Between Generated and Conditioned: 121.9792
Epoch: 79, Loss: 0.2331
MSE Loss Between Generated and Conditioned: 80.9162
Epoch: 80, Loss: 0.2320
MSE Loss Between Generated and Conditioned: 113.3091
Epoch: 81, Loss: 0.2309
MSE Loss Between Generated and Conditioned: 131.3638
Epoch: 82, Loss: 0.2298
MSE Loss Between Generated and Conditioned: 62.4587
Epoch: 83, Loss: 0.2288
MSE Loss Between Generated and Conditioned: 47.5673
Epoch: 84, Loss: 0.2277
MSE Loss Between Generated and Conditioned: 63.6633
Epoch: 85, Loss: 0.2267
MSE Loss Between Generated and Conditioned: 85.1732
Epoch: 86, Loss: 0.2258
MSE Loss Between Generated and Conditioned: 43.4705
Epoch: 87, Loss: 0.2248
MSE Loss Between Generated and Conditioned: 94.1311
Epoch: 88, Loss: 0.2239
MSE Loss Between Generated and Conditioned: 73.8537
Epoch: 89, Loss: 0.2230
MSE Loss Between Generated and Conditioned: 37.3756
Epoch: 90, Loss: 0.2220
MSE Loss Between Generated and Conditioned: 72.4165
Epoch: 91, Loss: 0.2212
MSE Loss Between Generated and Conditioned: 42.6990
Epoch: 92, Loss: 0.2203
MSE Loss Between Generated and Conditioned: 40.1370
Epoch: 93, Loss: 0.2195
MSE Loss Between Generated and Conditioned: 37.4814
Epoch: 94, Loss: 0.2186
MSE Loss Between Generated and Conditioned: 49.8354
Epoch: 95, Loss: 0.2177
MSE Loss Between Generated and Conditioned: 35.6117
Epoch: 96, Loss: 0.2170
MSE Loss Between Generated and Conditioned: 15.2160
Epoch: 97, Loss: 0.2162
MSE Loss Between Generated and Conditioned: 22.5617
Epoch: 98, Loss: 0.2154
MSE Loss Between Generated and Conditioned: 45.5800
Epoch: 99, Loss: 0.2146
MSE Loss Between Generated and Conditioned: 69.7682
Epoch: 100, Loss: 0.2139
MSE Loss Between Generated and Conditioned: 42.5162
Epoch: 101, Loss: 0.2132
MSE Loss Between Generated and Conditioned: 23.8402
Epoch: 102, Loss: 0.2125
MSE Loss Between Generated and Conditioned: 25.3853
Epoch: 103, Loss: 0.2118
MSE Loss Between Generated and Conditioned: 34.0754
Epoch: 104, Loss: 0.2111
MSE Loss Between Generated and Conditioned: 29.8773
Epoch: 105, Loss: 0.2104
MSE Loss Between Generated and Conditioned: 28.6861
Epoch: 106, Loss: 0.2099
MSE Loss Between Generated and Conditioned: 42.6216
Epoch: 107, Loss: 0.2092
MSE Loss Between Generated and Conditioned: 31.7717
Epoch: 108, Loss: 0.2086
MSE Loss Between Generated and Conditioned: 34.3229
Epoch: 109, Loss: 0.2080
MSE Loss Between Generated and Conditioned: 24.2075
Epoch: 110, Loss: 0.2073
MSE Loss Between Generated and Conditioned: 11.1076
Epoch: 111, Loss: 0.2067
MSE Loss Between Generated and Conditioned: 59.8499
Epoch: 112, Loss: 0.2061
MSE Loss Between Generated and Conditioned: 45.9797
Epoch: 113, Loss: 0.2055
MSE Loss Between Generated and Conditioned: 31.1804
Epoch: 114, Loss: 0.2049
MSE Loss Between Generated and Conditioned: 13.6318
Epoch: 115, Loss: 0.2044
MSE Loss Between Generated and Conditioned: 25.0830
Epoch: 116, Loss: 0.2038
MSE Loss Between Generated and Conditioned: 20.9713
Epoch: 117, Loss: 0.2033
MSE Loss Between Generated and Conditioned: 25.0350
Epoch: 118, Loss: 0.2028
MSE Loss Between Generated and Conditioned: 9.1033
Epoch: 119, Loss: 0.2023
MSE Loss Between Generated and Conditioned: 13.1582
Epoch: 120, Loss: 0.2018
MSE Loss Between Generated and Conditioned: 11.3031
Epoch: 121, Loss: 0.2013
MSE Loss Between Generated and Conditioned: 11.4312
Epoch: 122, Loss: 0.2008
MSE Loss Between Generated and Conditioned: 28.2675
Epoch: 123, Loss: 0.2003
MSE Loss Between Generated and Conditioned: 23.9356
Epoch: 124, Loss: 0.1998
MSE Loss Between Generated and Conditioned: 23.1354
Epoch: 125, Loss: 0.1993
MSE Loss Between Generated and Conditioned: 14.7790
Epoch: 126, Loss: 0.1988
MSE Loss Between Generated and Conditioned: 19.5729
Epoch: 127, Loss: 0.1983
MSE Loss Between Generated and Conditioned: 17.9885
Epoch: 128, Loss: 0.1979
MSE Loss Between Generated and Conditioned: 24.8696
Epoch: 129, Loss: 0.1974
MSE Loss Between Generated and Conditioned: 9.1914
Epoch: 130, Loss: 0.1970
MSE Loss Between Generated and Conditioned: 9.3413
Epoch: 131, Loss: 0.1965
MSE Loss Between Generated and Conditioned: 10.3065
Epoch: 132, Loss: 0.1961
MSE Loss Between Generated and Conditioned: 14.4776
Epoch: 133, Loss: 0.1956
MSE Loss Between Generated and Conditioned: 15.3393
Epoch: 134, Loss: 0.1952
MSE Loss Between Generated and Conditioned: 11.8656
Epoch: 135, Loss: 0.1948
MSE Loss Between Generated and Conditioned: 9.8842
Epoch: 136, Loss: 0.1944
MSE Loss Between Generated and Conditioned: 11.7557
Epoch: 137, Loss: 0.1939
MSE Loss Between Generated and Conditioned: 6.6562
Epoch: 138, Loss: 0.1935
MSE Loss Between Generated and Conditioned: 7.1637
Epoch: 139, Loss: 0.1931
MSE Loss Between Generated and Conditioned: 17.3602
Epoch: 140, Loss: 0.1927
MSE Loss Between Generated and Conditioned: 13.8499
Epoch: 141, Loss: 0.1923
MSE Loss Between Generated and Conditioned: 15.0636
Epoch: 142, Loss: 0.1920
MSE Loss Between Generated and Conditioned: 12.8434
Epoch: 143, Loss: 0.1916
MSE Loss Between Generated and Conditioned: 7.2720
Epoch: 144, Loss: 0.1912
MSE Loss Between Generated and Conditioned: 4.4181
Epoch: 145, Loss: 0.1908
MSE Loss Between Generated and Conditioned: 9.2442
Epoch: 146, Loss: 0.1905
MSE Loss Between Generated and Conditioned: 12.4341
Epoch: 147, Loss: 0.1902
MSE Loss Between Generated and Conditioned: 11.9401
Epoch: 148, Loss: 0.1898
MSE Loss Between Generated and Conditioned: 6.3005
Epoch: 149, Loss: 0.1895
MSE Loss Between Generated and Conditioned: 5.2123
Epoch: 150, Loss: 0.1892
MSE Loss Between Generated and Conditioned: 12.1353
Epoch: 151, Loss: 0.1888
MSE Loss Between Generated and Conditioned: 11.6899
Epoch: 152, Loss: 0.1885
MSE Loss Between Generated and Conditioned: 15.0338
Epoch: 153, Loss: 0.1881
MSE Loss Between Generated and Conditioned: 4.8422
Epoch: 154, Loss: 0.1878
MSE Loss Between Generated and Conditioned: 8.4520
Epoch: 155, Loss: 0.1875
MSE Loss Between Generated and Conditioned: 6.5679
Epoch: 156, Loss: 0.1872
MSE Loss Between Generated and Conditioned: 12.0770
Epoch: 157, Loss: 0.1869
MSE Loss Between Generated and Conditioned: 14.7468
Epoch: 158, Loss: 0.1866
MSE Loss Between Generated and Conditioned: 6.5325
Epoch: 159, Loss: 0.1863
MSE Loss Between Generated and Conditioned: 13.5036
Epoch: 160, Loss: 0.1860
MSE Loss Between Generated and Conditioned: 12.3598
Epoch: 161, Loss: 0.1856
MSE Loss Between Generated and Conditioned: 16.6005
Epoch: 162, Loss: 0.1853
MSE Loss Between Generated and Conditioned: 8.0734
Epoch: 163, Loss: 0.1851
MSE Loss Between Generated and Conditioned: 10.6123
Epoch: 164, Loss: 0.1848
MSE Loss Between Generated and Conditioned: 3.4625
Epoch: 165, Loss: 0.1845
MSE Loss Between Generated and Conditioned: 7.5729
Epoch: 166, Loss: 0.1843
MSE Loss Between Generated and Conditioned: 7.2835
Epoch: 167, Loss: 0.1840
MSE Loss Between Generated and Conditioned: 7.1167
Epoch: 168, Loss: 0.1837
MSE Loss Between Generated and Conditioned: 3.5639
Epoch: 169, Loss: 0.1835
MSE Loss Between Generated and Conditioned: 14.3085
Epoch: 170, Loss: 0.1832
MSE Loss Between Generated and Conditioned: 7.0871
Epoch: 171, Loss: 0.1829
MSE Loss Between Generated and Conditioned: 6.7568
Epoch: 172, Loss: 0.1826
MSE Loss Between Generated and Conditioned: 3.3845
Epoch: 173, Loss: 0.1823
MSE Loss Between Generated and Conditioned: 8.5198
Epoch: 174, Loss: 0.1821
MSE Loss Between Generated and Conditioned: 9.0617
Epoch: 175, Loss: 0.1819
MSE Loss Between Generated and Conditioned: 13.5955
Epoch: 176, Loss: 0.1816
MSE Loss Between Generated and Conditioned: 5.6709
Epoch: 177, Loss: 0.1813
MSE Loss Between Generated and Conditioned: 9.7940
Epoch: 178, Loss: 0.1810
MSE Loss Between Generated and Conditioned: 5.1540
Epoch: 179, Loss: 0.1808
MSE Loss Between Generated and Conditioned: 2.8950
Epoch: 180, Loss: 0.1805
MSE Loss Between Generated and Conditioned: 2.7146
Epoch: 181, Loss: 0.1803
MSE Loss Between Generated and Conditioned: 5.6405
Epoch: 182, Loss: 0.1800
MSE Loss Between Generated and Conditioned: 4.0534
Epoch: 183, Loss: 0.1798
MSE Loss Between Generated and Conditioned: 2.9064
Epoch: 184, Loss: 0.1795
MSE Loss Between Generated and Conditioned: 2.8456
Epoch: 185, Loss: 0.1793
MSE Loss Between Generated and Conditioned: 2.2640
Epoch: 186, Loss: 0.1791
MSE Loss Between Generated and Conditioned: 3.4846
Epoch: 187, Loss: 0.1789
MSE Loss Between Generated and Conditioned: 4.2226
Epoch: 188, Loss: 0.1787
MSE Loss Between Generated and Conditioned: 3.7014
Epoch: 189, Loss: 0.1784
MSE Loss Between Generated and Conditioned: 4.6731
Epoch: 190, Loss: 0.1782
MSE Loss Between Generated and Conditioned: 3.2152
Epoch: 191, Loss: 0.1780
MSE Loss Between Generated and Conditioned: 2.9562
Epoch: 192, Loss: 0.1778
MSE Loss Between Generated and Conditioned: 4.1326
Epoch: 193, Loss: 0.1776
MSE Loss Between Generated and Conditioned: 3.8781
Epoch: 194, Loss: 0.1774
MSE Loss Between Generated and Conditioned: 6.9345
Epoch: 195, Loss: 0.1772
MSE Loss Between Generated and Conditioned: 2.2403
Epoch: 196, Loss: 0.1770
MSE Loss Between Generated and Conditioned: 3.1275
Epoch: 197, Loss: 0.1767
MSE Loss Between Generated and Conditioned: 3.6990
Epoch: 198, Loss: 0.1765
MSE Loss Between Generated and Conditioned: 2.1422
Epoch: 199, Loss: 0.1763
MSE Loss Between Generated and Conditioned: 5.9090
Epoch: 200, Loss: 0.1762
MSE Loss Between Generated and Conditioned: 1.5920
Epoch: 201, Loss: 0.1760
MSE Loss Between Generated and Conditioned: 2.9587
Epoch: 202, Loss: 0.1758
MSE Loss Between Generated and Conditioned: 3.6661
Epoch: 203, Loss: 0.1756
MSE Loss Between Generated and Conditioned: 5.3721
Epoch: 204, Loss: 0.1754
MSE Loss Between Generated and Conditioned: 3.1000
Epoch: 205, Loss: 0.1752
MSE Loss Between Generated and Conditioned: 2.5765
Epoch: 206, Loss: 0.1750
MSE Loss Between Generated and Conditioned: 2.7094
Epoch: 207, Loss: 0.1748
MSE Loss Between Generated and Conditioned: 1.3801
Epoch: 208, Loss: 0.1746
MSE Loss Between Generated and Conditioned: 2.2927
Epoch: 209, Loss: 0.1745
MSE Loss Between Generated and Conditioned: 2.6415
Epoch: 210, Loss: 0.1743
MSE Loss Between Generated and Conditioned: 3.1997
Epoch: 211, Loss: 0.1741
MSE Loss Between Generated and Conditioned: 3.5526
Epoch: 212, Loss: 0.1739
MSE Loss Between Generated and Conditioned: 2.3379
Epoch: 213, Loss: 0.1738
MSE Loss Between Generated and Conditioned: 2.0062
Epoch: 214, Loss: 0.1736
MSE Loss Between Generated and Conditioned: 1.9041
Epoch: 215, Loss: 0.1735
MSE Loss Between Generated and Conditioned: 2.2364
Epoch: 216, Loss: 0.1733
MSE Loss Between Generated and Conditioned: 2.9619
Epoch: 217, Loss: 0.1731
MSE Loss Between Generated and Conditioned: 1.6521
Epoch: 218, Loss: 0.1730
MSE Loss Between Generated and Conditioned: 2.4860
Epoch: 219, Loss: 0.1728
MSE Loss Between Generated and Conditioned: 1.5095
Epoch: 220, Loss: 0.1726
MSE Loss Between Generated and Conditioned: 1.6970
Epoch: 221, Loss: 0.1724
MSE Loss Between Generated and Conditioned: 2.1651
Epoch: 222, Loss: 0.1723
MSE Loss Between Generated and Conditioned: 2.4666
Epoch: 223, Loss: 0.1721
MSE Loss Between Generated and Conditioned: 1.6937
Epoch: 224, Loss: 0.1719
MSE Loss Between Generated and Conditioned: 3.8599
Epoch: 225, Loss: 0.1718
MSE Loss Between Generated and Conditioned: 2.0265
Epoch: 226, Loss: 0.1716
MSE Loss Between Generated and Conditioned: 8.2719
Epoch: 227, Loss: 0.1714
MSE Loss Between Generated and Conditioned: 1.7164
Epoch: 228, Loss: 0.1713
MSE Loss Between Generated and Conditioned: 1.8498
Epoch: 229, Loss: 0.1711
MSE Loss Between Generated and Conditioned: 1.3526
Epoch: 230, Loss: 0.1710
MSE Loss Between Generated and Conditioned: 3.5879
Epoch: 231, Loss: 0.1708
MSE Loss Between Generated and Conditioned: 1.5956
Epoch: 232, Loss: 0.1707
MSE Loss Between Generated and Conditioned: 2.0539
Epoch: 233, Loss: 0.1705
MSE Loss Between Generated and Conditioned: 1.4432
Epoch: 234, Loss: 0.1703
MSE Loss Between Generated and Conditioned: 2.7052
Epoch: 235, Loss: 0.1702
MSE Loss Between Generated and Conditioned: 2.3937
Epoch: 236, Loss: 0.1700
MSE Loss Between Generated and Conditioned: 4.9614
Epoch: 237, Loss: 0.1699
MSE Loss Between Generated and Conditioned: 1.2512
Epoch: 238, Loss: 0.1697
MSE Loss Between Generated and Conditioned: 3.5049
Epoch: 239, Loss: 0.1696
MSE Loss Between Generated and Conditioned: 2.0657
Epoch: 240, Loss: 0.1695
MSE Loss Between Generated and Conditioned: 2.1746
Epoch: 241, Loss: 0.1693
MSE Loss Between Generated and Conditioned: 2.0379
Epoch: 242, Loss: 0.1692
MSE Loss Between Generated and Conditioned: 1.5234
Epoch: 243, Loss: 0.1690
MSE Loss Between Generated and Conditioned: 2.3364
Epoch: 244, Loss: 0.1689
MSE Loss Between Generated and Conditioned: 2.1098
Epoch: 245, Loss: 0.1688
MSE Loss Between Generated and Conditioned: 2.0011
Epoch: 246, Loss: 0.1687
MSE Loss Between Generated and Conditioned: 1.2987
Epoch: 247, Loss: 0.1685
MSE Loss Between Generated and Conditioned: 1.4034
Epoch: 248, Loss: 0.1684
MSE Loss Between Generated and Conditioned: 2.5184
Epoch: 249, Loss: 0.1682
MSE Loss Between Generated and Conditioned: 1.3800
Epoch: 250, Loss: 0.1681
MSE Loss Between Generated and Conditioned: 1.3007
Epoch: 251, Loss: 0.1679
MSE Loss Between Generated and Conditioned: 1.4148
Epoch: 252, Loss: 0.1678
MSE Loss Between Generated and Conditioned: 2.2985
Epoch: 253, Loss: 0.1677
MSE Loss Between Generated and Conditioned: 1.4771
Epoch: 254, Loss: 0.1676
MSE Loss Between Generated and Conditioned: 1.4471
Epoch: 255, Loss: 0.1675
MSE Loss Between Generated and Conditioned: 1.5947
Epoch: 256, Loss: 0.1673
MSE Loss Between Generated and Conditioned: 1.3314
Epoch: 257, Loss: 0.1672
MSE Loss Between Generated and Conditioned: 1.2661
Epoch: 258, Loss: 0.1671
MSE Loss Between Generated and Conditioned: 1.3186
Epoch: 259, Loss: 0.1670
MSE Loss Between Generated and Conditioned: 1.4073
Epoch: 260, Loss: 0.1669
MSE Loss Between Generated and Conditioned: 1.5134
Epoch: 261, Loss: 0.1668
MSE Loss Between Generated and Conditioned: 1.9637
Epoch: 262, Loss: 0.1667
MSE Loss Between Generated and Conditioned: 2.8026
Epoch: 263, Loss: 0.1666
MSE Loss Between Generated and Conditioned: 1.2956
Epoch: 264, Loss: 0.1665
MSE Loss Between Generated and Conditioned: 1.7210
Epoch: 265, Loss: 0.1663
MSE Loss Between Generated and Conditioned: 1.7075
Epoch: 266, Loss: 0.1662
MSE Loss Between Generated and Conditioned: 1.2682
Epoch: 267, Loss: 0.1661
MSE Loss Between Generated and Conditioned: 1.3842
Epoch: 268, Loss: 0.1660
MSE Loss Between Generated and Conditioned: 1.7043
Epoch: 269, Loss: 0.1658
MSE Loss Between Generated and Conditioned: 1.4047
Epoch: 270, Loss: 0.1657
MSE Loss Between Generated and Conditioned: 1.2784
Epoch: 271, Loss: 0.1656
MSE Loss Between Generated and Conditioned: 2.4432
Epoch: 272, Loss: 0.1655
MSE Loss Between Generated and Conditioned: 2.2277
Epoch: 273, Loss: 0.1654
MSE Loss Between Generated and Conditioned: 1.4516
Epoch: 274, Loss: 0.1653
MSE Loss Between Generated and Conditioned: 1.3247
Epoch: 275, Loss: 0.1652
MSE Loss Between Generated and Conditioned: 1.3567
Epoch: 276, Loss: 0.1651
MSE Loss Between Generated and Conditioned: 1.6079
Epoch: 277, Loss: 0.1650
MSE Loss Between Generated and Conditioned: 1.3684
Epoch: 278, Loss: 0.1649
MSE Loss Between Generated and Conditioned: 1.2945
Epoch: 279, Loss: 0.1648
MSE Loss Between Generated and Conditioned: 1.3396
Epoch: 280, Loss: 0.1647
MSE Loss Between Generated and Conditioned: 1.3063
Epoch: 281, Loss: 0.1646
MSE Loss Between Generated and Conditioned: 1.9172
Epoch: 282, Loss: 0.1645
MSE Loss Between Generated and Conditioned: 1.3064
Epoch: 283, Loss: 0.1644
MSE Loss Between Generated and Conditioned: 1.5745
Epoch: 284, Loss: 0.1643
MSE Loss Between Generated and Conditioned: 1.4239
Epoch: 285, Loss: 0.1642
MSE Loss Between Generated and Conditioned: 1.5714
Epoch: 286, Loss: 0.1641
MSE Loss Between Generated and Conditioned: 1.3929
Epoch: 287, Loss: 0.1639
MSE Loss Between Generated and Conditioned: 1.2658
Epoch: 288, Loss: 0.1638
MSE Loss Between Generated and Conditioned: 1.6608
Epoch: 289, Loss: 0.1637
MSE Loss Between Generated and Conditioned: 1.2582
Epoch: 290, Loss: 0.1636
MSE Loss Between Generated and Conditioned: 1.4649
Epoch: 291, Loss: 0.1635
MSE Loss Between Generated and Conditioned: 1.4635
Epoch: 292, Loss: 0.1634
MSE Loss Between Generated and Conditioned: 1.7666
Epoch: 293, Loss: 0.1633
MSE Loss Between Generated and Conditioned: 1.9063
Epoch: 294, Loss: 0.1632
MSE Loss Between Generated and Conditioned: 1.7063
Epoch: 295, Loss: 0.1631
MSE Loss Between Generated and Conditioned: 1.2915
Epoch: 296, Loss: 0.1630
MSE Loss Between Generated and Conditioned: 1.2449
Epoch: 297, Loss: 0.1629
MSE Loss Between Generated and Conditioned: 1.3164
Epoch: 298, Loss: 0.1628
MSE Loss Between Generated and Conditioned: 1.3149
Epoch: 299, Loss: 0.1627
MSE Loss Between Generated and Conditioned: 1.3075
Epoch: 300, Loss: 0.1626
Train: torch.Size([14031, 5, 64, 32]), Valid: torch.Size([4677, 5, 64, 32]), Test: torch.Size([4678, 5, 64, 32])
Starting Downstream Task
Running context window: 5 with stride: 5 with seed: 0
Shape: (5, 144, 72)
Epoch: 0, Train Loss: 0.00582, Valid Loss: 0.00376, EPS: 0.991
Epoch: 1, Train Loss: 0.00331, Valid Loss: 0.00320, EPS: 0.982
Epoch: 2, Train Loss: 0.00276, Valid Loss: 0.00276, EPS: 0.973
Epoch: 3, Train Loss: 0.00240, Valid Loss: 0.00257, EPS: 0.964
Epoch: 4, Train Loss: 0.00226, Valid Loss: 0.00249, EPS: 0.955
Epoch: 5, Train Loss: 0.00218, Valid Loss: 0.00242, EPS: 0.946
Epoch: 6, Train Loss: 0.00215, Valid Loss: 0.00242, EPS: 0.9369999999999999
Epoch: 7, Train Loss: 0.00212, Valid Loss: 0.00242, EPS: 0.928
Epoch: 8, Train Loss: 0.00212, Valid Loss: 0.00240, EPS: 0.919
Epoch: 9, Train Loss: 0.00209, Valid Loss: 0.00239, EPS: 0.91
Epoch: 10, Train Loss: 0.00209, Valid Loss: 0.00236, EPS: 0.901
Epoch: 11, Train Loss: 0.00207, Valid Loss: 0.00236, EPS: 0.892
Epoch: 12, Train Loss: 0.00208, Valid Loss: 0.00237, EPS: 0.883
Epoch: 13, Train Loss: 0.00208, Valid Loss: 0.00237, EPS: 0.874
Epoch: 14, Train Loss: 0.00207, Valid Loss: 0.00237, EPS: 0.865
Epoch: 15, Train Loss: 0.00207, Valid Loss: 0.00241, EPS: 0.856
Epoch: 16, Train Loss: 0.00207, Valid Loss: 0.00233, EPS: 0.847
Epoch: 17, Train Loss: 0.00205, Valid Loss: 0.00238, EPS: 0.8380000000000001
Epoch: 18, Train Loss: 0.00205, Valid Loss: 0.00236, EPS: 0.8290000000000001
Epoch: 19, Train Loss: 0.00206, Valid Loss: 0.00235, EPS: 0.8200000000000001
Epoch: 20, Train Loss: 0.00203, Valid Loss: 0.00233, EPS: 0.811
Epoch: 21, Train Loss: 0.00202, Valid Loss: 0.00233, EPS: 0.802
Epoch: 22, Train Loss: 0.00202, Valid Loss: 0.00234, EPS: 0.793
Epoch: 23, Train Loss: 0.00202, Valid Loss: 0.00234, EPS: 0.784
Epoch: 24, Train Loss: 0.00203, Valid Loss: 0.00234, EPS: 0.775
Epoch: 25, Train Loss: 0.00201, Valid Loss: 0.00229, EPS: 0.766
Epoch: 26, Train Loss: 0.00199, Valid Loss: 0.00231, EPS: 0.757
Epoch: 27, Train Loss: 0.00199, Valid Loss: 0.00232, EPS: 0.748
Epoch: 28, Train Loss: 0.00198, Valid Loss: 0.00226, EPS: 0.739
Epoch: 29, Train Loss: 0.00198, Valid Loss: 0.00232, EPS: 0.73
Epoch: 30, Train Loss: 0.00200, Valid Loss: 0.00230, EPS: 0.721
Epoch: 31, Train Loss: 0.00201, Valid Loss: 0.00231, EPS: 0.712
Epoch: 32, Train Loss: 0.00199, Valid Loss: 0.00230, EPS: 0.703
Epoch: 33, Train Loss: 0.00199, Valid Loss: 0.00231, EPS: 0.694
Epoch: 34, Train Loss: 0.00198, Valid Loss: 0.00232, EPS: 0.685
Epoch: 35, Train Loss: 0.00198, Valid Loss: 0.00232, EPS: 0.676
Epoch: 36, Train Loss: 0.00198, Valid Loss: 0.00233, EPS: 0.667
Epoch: 37, Train Loss: 0.00198, Valid Loss: 0.00232, EPS: 0.658
Epoch: 38, Train Loss: 0.00199, Valid Loss: 0.00232, EPS: 0.649
Epoch: 39, Train Loss: 0.00199, Valid Loss: 0.00230, EPS: 0.64
Epoch: 40, Train Loss: 0.00182, Valid Loss: 0.00217, EPS: 0.6310000000000001
Epoch: 41, Train Loss: 0.00170, Valid Loss: 0.00212, EPS: 0.6220000000000001
Epoch: 42, Train Loss: 0.00164, Valid Loss: 0.00209, EPS: 0.6130000000000001
Epoch: 43, Train Loss: 0.00162, Valid Loss: 0.00207, EPS: 0.6040000000000001
Epoch: 44, Train Loss: 0.00160, Valid Loss: 0.00207, EPS: 0.5950000000000001
Epoch: 45, Train Loss: 0.00159, Valid Loss: 0.00205, EPS: 0.5860000000000001
Epoch: 46, Train Loss: 0.00158, Valid Loss: 0.00205, EPS: 0.5770000000000001
Epoch: 47, Train Loss: 0.00158, Valid Loss: 0.00205, EPS: 0.5680000000000001
Epoch: 48, Train Loss: 0.00157, Valid Loss: 0.00205, EPS: 0.559
Epoch: 49, Train Loss: 0.00156, Valid Loss: 0.00205, EPS: 0.55
Epoch: 50, Train Loss: 0.00156, Valid Loss: 0.00204, EPS: 0.541
Epoch: 51, Train Loss: 0.00155, Valid Loss: 0.00204, EPS: 0.532
Epoch: 52, Train Loss: 0.00155, Valid Loss: 0.00205, EPS: 0.523
Epoch: 53, Train Loss: 0.00155, Valid Loss: 0.00204, EPS: 0.514
Epoch: 54, Train Loss: 0.00154, Valid Loss: 0.00202, EPS: 0.505
Epoch: 55, Train Loss: 0.00154, Valid Loss: 0.00203, EPS: 0.496
Epoch: 56, Train Loss: 0.00154, Valid Loss: 0.00203, EPS: 0.4870000000000001
Epoch: 57, Train Loss: 0.00153, Valid Loss: 0.00204, EPS: 0.4780000000000001
Epoch: 58, Train Loss: 0.00153, Valid Loss: 0.00204, EPS: 0.4690000000000001
Epoch: 59, Train Loss: 0.00153, Valid Loss: 0.00202, EPS: 0.4600000000000001
Epoch: 60, Train Loss: 0.00153, Valid Loss: 0.00204, EPS: 0.45100000000000007
Epoch: 61, Train Loss: 0.00152, Valid Loss: 0.00202, EPS: 0.44200000000000006
Epoch: 62, Train Loss: 0.00151, Valid Loss: 0.00202, EPS: 0.43300000000000005
Epoch: 63, Train Loss: 0.00150, Valid Loss: 0.00202, EPS: 0.42400000000000004
Epoch: 64, Train Loss: 0.00150, Valid Loss: 0.00201, EPS: 0.41500000000000004
Epoch: 65, Train Loss: 0.00149, Valid Loss: 0.00203, EPS: 0.406
Epoch: 66, Train Loss: 0.00149, Valid Loss: 0.00202, EPS: 0.397
Epoch: 67, Train Loss: 0.00148, Valid Loss: 0.00201, EPS: 0.388
Epoch: 68, Train Loss: 0.00147, Valid Loss: 0.00200, EPS: 0.3790000000000001
Epoch: 69, Train Loss: 0.00148, Valid Loss: 0.00200, EPS: 0.3700000000000001
Epoch: 70, Train Loss: 0.00148, Valid Loss: 0.00201, EPS: 0.3610000000000001
Epoch: 71, Train Loss: 0.00146, Valid Loss: 0.00199, EPS: 0.3520000000000001
Epoch: 72, Train Loss: 0.00146, Valid Loss: 0.00201, EPS: 0.343
Epoch: 73, Train Loss: 0.00146, Valid Loss: 0.00200, EPS: 0.334
Epoch: 74, Train Loss: 0.00146, Valid Loss: 0.00201, EPS: 0.325
Epoch: 75, Train Loss: 0.00145, Valid Loss: 0.00201, EPS: 0.316
Epoch: 76, Train Loss: 0.00145, Valid Loss: 0.00200, EPS: 0.307
Epoch: 77, Train Loss: 0.00145, Valid Loss: 0.00200, EPS: 0.298
Epoch: 78, Train Loss: 0.00145, Valid Loss: 0.00201, EPS: 0.289
Epoch: 79, Train Loss: 0.00144, Valid Loss: 0.00201, EPS: 0.27999999999999997
Epoch: 80, Train Loss: 0.00145, Valid Loss: 0.00201, EPS: 0.27099999999999996
Epoch: 81, Train Loss: 0.00145, Valid Loss: 0.00202, EPS: 0.26200000000000007
Epoch: 82, Train Loss: 0.00145, Valid Loss: 0.00202, EPS: 0.25300000000000006
Epoch: 83, Train Loss: 0.00141, Valid Loss: 0.00198, EPS: 0.24400000000000005
Epoch: 84, Train Loss: 0.00138, Valid Loss: 0.00197, EPS: 0.23500000000000004
Epoch: 85, Train Loss: 0.00137, Valid Loss: 0.00196, EPS: 0.22600000000000003
Epoch: 86, Train Loss: 0.00137, Valid Loss: 0.00197, EPS: 0.21700000000000003
Epoch: 87, Train Loss: 0.00136, Valid Loss: 0.00196, EPS: 0.20800000000000002
Epoch: 88, Train Loss: 0.00136, Valid Loss: 0.00197, EPS: 0.199
Epoch: 89, Train Loss: 0.00137, Valid Loss: 0.00196, EPS: 0.19
Epoch: 90, Train Loss: 0.00136, Valid Loss: 0.00196, EPS: 0.181
Epoch: 91, Train Loss: 0.00135, Valid Loss: 0.00197, EPS: 0.172
Epoch: 92, Train Loss: 0.00135, Valid Loss: 0.00196, EPS: 0.16299999999999998
Epoch: 93, Train Loss: 0.00135, Valid Loss: 0.00196, EPS: 0.15400000000000005
Epoch: 94, Train Loss: 0.00136, Valid Loss: 0.00196, EPS: 0.14500000000000005
Epoch: 95, Train Loss: 0.00136, Valid Loss: 0.00196, EPS: 0.13600000000000004
Epoch: 96, Train Loss: 0.00135, Valid Loss: 0.00196, EPS: 0.12700000000000003
Epoch: 97, Train Loss: 0.00135, Valid Loss: 0.00197, EPS: 0.11800000000000002
Epoch: 98, Train Loss: 0.00135, Valid Loss: 0.00196, EPS: 0.10900000000000001
Epoch: 99, Train Loss: 0.00135, Valid Loss: 0.00197, EPS: 0.1
Test Loss: 0.00197
Test Loss: 0.00190
Running context window: 5 with stride: 10 with seed: 0
Shape: (5, 144, 72)
Epoch: 0, Train Loss: 0.00736, Valid Loss: 0.00445, EPS: 0.991
Epoch: 1, Train Loss: 0.00399, Valid Loss: 0.00373, EPS: 0.982
Epoch: 2, Train Loss: 0.00336, Valid Loss: 0.00335, EPS: 0.973
Epoch: 3, Train Loss: 0.00296, Valid Loss: 0.00306, EPS: 0.964
Epoch: 4, Train Loss: 0.00263, Valid Loss: 0.00292, EPS: 0.955
Epoch: 5, Train Loss: 0.00239, Valid Loss: 0.00274, EPS: 0.946
Epoch: 6, Train Loss: 0.00222, Valid Loss: 0.00261, EPS: 0.9369999999999999
Epoch: 7, Train Loss: 0.00214, Valid Loss: 0.00257, EPS: 0.928
Epoch: 8, Train Loss: 0.00203, Valid Loss: 0.00251, EPS: 0.919
Epoch: 9, Train Loss: 0.00198, Valid Loss: 0.00246, EPS: 0.91
Epoch: 10, Train Loss: 0.00196, Valid Loss: 0.00246, EPS: 0.901
Epoch: 11, Train Loss: 0.00192, Valid Loss: 0.00246, EPS: 0.892
Epoch: 12, Train Loss: 0.00190, Valid Loss: 0.00243, EPS: 0.883
Epoch: 13, Train Loss: 0.00187, Valid Loss: 0.00245, EPS: 0.874
Epoch: 14, Train Loss: 0.00187, Valid Loss: 0.00241, EPS: 0.865
Epoch: 15, Train Loss: 0.00186, Valid Loss: 0.00243, EPS: 0.856
Epoch: 16, Train Loss: 0.00186, Valid Loss: 0.00244, EPS: 0.847
Epoch: 17, Train Loss: 0.00184, Valid Loss: 0.00246, EPS: 0.8380000000000001
Epoch: 18, Train Loss: 0.00183, Valid Loss: 0.00244, EPS: 0.8290000000000001
Epoch: 19, Train Loss: 0.00182, Valid Loss: 0.00241, EPS: 0.8200000000000001
Epoch: 20, Train Loss: 0.00183, Valid Loss: 0.00240, EPS: 0.811
Epoch: 21, Train Loss: 0.00181, Valid Loss: 0.00243, EPS: 0.802
Epoch: 22, Train Loss: 0.00180, Valid Loss: 0.00239, EPS: 0.793
Epoch: 23, Train Loss: 0.00179, Valid Loss: 0.00240, EPS: 0.784
Epoch: 24, Train Loss: 0.00179, Valid Loss: 0.00241, EPS: 0.775
Epoch: 25, Train Loss: 0.00183, Valid Loss: 0.00239, EPS: 0.766
Epoch: 26, Train Loss: 0.00179, Valid Loss: 0.00243, EPS: 0.757
Epoch: 27, Train Loss: 0.00178, Valid Loss: 0.00244, EPS: 0.748
Epoch: 28, Train Loss: 0.00177, Valid Loss: 0.00239, EPS: 0.739
Epoch: 29, Train Loss: 0.00177, Valid Loss: 0.00239, EPS: 0.73
Epoch: 30, Train Loss: 0.00175, Valid Loss: 0.00238, EPS: 0.721
Epoch: 31, Train Loss: 0.00175, Valid Loss: 0.00238, EPS: 0.712
Epoch: 32, Train Loss: 0.00178, Valid Loss: 0.00236, EPS: 0.703
Epoch: 33, Train Loss: 0.00175, Valid Loss: 0.00236, EPS: 0.694
Epoch: 34, Train Loss: 0.00177, Valid Loss: 0.00241, EPS: 0.685
Epoch: 35, Train Loss: 0.00175, Valid Loss: 0.00244, EPS: 0.676
Epoch: 36, Train Loss: 0.00180, Valid Loss: 0.00238, EPS: 0.667
Epoch: 37, Train Loss: 0.00171, Valid Loss: 0.00239, EPS: 0.658
Epoch: 38, Train Loss: 0.00172, Valid Loss: 0.00236, EPS: 0.649
Epoch: 39, Train Loss: 0.00169, Valid Loss: 0.00239, EPS: 0.64
Epoch: 40, Train Loss: 0.00174, Valid Loss: 0.00240, EPS: 0.6310000000000001
Epoch: 41, Train Loss: 0.00175, Valid Loss: 0.00240, EPS: 0.6220000000000001
Epoch: 42, Train Loss: 0.00175, Valid Loss: 0.00238, EPS: 0.6130000000000001
Epoch: 43, Train Loss: 0.00173, Valid Loss: 0.00237, EPS: 0.6040000000000001
Epoch: 44, Train Loss: 0.00160, Valid Loss: 0.00227, EPS: 0.5950000000000001
Epoch: 45, Train Loss: 0.00150, Valid Loss: 0.00223, EPS: 0.5860000000000001
Epoch: 46, Train Loss: 0.00144, Valid Loss: 0.00220, EPS: 0.5770000000000001
Epoch: 47, Train Loss: 0.00141, Valid Loss: 0.00220, EPS: 0.5680000000000001
Epoch: 48, Train Loss: 0.00139, Valid Loss: 0.00218, EPS: 0.559
Epoch: 49, Train Loss: 0.00136, Valid Loss: 0.00217, EPS: 0.55
Epoch: 50, Train Loss: 0.00133, Valid Loss: 0.00213, EPS: 0.541
Epoch: 51, Train Loss: 0.00133, Valid Loss: 0.00215, EPS: 0.532
Epoch: 52, Train Loss: 0.00132, Valid Loss: 0.00213, EPS: 0.523
Epoch: 53, Train Loss: 0.00131, Valid Loss: 0.00214, EPS: 0.514
Epoch: 54, Train Loss: 0.00132, Valid Loss: 0.00215, EPS: 0.505
Epoch: 55, Train Loss: 0.00130, Valid Loss: 0.00214, EPS: 0.496
Epoch: 56, Train Loss: 0.00130, Valid Loss: 0.00213, EPS: 0.4870000000000001
Epoch: 57, Train Loss: 0.00130, Valid Loss: 0.00213, EPS: 0.4780000000000001
Epoch: 58, Train Loss: 0.00129, Valid Loss: 0.00214, EPS: 0.4690000000000001
Epoch: 59, Train Loss: 0.00130, Valid Loss: 0.00214, EPS: 0.4600000000000001
Epoch: 60, Train Loss: 0.00129, Valid Loss: 0.00214, EPS: 0.45100000000000007
Epoch: 61, Train Loss: 0.00128, Valid Loss: 0.00214, EPS: 0.44200000000000006
Epoch: 62, Train Loss: 0.00127, Valid Loss: 0.00215, EPS: 0.43300000000000005
Epoch: 63, Train Loss: 0.00127, Valid Loss: 0.00214, EPS: 0.42400000000000004
Epoch: 64, Train Loss: 0.00128, Valid Loss: 0.00214, EPS: 0.41500000000000004
Epoch: 65, Train Loss: 0.00126, Valid Loss: 0.00214, EPS: 0.406
Epoch: 66, Train Loss: 0.00127, Valid Loss: 0.00212, EPS: 0.397
Epoch: 67, Train Loss: 0.00126, Valid Loss: 0.00213, EPS: 0.388
Epoch: 68, Train Loss: 0.00126, Valid Loss: 0.00213, EPS: 0.3790000000000001
Epoch: 69, Train Loss: 0.00126, Valid Loss: 0.00215, EPS: 0.3700000000000001
Epoch: 70, Train Loss: 0.00126, Valid Loss: 0.00213, EPS: 0.3610000000000001
Epoch: 71, Train Loss: 0.00125, Valid Loss: 0.00213, EPS: 0.3520000000000001
Epoch: 72, Train Loss: 0.00124, Valid Loss: 0.00212, EPS: 0.343
Epoch: 73, Train Loss: 0.00124, Valid Loss: 0.00214, EPS: 0.334
Epoch: 74, Train Loss: 0.00124, Valid Loss: 0.00213, EPS: 0.325
Epoch: 75, Train Loss: 0.00123, Valid Loss: 0.00214, EPS: 0.316
Epoch: 76, Train Loss: 0.00123, Valid Loss: 0.00214, EPS: 0.307
Epoch: 77, Train Loss: 0.00122, Valid Loss: 0.00213, EPS: 0.298
Epoch: 78, Train Loss: 0.00122, Valid Loss: 0.00214, EPS: 0.289
Epoch: 79, Train Loss: 0.00122, Valid Loss: 0.00213, EPS: 0.27999999999999997
Epoch: 80, Train Loss: 0.00120, Valid Loss: 0.00214, EPS: 0.27099999999999996
Epoch: 81, Train Loss: 0.00120, Valid Loss: 0.00214, EPS: 0.26200000000000007
Epoch: 82, Train Loss: 0.00119, Valid Loss: 0.00215, EPS: 0.25300000000000006
Epoch: 83, Train Loss: 0.00118, Valid Loss: 0.00213, EPS: 0.24400000000000005
Epoch: 84, Train Loss: 0.00117, Valid Loss: 0.00213, EPS: 0.23500000000000004
Epoch: 85, Train Loss: 0.00115, Valid Loss: 0.00211, EPS: 0.22600000000000003
Epoch: 86, Train Loss: 0.00114, Valid Loss: 0.00212, EPS: 0.21700000000000003
Epoch: 87, Train Loss: 0.00114, Valid Loss: 0.00210, EPS: 0.20800000000000002
Epoch: 88, Train Loss: 0.00114, Valid Loss: 0.00212, EPS: 0.199
Epoch: 89, Train Loss: 0.00114, Valid Loss: 0.00212, EPS: 0.19
Epoch: 90, Train Loss: 0.00113, Valid Loss: 0.00212, EPS: 0.181
Epoch: 91, Train Loss: 0.00113, Valid Loss: 0.00212, EPS: 0.172
Epoch: 92, Train Loss: 0.00113, Valid Loss: 0.00211, EPS: 0.16299999999999998
Epoch: 93, Train Loss: 0.00113, Valid Loss: 0.00212, EPS: 0.15400000000000005
Epoch: 94, Train Loss: 0.00113, Valid Loss: 0.00212, EPS: 0.14500000000000005
Epoch: 95, Train Loss: 0.00112, Valid Loss: 0.00211, EPS: 0.13600000000000004
Epoch: 96, Train Loss: 0.00112, Valid Loss: 0.00212, EPS: 0.12700000000000003
Epoch: 97, Train Loss: 0.00112, Valid Loss: 0.00210, EPS: 0.11800000000000002
Epoch: 98, Train Loss: 0.00111, Valid Loss: 0.00210, EPS: 0.10900000000000001
Epoch: 99, Train Loss: 0.00113, Valid Loss: 0.00210, EPS: 0.1
Test Loss: 0.00211
Test Loss: 0.00204
Running context window: 5 with stride: 5 with seed: 42
Shape: (5, 144, 72)
Epoch: 0, Train Loss: 0.00579, Valid Loss: 0.00381, EPS: 0.991
Epoch: 1, Train Loss: 0.00329, Valid Loss: 0.00308, EPS: 0.982
Epoch: 2, Train Loss: 0.00269, Valid Loss: 0.00270, EPS: 0.973
Epoch: 3, Train Loss: 0.00241, Valid Loss: 0.00256, EPS: 0.964
Epoch: 4, Train Loss: 0.00228, Valid Loss: 0.00248, EPS: 0.955
Epoch: 5, Train Loss: 0.00219, Valid Loss: 0.00243, EPS: 0.946
Epoch: 6, Train Loss: 0.00215, Valid Loss: 0.00241, EPS: 0.9369999999999999
Epoch: 7, Train Loss: 0.00211, Valid Loss: 0.00237, EPS: 0.928
Epoch: 8, Train Loss: 0.00209, Valid Loss: 0.00237, EPS: 0.919
Epoch: 9, Train Loss: 0.00206, Valid Loss: 0.00236, EPS: 0.91
Epoch: 10, Train Loss: 0.00206, Valid Loss: 0.00235, EPS: 0.901
Epoch: 11, Train Loss: 0.00206, Valid Loss: 0.00236, EPS: 0.892
Epoch: 12, Train Loss: 0.00205, Valid Loss: 0.00236, EPS: 0.883
Epoch: 13, Train Loss: 0.00206, Valid Loss: 0.00234, EPS: 0.874
Epoch: 14, Train Loss: 0.00206, Valid Loss: 0.00238, EPS: 0.865
Epoch: 15, Train Loss: 0.00205, Valid Loss: 0.00238, EPS: 0.856
Epoch: 16, Train Loss: 0.00203, Valid Loss: 0.00234, EPS: 0.847
Epoch: 17, Train Loss: 0.00203, Valid Loss: 0.00235, EPS: 0.8380000000000001
Epoch: 18, Train Loss: 0.00201, Valid Loss: 0.00232, EPS: 0.8290000000000001
Epoch: 19, Train Loss: 0.00201, Valid Loss: 0.00236, EPS: 0.8200000000000001
Epoch: 20, Train Loss: 0.00202, Valid Loss: 0.00234, EPS: 0.811
Epoch: 21, Train Loss: 0.00202, Valid Loss: 0.00233, EPS: 0.802
Epoch: 22, Train Loss: 0.00202, Valid Loss: 0.00233, EPS: 0.793
Epoch: 23, Train Loss: 0.00200, Valid Loss: 0.00231, EPS: 0.784
Epoch: 24, Train Loss: 0.00199, Valid Loss: 0.00231, EPS: 0.775
Epoch: 25, Train Loss: 0.00198, Valid Loss: 0.00232, EPS: 0.766
Epoch: 26, Train Loss: 0.00200, Valid Loss: 0.00233, EPS: 0.757
Epoch: 27, Train Loss: 0.00201, Valid Loss: 0.00235, EPS: 0.748
Epoch: 28, Train Loss: 0.00198, Valid Loss: 0.00231, EPS: 0.739
Epoch: 29, Train Loss: 0.00198, Valid Loss: 0.00234, EPS: 0.73
Epoch: 30, Train Loss: 0.00200, Valid Loss: 0.00230, EPS: 0.721
Epoch: 31, Train Loss: 0.00198, Valid Loss: 0.00232, EPS: 0.712
Epoch: 32, Train Loss: 0.00198, Valid Loss: 0.00230, EPS: 0.703
Epoch: 33, Train Loss: 0.00197, Valid Loss: 0.00230, EPS: 0.694
Epoch: 34, Train Loss: 0.00197, Valid Loss: 0.00232, EPS: 0.685
Epoch: 35, Train Loss: 0.00199, Valid Loss: 0.00231, EPS: 0.676
Epoch: 36, Train Loss: 0.00199, Valid Loss: 0.00233, EPS: 0.667
Epoch: 37, Train Loss: 0.00198, Valid Loss: 0.00237, EPS: 0.658
Epoch: 38, Train Loss: 0.00199, Valid Loss: 0.00233, EPS: 0.649
Epoch: 39, Train Loss: 0.00196, Valid Loss: 0.00232, EPS: 0.64
Epoch: 40, Train Loss: 0.00198, Valid Loss: 0.00228, EPS: 0.6310000000000001
Epoch: 41, Train Loss: 0.00196, Valid Loss: 0.00231, EPS: 0.6220000000000001
Epoch: 42, Train Loss: 0.00198, Valid Loss: 0.00231, EPS: 0.6130000000000001
Epoch: 43, Train Loss: 0.00196, Valid Loss: 0.00230, EPS: 0.6040000000000001
Epoch: 44, Train Loss: 0.00195, Valid Loss: 0.00229, EPS: 0.5950000000000001
Epoch: 45, Train Loss: 0.00196, Valid Loss: 0.00227, EPS: 0.5860000000000001
Epoch: 46, Train Loss: 0.00196, Valid Loss: 0.00227, EPS: 0.5770000000000001
Epoch: 47, Train Loss: 0.00195, Valid Loss: 0.00231, EPS: 0.5680000000000001
Epoch: 48, Train Loss: 0.00196, Valid Loss: 0.00225, EPS: 0.559
Epoch: 49, Train Loss: 0.00194, Valid Loss: 0.00230, EPS: 0.55
Epoch: 50, Train Loss: 0.00194, Valid Loss: 0.00229, EPS: 0.541
Epoch: 51, Train Loss: 0.00195, Valid Loss: 0.00227, EPS: 0.532
Epoch: 52, Train Loss: 0.00195, Valid Loss: 0.00231, EPS: 0.523
Epoch: 53, Train Loss: 0.00195, Valid Loss: 0.00233, EPS: 0.514
Epoch: 54, Train Loss: 0.00195, Valid Loss: 0.00228, EPS: 0.505
Epoch: 55, Train Loss: 0.00193, Valid Loss: 0.00230, EPS: 0.496
Epoch: 56, Train Loss: 0.00194, Valid Loss: 0.00229, EPS: 0.4870000000000001
Epoch: 57, Train Loss: 0.00194, Valid Loss: 0.00227, EPS: 0.4780000000000001
Epoch: 58, Train Loss: 0.00194, Valid Loss: 0.00225, EPS: 0.4690000000000001
Epoch: 59, Train Loss: 0.00194, Valid Loss: 0.00226, EPS: 0.4600000000000001
Epoch: 60, Train Loss: 0.00194, Valid Loss: 0.00228, EPS: 0.45100000000000007
Epoch: 61, Train Loss: 0.00194, Valid Loss: 0.00226, EPS: 0.44200000000000006
Epoch: 62, Train Loss: 0.00194, Valid Loss: 0.00229, EPS: 0.43300000000000005
Epoch: 63, Train Loss: 0.00194, Valid Loss: 0.00229, EPS: 0.42400000000000004
Epoch: 64, Train Loss: 0.00193, Valid Loss: 0.00230, EPS: 0.41500000000000004
Epoch: 65, Train Loss: 0.00193, Valid Loss: 0.00227, EPS: 0.406
Epoch: 66, Train Loss: 0.00194, Valid Loss: 0.00225, EPS: 0.397
Epoch: 67, Train Loss: 0.00192, Valid Loss: 0.00225, EPS: 0.388
Epoch: 68, Train Loss: 0.00190, Valid Loss: 0.00228, EPS: 0.3790000000000001
Epoch: 69, Train Loss: 0.00193, Valid Loss: 0.00231, EPS: 0.3700000000000001
Epoch: 70, Train Loss: 0.00177, Valid Loss: 0.00215, EPS: 0.3610000000000001
Epoch: 71, Train Loss: 0.00167, Valid Loss: 0.00210, EPS: 0.3520000000000001
Epoch: 72, Train Loss: 0.00162, Valid Loss: 0.00208, EPS: 0.343
Epoch: 73, Train Loss: 0.00159, Valid Loss: 0.00205, EPS: 0.334
Epoch: 74, Train Loss: 0.00158, Valid Loss: 0.00205, EPS: 0.325
Epoch: 75, Train Loss: 0.00157, Valid Loss: 0.00205, EPS: 0.316
Epoch: 76, Train Loss: 0.00157, Valid Loss: 0.00204, EPS: 0.307
Epoch: 77, Train Loss: 0.00156, Valid Loss: 0.00204, EPS: 0.298
Epoch: 78, Train Loss: 0.00155, Valid Loss: 0.00203, EPS: 0.289
Epoch: 79, Train Loss: 0.00155, Valid Loss: 0.00204, EPS: 0.27999999999999997
Epoch: 80, Train Loss: 0.00155, Valid Loss: 0.00203, EPS: 0.27099999999999996
Epoch: 81, Train Loss: 0.00154, Valid Loss: 0.00203, EPS: 0.26200000000000007
Epoch: 82, Train Loss: 0.00154, Valid Loss: 0.00204, EPS: 0.25300000000000006
Epoch: 83, Train Loss: 0.00153, Valid Loss: 0.00202, EPS: 0.24400000000000005
Epoch: 84, Train Loss: 0.00153, Valid Loss: 0.00202, EPS: 0.23500000000000004
Epoch: 85, Train Loss: 0.00153, Valid Loss: 0.00203, EPS: 0.22600000000000003
Epoch: 86, Train Loss: 0.00152, Valid Loss: 0.00203, EPS: 0.21700000000000003
Epoch: 87, Train Loss: 0.00152, Valid Loss: 0.00202, EPS: 0.20800000000000002
Epoch: 88, Train Loss: 0.00152, Valid Loss: 0.00204, EPS: 0.199
Epoch: 89, Train Loss: 0.00151, Valid Loss: 0.00202, EPS: 0.19
Epoch: 90, Train Loss: 0.00151, Valid Loss: 0.00201, EPS: 0.181
Epoch: 91, Train Loss: 0.00150, Valid Loss: 0.00202, EPS: 0.172
Epoch: 92, Train Loss: 0.00150, Valid Loss: 0.00202, EPS: 0.16299999999999998
Epoch: 93, Train Loss: 0.00150, Valid Loss: 0.00200, EPS: 0.15400000000000005
Epoch: 94, Train Loss: 0.00149, Valid Loss: 0.00201, EPS: 0.14500000000000005
Epoch: 95, Train Loss: 0.00148, Valid Loss: 0.00202, EPS: 0.13600000000000004
Epoch: 96, Train Loss: 0.00148, Valid Loss: 0.00202, EPS: 0.12700000000000003
Epoch: 97, Train Loss: 0.00148, Valid Loss: 0.00202, EPS: 0.11800000000000002
Epoch: 98, Train Loss: 0.00148, Valid Loss: 0.00202, EPS: 0.10900000000000001
Epoch: 99, Train Loss: 0.00149, Valid Loss: 0.00201, EPS: 0.1
Test Loss: 0.00201
Test Loss: 0.00195
Running context window: 5 with stride: 10 with seed: 42
Shape: (5, 144, 72)
Epoch: 0, Train Loss: 0.00730, Valid Loss: 0.00435, EPS: 0.991
Epoch: 1, Train Loss: 0.00394, Valid Loss: 0.00370, EPS: 0.982
Epoch: 2, Train Loss: 0.00332, Valid Loss: 0.00336, EPS: 0.973
Epoch: 3, Train Loss: 0.00292, Valid Loss: 0.00308, EPS: 0.964
Epoch: 4, Train Loss: 0.00264, Valid Loss: 0.00286, EPS: 0.955
Epoch: 5, Train Loss: 0.00240, Valid Loss: 0.00272, EPS: 0.946
Epoch: 6, Train Loss: 0.00223, Valid Loss: 0.00262, EPS: 0.9369999999999999
Epoch: 7, Train Loss: 0.00213, Valid Loss: 0.00254, EPS: 0.928
Epoch: 8, Train Loss: 0.00205, Valid Loss: 0.00249, EPS: 0.919
Epoch: 9, Train Loss: 0.00199, Valid Loss: 0.00252, EPS: 0.91
Epoch: 10, Train Loss: 0.00196, Valid Loss: 0.00246, EPS: 0.901
Epoch: 11, Train Loss: 0.00190, Valid Loss: 0.00248, EPS: 0.892
Epoch: 12, Train Loss: 0.00187, Valid Loss: 0.00242, EPS: 0.883
Epoch: 13, Train Loss: 0.00183, Valid Loss: 0.00244, EPS: 0.874
Epoch: 14, Train Loss: 0.00183, Valid Loss: 0.00243, EPS: 0.865
Epoch: 15, Train Loss: 0.00182, Valid Loss: 0.00244, EPS: 0.856
Epoch: 16, Train Loss: 0.00183, Valid Loss: 0.00246, EPS: 0.847
Epoch: 17, Train Loss: 0.00184, Valid Loss: 0.00247, EPS: 0.8380000000000001
Epoch: 18, Train Loss: 0.00182, Valid Loss: 0.00246, EPS: 0.8290000000000001
Epoch: 19, Train Loss: 0.00184, Valid Loss: 0.00241, EPS: 0.8200000000000001
Epoch: 20, Train Loss: 0.00182, Valid Loss: 0.00242, EPS: 0.811
Epoch: 21, Train Loss: 0.00184, Valid Loss: 0.00243, EPS: 0.802
Epoch: 22, Train Loss: 0.00185, Valid Loss: 0.00247, EPS: 0.793
Epoch: 23, Train Loss: 0.00185, Valid Loss: 0.00241, EPS: 0.784
Epoch: 24, Train Loss: 0.00181, Valid Loss: 0.00244, EPS: 0.775
Epoch: 25, Train Loss: 0.00180, Valid Loss: 0.00241, EPS: 0.766
Epoch: 26, Train Loss: 0.00179, Valid Loss: 0.00243, EPS: 0.757
Epoch: 27, Train Loss: 0.00177, Valid Loss: 0.00240, EPS: 0.748
Epoch: 28, Train Loss: 0.00177, Valid Loss: 0.00242, EPS: 0.739
Epoch: 29, Train Loss: 0.00177, Valid Loss: 0.00242, EPS: 0.73
Epoch: 30, Train Loss: 0.00177, Valid Loss: 0.00238, EPS: 0.721
Epoch: 31, Train Loss: 0.00177, Valid Loss: 0.00242, EPS: 0.712
Epoch: 32, Train Loss: 0.00177, Valid Loss: 0.00240, EPS: 0.703
Epoch: 33, Train Loss: 0.00176, Valid Loss: 0.00240, EPS: 0.694
Epoch: 34, Train Loss: 0.00176, Valid Loss: 0.00241, EPS: 0.685
Epoch: 35, Train Loss: 0.00177, Valid Loss: 0.00239, EPS: 0.676
Epoch: 36, Train Loss: 0.00175, Valid Loss: 0.00237, EPS: 0.667
Epoch: 37, Train Loss: 0.00172, Valid Loss: 0.00239, EPS: 0.658
Epoch: 38, Train Loss: 0.00174, Valid Loss: 0.00239, EPS: 0.649
Epoch: 39, Train Loss: 0.00174, Valid Loss: 0.00235, EPS: 0.64
Epoch: 40, Train Loss: 0.00174, Valid Loss: 0.00239, EPS: 0.6310000000000001
Epoch: 41, Train Loss: 0.00173, Valid Loss: 0.00235, EPS: 0.6220000000000001
Epoch: 42, Train Loss: 0.00173, Valid Loss: 0.00239, EPS: 0.6130000000000001
Epoch: 43, Train Loss: 0.00172, Valid Loss: 0.00238, EPS: 0.6040000000000001
Epoch: 44, Train Loss: 0.00173, Valid Loss: 0.00240, EPS: 0.5950000000000001
Epoch: 45, Train Loss: 0.00172, Valid Loss: 0.00239, EPS: 0.5860000000000001
Epoch: 46, Train Loss: 0.00171, Valid Loss: 0.00237, EPS: 0.5770000000000001
Epoch: 47, Train Loss: 0.00169, Valid Loss: 0.00243, EPS: 0.5680000000000001
Epoch: 48, Train Loss: 0.00171, Valid Loss: 0.00236, EPS: 0.559
Epoch: 49, Train Loss: 0.00171, Valid Loss: 0.00241, EPS: 0.55
Epoch: 50, Train Loss: 0.00170, Valid Loss: 0.00237, EPS: 0.541
Epoch: 51, Train Loss: 0.00161, Valid Loss: 0.00230, EPS: 0.532
Epoch: 52, Train Loss: 0.00149, Valid Loss: 0.00224, EPS: 0.523
Epoch: 53, Train Loss: 0.00143, Valid Loss: 0.00222, EPS: 0.514
Epoch: 54, Train Loss: 0.00140, Valid Loss: 0.00220, EPS: 0.505
Epoch: 55, Train Loss: 0.00137, Valid Loss: 0.00217, EPS: 0.496
Epoch: 56, Train Loss: 0.00135, Valid Loss: 0.00215, EPS: 0.4870000000000001
Epoch: 57, Train Loss: 0.00133, Valid Loss: 0.00217, EPS: 0.4780000000000001
Epoch: 58, Train Loss: 0.00132, Valid Loss: 0.00216, EPS: 0.4690000000000001
Epoch: 59, Train Loss: 0.00132, Valid Loss: 0.00216, EPS: 0.4600000000000001
Epoch: 60, Train Loss: 0.00131, Valid Loss: 0.00214, EPS: 0.45100000000000007
Epoch: 61, Train Loss: 0.00131, Valid Loss: 0.00215, EPS: 0.44200000000000006
Epoch: 62, Train Loss: 0.00129, Valid Loss: 0.00214, EPS: 0.43300000000000005
Epoch: 63, Train Loss: 0.00130, Valid Loss: 0.00213, EPS: 0.42400000000000004
Epoch: 64, Train Loss: 0.00129, Valid Loss: 0.00214, EPS: 0.41500000000000004
Epoch: 65, Train Loss: 0.00129, Valid Loss: 0.00214, EPS: 0.406
Epoch: 66, Train Loss: 0.00128, Valid Loss: 0.00214, EPS: 0.397
Epoch: 67, Train Loss: 0.00127, Valid Loss: 0.00214, EPS: 0.388
Epoch: 68, Train Loss: 0.00127, Valid Loss: 0.00213, EPS: 0.3790000000000001
Epoch: 69, Train Loss: 0.00127, Valid Loss: 0.00215, EPS: 0.3700000000000001
Epoch: 70, Train Loss: 0.00127, Valid Loss: 0.00212, EPS: 0.3610000000000001
Epoch: 71, Train Loss: 0.00126, Valid Loss: 0.00214, EPS: 0.3520000000000001
Epoch: 72, Train Loss: 0.00126, Valid Loss: 0.00213, EPS: 0.343
Epoch: 73, Train Loss: 0.00126, Valid Loss: 0.00214, EPS: 0.334
Epoch: 74, Train Loss: 0.00126, Valid Loss: 0.00215, EPS: 0.325
Epoch: 75, Train Loss: 0.00125, Valid Loss: 0.00213, EPS: 0.316
Epoch: 76, Train Loss: 0.00125, Valid Loss: 0.00213, EPS: 0.307
Epoch: 77, Train Loss: 0.00124, Valid Loss: 0.00214, EPS: 0.298
Epoch: 78, Train Loss: 0.00124, Valid Loss: 0.00213, EPS: 0.289
Epoch: 79, Train Loss: 0.00124, Valid Loss: 0.00215, EPS: 0.27999999999999997
Epoch: 80, Train Loss: 0.00123, Valid Loss: 0.00213, EPS: 0.27099999999999996
Epoch: 81, Train Loss: 0.00124, Valid Loss: 0.00212, EPS: 0.26200000000000007
Epoch: 82, Train Loss: 0.00122, Valid Loss: 0.00213, EPS: 0.25300000000000006
Epoch: 83, Train Loss: 0.00121, Valid Loss: 0.00213, EPS: 0.24400000000000005
Epoch: 84, Train Loss: 0.00121, Valid Loss: 0.00213, EPS: 0.23500000000000004
Epoch: 85, Train Loss: 0.00121, Valid Loss: 0.00212, EPS: 0.22600000000000003
Epoch: 86, Train Loss: 0.00121, Valid Loss: 0.00213, EPS: 0.21700000000000003
Epoch: 87, Train Loss: 0.00122, Valid Loss: 0.00213, EPS: 0.20800000000000002
Epoch: 88, Train Loss: 0.00120, Valid Loss: 0.00213, EPS: 0.199
Epoch: 89, Train Loss: 0.00121, Valid Loss: 0.00212, EPS: 0.19
Epoch: 90, Train Loss: 0.00121, Valid Loss: 0.00211, EPS: 0.181
Epoch: 91, Train Loss: 0.00121, Valid Loss: 0.00213, EPS: 0.172
Epoch: 92, Train Loss: 0.00121, Valid Loss: 0.00212, EPS: 0.16299999999999998
Epoch: 93, Train Loss: 0.00120, Valid Loss: 0.00212, EPS: 0.15400000000000005
Epoch: 94, Train Loss: 0.00122, Valid Loss: 0.00211, EPS: 0.14500000000000005
Epoch: 95, Train Loss: 0.00121, Valid Loss: 0.00213, EPS: 0.13600000000000004
Epoch: 96, Train Loss: 0.00120, Valid Loss: 0.00213, EPS: 0.12700000000000003
Epoch: 97, Train Loss: 0.00120, Valid Loss: 0.00212, EPS: 0.11800000000000002
Epoch: 98, Train Loss: 0.00120, Valid Loss: 0.00213, EPS: 0.10900000000000001
Epoch: 99, Train Loss: 0.00120, Valid Loss: 0.00212, EPS: 0.1
Test Loss: 0.00211
Test Loss: 0.00204
Running context window: 5 with stride: 5 with seed: 123
Shape: (5, 144, 72)
Epoch: 0, Train Loss: 0.00600, Valid Loss: 0.00369, EPS: 0.991
Epoch: 1, Train Loss: 0.00334, Valid Loss: 0.00316, EPS: 0.982
Epoch: 2, Train Loss: 0.00276, Valid Loss: 0.00276, EPS: 0.973
Epoch: 3, Train Loss: 0.00242, Valid Loss: 0.00258, EPS: 0.964
Epoch: 4, Train Loss: 0.00226, Valid Loss: 0.00248, EPS: 0.955
Epoch: 5, Train Loss: 0.00217, Valid Loss: 0.00249, EPS: 0.946
Epoch: 6, Train Loss: 0.00214, Valid Loss: 0.00239, EPS: 0.9369999999999999
Epoch: 7, Train Loss: 0.00210, Valid Loss: 0.00235, EPS: 0.928
Epoch: 8, Train Loss: 0.00207, Valid Loss: 0.00238, EPS: 0.919
Epoch: 9, Train Loss: 0.00207, Valid Loss: 0.00237, EPS: 0.91
Epoch: 10, Train Loss: 0.00209, Valid Loss: 0.00238, EPS: 0.901
Epoch: 11, Train Loss: 0.00208, Valid Loss: 0.00237, EPS: 0.892
Epoch: 12, Train Loss: 0.00207, Valid Loss: 0.00237, EPS: 0.883
Epoch: 13, Train Loss: 0.00205, Valid Loss: 0.00233, EPS: 0.874
Epoch: 14, Train Loss: 0.00205, Valid Loss: 0.00234, EPS: 0.865
Epoch: 15, Train Loss: 0.00204, Valid Loss: 0.00236, EPS: 0.856
Epoch: 16, Train Loss: 0.00201, Valid Loss: 0.00233, EPS: 0.847
Epoch: 17, Train Loss: 0.00201, Valid Loss: 0.00231, EPS: 0.8380000000000001
Epoch: 18, Train Loss: 0.00203, Valid Loss: 0.00236, EPS: 0.8290000000000001
Epoch: 19, Train Loss: 0.00203, Valid Loss: 0.00233, EPS: 0.8200000000000001
Epoch: 20, Train Loss: 0.00202, Valid Loss: 0.00235, EPS: 0.811
Epoch: 21, Train Loss: 0.00200, Valid Loss: 0.00230, EPS: 0.802
Epoch: 22, Train Loss: 0.00200, Valid Loss: 0.00233, EPS: 0.793
Epoch: 23, Train Loss: 0.00201, Valid Loss: 0.00230, EPS: 0.784
Epoch: 24, Train Loss: 0.00200, Valid Loss: 0.00232, EPS: 0.775
Epoch: 25, Train Loss: 0.00201, Valid Loss: 0.00231, EPS: 0.766
Epoch: 26, Train Loss: 0.00199, Valid Loss: 0.00229, EPS: 0.757
Epoch: 27, Train Loss: 0.00198, Valid Loss: 0.00229, EPS: 0.748
Epoch: 28, Train Loss: 0.00196, Valid Loss: 0.00231, EPS: 0.739
Epoch: 29, Train Loss: 0.00197, Valid Loss: 0.00230, EPS: 0.73
Epoch: 30, Train Loss: 0.00198, Valid Loss: 0.00229, EPS: 0.721
Epoch: 31, Train Loss: 0.00197, Valid Loss: 0.00227, EPS: 0.712
Epoch: 32, Train Loss: 0.00197, Valid Loss: 0.00229, EPS: 0.703
Epoch: 33, Train Loss: 0.00197, Valid Loss: 0.00228, EPS: 0.694
Epoch: 34, Train Loss: 0.00197, Valid Loss: 0.00229, EPS: 0.685
Epoch: 35, Train Loss: 0.00196, Valid Loss: 0.00229, EPS: 0.676
Epoch: 36, Train Loss: 0.00196, Valid Loss: 0.00228, EPS: 0.667
Epoch: 37, Train Loss: 0.00196, Valid Loss: 0.00227, EPS: 0.658
Epoch: 38, Train Loss: 0.00197, Valid Loss: 0.00232, EPS: 0.649
Epoch: 39, Train Loss: 0.00196, Valid Loss: 0.00228, EPS: 0.64
Epoch: 40, Train Loss: 0.00195, Valid Loss: 0.00227, EPS: 0.6310000000000001
Epoch: 41, Train Loss: 0.00195, Valid Loss: 0.00231, EPS: 0.6220000000000001
Epoch: 42, Train Loss: 0.00194, Valid Loss: 0.00230, EPS: 0.6130000000000001
Epoch: 43, Train Loss: 0.00196, Valid Loss: 0.00227, EPS: 0.6040000000000001
Epoch: 44, Train Loss: 0.00195, Valid Loss: 0.00230, EPS: 0.5950000000000001
Epoch: 45, Train Loss: 0.00196, Valid Loss: 0.00230, EPS: 0.5860000000000001
Epoch: 46, Train Loss: 0.00197, Valid Loss: 0.00231, EPS: 0.5770000000000001
Epoch: 47, Train Loss: 0.00195, Valid Loss: 0.00228, EPS: 0.5680000000000001
Epoch: 48, Train Loss: 0.00194, Valid Loss: 0.00227, EPS: 0.559
Epoch: 49, Train Loss: 0.00194, Valid Loss: 0.00226, EPS: 0.55
Epoch: 50, Train Loss: 0.00195, Valid Loss: 0.00228, EPS: 0.541
Epoch: 51, Train Loss: 0.00195, Valid Loss: 0.00230, EPS: 0.532
Epoch: 52, Train Loss: 0.00194, Valid Loss: 0.00229, EPS: 0.523
Epoch: 53, Train Loss: 0.00195, Valid Loss: 0.00230, EPS: 0.514
Epoch: 54, Train Loss: 0.00192, Valid Loss: 0.00230, EPS: 0.505
Epoch: 55, Train Loss: 0.00195, Valid Loss: 0.00228, EPS: 0.496
Epoch: 56, Train Loss: 0.00196, Valid Loss: 0.00227, EPS: 0.4870000000000001
Epoch: 57, Train Loss: 0.00195, Valid Loss: 0.00226, EPS: 0.4780000000000001
Epoch: 58, Train Loss: 0.00194, Valid Loss: 0.00228, EPS: 0.4690000000000001
Epoch: 59, Train Loss: 0.00192, Valid Loss: 0.00226, EPS: 0.4600000000000001
Epoch: 60, Train Loss: 0.00193, Valid Loss: 0.00228, EPS: 0.45100000000000007
Epoch: 61, Train Loss: 0.00195, Valid Loss: 0.00232, EPS: 0.44200000000000006
Epoch: 62, Train Loss: 0.00196, Valid Loss: 0.00230, EPS: 0.43300000000000005
Epoch: 63, Train Loss: 0.00197, Valid Loss: 0.00228, EPS: 0.42400000000000004
Epoch: 64, Train Loss: 0.00194, Valid Loss: 0.00227, EPS: 0.41500000000000004
Epoch: 65, Train Loss: 0.00193, Valid Loss: 0.00226, EPS: 0.406
Epoch: 66, Train Loss: 0.00192, Valid Loss: 0.00228, EPS: 0.397
Epoch: 67, Train Loss: 0.00193, Valid Loss: 0.00224, EPS: 0.388
Epoch: 68, Train Loss: 0.00192, Valid Loss: 0.00228, EPS: 0.3790000000000001
Epoch: 69, Train Loss: 0.00192, Valid Loss: 0.00225, EPS: 0.3700000000000001
Epoch: 70, Train Loss: 0.00191, Valid Loss: 0.00224, EPS: 0.3610000000000001
Epoch: 71, Train Loss: 0.00192, Valid Loss: 0.00225, EPS: 0.3520000000000001
Epoch: 72, Train Loss: 0.00191, Valid Loss: 0.00227, EPS: 0.343
Epoch: 73, Train Loss: 0.00191, Valid Loss: 0.00225, EPS: 0.334
Epoch: 74, Train Loss: 0.00194, Valid Loss: 0.00227, EPS: 0.325
Epoch: 75, Train Loss: 0.00193, Valid Loss: 0.00227, EPS: 0.316
Epoch: 76, Train Loss: 0.00192, Valid Loss: 0.00229, EPS: 0.307
Epoch: 77, Train Loss: 0.00194, Valid Loss: 0.00229, EPS: 0.298
Epoch: 78, Train Loss: 0.00193, Valid Loss: 0.00226, EPS: 0.289
Epoch: 79, Train Loss: 0.00193, Valid Loss: 0.00228, EPS: 0.27999999999999997
Epoch: 80, Train Loss: 0.00193, Valid Loss: 0.00230, EPS: 0.27099999999999996
Epoch: 81, Train Loss: 0.00193, Valid Loss: 0.00228, EPS: 0.26200000000000007
Epoch: 82, Train Loss: 0.00178, Valid Loss: 0.00214, EPS: 0.25300000000000006
Epoch: 83, Train Loss: 0.00167, Valid Loss: 0.00210, EPS: 0.24400000000000005
Epoch: 84, Train Loss: 0.00162, Valid Loss: 0.00207, EPS: 0.23500000000000004
Epoch: 85, Train Loss: 0.00159, Valid Loss: 0.00205, EPS: 0.22600000000000003
Epoch: 86, Train Loss: 0.00158, Valid Loss: 0.00205, EPS: 0.21700000000000003
Epoch: 87, Train Loss: 0.00157, Valid Loss: 0.00205, EPS: 0.20800000000000002
Epoch: 88, Train Loss: 0.00156, Valid Loss: 0.00203, EPS: 0.199
Epoch: 89, Train Loss: 0.00156, Valid Loss: 0.00204, EPS: 0.19
Epoch: 90, Train Loss: 0.00155, Valid Loss: 0.00204, EPS: 0.181
Epoch: 91, Train Loss: 0.00156, Valid Loss: 0.00204, EPS: 0.172
Epoch: 92, Train Loss: 0.00155, Valid Loss: 0.00203, EPS: 0.16299999999999998
Epoch: 93, Train Loss: 0.00154, Valid Loss: 0.00203, EPS: 0.15400000000000005
Epoch: 94, Train Loss: 0.00154, Valid Loss: 0.00203, EPS: 0.14500000000000005
Epoch: 95, Train Loss: 0.00154, Valid Loss: 0.00204, EPS: 0.13600000000000004
Epoch: 96, Train Loss: 0.00154, Valid Loss: 0.00203, EPS: 0.12700000000000003
Epoch: 97, Train Loss: 0.00153, Valid Loss: 0.00202, EPS: 0.11800000000000002
Epoch: 98, Train Loss: 0.00152, Valid Loss: 0.00203, EPS: 0.10900000000000001
Epoch: 99, Train Loss: 0.00152, Valid Loss: 0.00202, EPS: 0.1
Test Loss: 0.00202
Test Loss: 0.00195
Running context window: 5 with stride: 10 with seed: 123
Shape: (5, 144, 72)
Epoch: 0, Train Loss: 0.00717, Valid Loss: 0.00429, EPS: 0.991
Epoch: 1, Train Loss: 0.00391, Valid Loss: 0.00365, EPS: 0.982
Epoch: 2, Train Loss: 0.00329, Valid Loss: 0.00331, EPS: 0.973
Epoch: 3, Train Loss: 0.00292, Valid Loss: 0.00310, EPS: 0.964
Epoch: 4, Train Loss: 0.00260, Valid Loss: 0.00286, EPS: 0.955
Epoch: 5, Train Loss: 0.00238, Valid Loss: 0.00270, EPS: 0.946
Epoch: 6, Train Loss: 0.00221, Valid Loss: 0.00259, EPS: 0.9369999999999999
Epoch: 7, Train Loss: 0.00211, Valid Loss: 0.00253, EPS: 0.928
Epoch: 8, Train Loss: 0.00203, Valid Loss: 0.00250, EPS: 0.919
Epoch: 9, Train Loss: 0.00196, Valid Loss: 0.00245, EPS: 0.91
Epoch: 10, Train Loss: 0.00193, Valid Loss: 0.00246, EPS: 0.901
Epoch: 11, Train Loss: 0.00189, Valid Loss: 0.00247, EPS: 0.892
Epoch: 12, Train Loss: 0.00188, Valid Loss: 0.00245, EPS: 0.883
Epoch: 13, Train Loss: 0.00188, Valid Loss: 0.00243, EPS: 0.874
Epoch: 14, Train Loss: 0.00185, Valid Loss: 0.00245, EPS: 0.865
Epoch: 15, Train Loss: 0.00186, Valid Loss: 0.00243, EPS: 0.856
Epoch: 16, Train Loss: 0.00187, Valid Loss: 0.00241, EPS: 0.847
Epoch: 17, Train Loss: 0.00186, Valid Loss: 0.00246, EPS: 0.8380000000000001
Epoch: 18, Train Loss: 0.00186, Valid Loss: 0.00246, EPS: 0.8290000000000001
Epoch: 19, Train Loss: 0.00184, Valid Loss: 0.00240, EPS: 0.8200000000000001
Epoch: 20, Train Loss: 0.00183, Valid Loss: 0.00243, EPS: 0.811
Epoch: 21, Train Loss: 0.00182, Valid Loss: 0.00241, EPS: 0.802
Epoch: 22, Train Loss: 0.00180, Valid Loss: 0.00244, EPS: 0.793
Epoch: 23, Train Loss: 0.00181, Valid Loss: 0.00238, EPS: 0.784
Epoch: 24, Train Loss: 0.00183, Valid Loss: 0.00242, EPS: 0.775
Epoch: 25, Train Loss: 0.00182, Valid Loss: 0.00241, EPS: 0.766
Epoch: 26, Train Loss: 0.00179, Valid Loss: 0.00242, EPS: 0.757
Epoch: 27, Train Loss: 0.00177, Valid Loss: 0.00240, EPS: 0.748
Epoch: 28, Train Loss: 0.00179, Valid Loss: 0.00238, EPS: 0.739
Epoch: 29, Train Loss: 0.00176, Valid Loss: 0.00239, EPS: 0.73
Epoch: 30, Train Loss: 0.00175, Valid Loss: 0.00241, EPS: 0.721
Epoch: 31, Train Loss: 0.00176, Valid Loss: 0.00239, EPS: 0.712
Epoch: 32, Train Loss: 0.00175, Valid Loss: 0.00238, EPS: 0.703
Epoch: 33, Train Loss: 0.00176, Valid Loss: 0.00239, EPS: 0.694
Epoch: 34, Train Loss: 0.00178, Valid Loss: 0.00239, EPS: 0.685
Epoch: 35, Train Loss: 0.00177, Valid Loss: 0.00241, EPS: 0.676
Epoch: 36, Train Loss: 0.00176, Valid Loss: 0.00241, EPS: 0.667
Epoch: 37, Train Loss: 0.00177, Valid Loss: 0.00242, EPS: 0.658
Epoch: 38, Train Loss: 0.00175, Valid Loss: 0.00239, EPS: 0.649
Epoch: 39, Train Loss: 0.00175, Valid Loss: 0.00241, EPS: 0.64
Epoch: 40, Train Loss: 0.00174, Valid Loss: 0.00238, EPS: 0.6310000000000001
Epoch: 41, Train Loss: 0.00173, Valid Loss: 0.00239, EPS: 0.6220000000000001
Epoch: 42, Train Loss: 0.00174, Valid Loss: 0.00241, EPS: 0.6130000000000001
Epoch: 43, Train Loss: 0.00177, Valid Loss: 0.00242, EPS: 0.6040000000000001
Epoch: 44, Train Loss: 0.00174, Valid Loss: 0.00241, EPS: 0.5950000000000001
Epoch: 45, Train Loss: 0.00174, Valid Loss: 0.00236, EPS: 0.5860000000000001
Epoch: 46, Train Loss: 0.00174, Valid Loss: 0.00235, EPS: 0.5770000000000001
Epoch: 47, Train Loss: 0.00170, Valid Loss: 0.00238, EPS: 0.5680000000000001
Epoch: 48, Train Loss: 0.00168, Valid Loss: 0.00237, EPS: 0.559
Epoch: 49, Train Loss: 0.00169, Valid Loss: 0.00237, EPS: 0.55
Epoch: 50, Train Loss: 0.00169, Valid Loss: 0.00240, EPS: 0.541
Epoch: 51, Train Loss: 0.00172, Valid Loss: 0.00240, EPS: 0.532
Epoch: 52, Train Loss: 0.00174, Valid Loss: 0.00238, EPS: 0.523
Epoch: 53, Train Loss: 0.00174, Valid Loss: 0.00240, EPS: 0.514
Epoch: 54, Train Loss: 0.00171, Valid Loss: 0.00237, EPS: 0.505
Epoch: 55, Train Loss: 0.00171, Valid Loss: 0.00236, EPS: 0.496
Epoch: 56, Train Loss: 0.00169, Valid Loss: 0.00239, EPS: 0.4870000000000001
Epoch: 57, Train Loss: 0.00170, Valid Loss: 0.00235, EPS: 0.4780000000000001
Epoch: 58, Train Loss: 0.00157, Valid Loss: 0.00225, EPS: 0.4690000000000001
Epoch: 59, Train Loss: 0.00147, Valid Loss: 0.00221, EPS: 0.4600000000000001
Epoch: 60, Train Loss: 0.00142, Valid Loss: 0.00219, EPS: 0.45100000000000007
Epoch: 61, Train Loss: 0.00139, Valid Loss: 0.00218, EPS: 0.44200000000000006
Epoch: 62, Train Loss: 0.00136, Valid Loss: 0.00216, EPS: 0.43300000000000005
Epoch: 63, Train Loss: 0.00134, Valid Loss: 0.00215, EPS: 0.42400000000000004
Epoch: 64, Train Loss: 0.00133, Valid Loss: 0.00215, EPS: 0.41500000000000004
Epoch: 65, Train Loss: 0.00131, Valid Loss: 0.00216, EPS: 0.406
Epoch: 66, Train Loss: 0.00131, Valid Loss: 0.00214, EPS: 0.397
Epoch: 67, Train Loss: 0.00130, Valid Loss: 0.00213, EPS: 0.388
Epoch: 68, Train Loss: 0.00128, Valid Loss: 0.00212, EPS: 0.3790000000000001
Epoch: 69, Train Loss: 0.00128, Valid Loss: 0.00213, EPS: 0.3700000000000001
Epoch: 70, Train Loss: 0.00129, Valid Loss: 0.00214, EPS: 0.3610000000000001
Epoch: 71, Train Loss: 0.00127, Valid Loss: 0.00212, EPS: 0.3520000000000001
Epoch: 72, Train Loss: 0.00127, Valid Loss: 0.00212, EPS: 0.343
Epoch: 73, Train Loss: 0.00127, Valid Loss: 0.00211, EPS: 0.334
Epoch: 74, Train Loss: 0.00125, Valid Loss: 0.00214, EPS: 0.325
Epoch: 75, Train Loss: 0.00125, Valid Loss: 0.00213, EPS: 0.316
Epoch: 76, Train Loss: 0.00125, Valid Loss: 0.00213, EPS: 0.307
Epoch: 77, Train Loss: 0.00125, Valid Loss: 0.00214, EPS: 0.298
Epoch: 78, Train Loss: 0.00125, Valid Loss: 0.00213, EPS: 0.289
Epoch: 79, Train Loss: 0.00125, Valid Loss: 0.00215, EPS: 0.27999999999999997
Epoch: 80, Train Loss: 0.00124, Valid Loss: 0.00213, EPS: 0.27099999999999996
Epoch: 81, Train Loss: 0.00124, Valid Loss: 0.00213, EPS: 0.26200000000000007
Epoch: 82, Train Loss: 0.00124, Valid Loss: 0.00213, EPS: 0.25300000000000006
Epoch: 83, Train Loss: 0.00123, Valid Loss: 0.00213, EPS: 0.24400000000000005
Epoch: 84, Train Loss: 0.00123, Valid Loss: 0.00211, EPS: 0.23500000000000004
Epoch: 85, Train Loss: 0.00122, Valid Loss: 0.00213, EPS: 0.22600000000000003
Epoch: 86, Train Loss: 0.00122, Valid Loss: 0.00214, EPS: 0.21700000000000003
Epoch: 87, Train Loss: 0.00122, Valid Loss: 0.00212, EPS: 0.20800000000000002
Epoch: 88, Train Loss: 0.00122, Valid Loss: 0.00214, EPS: 0.199
Epoch: 89, Train Loss: 0.00121, Valid Loss: 0.00212, EPS: 0.19
Epoch: 90, Train Loss: 0.00121, Valid Loss: 0.00212, EPS: 0.181
Epoch: 91, Train Loss: 0.00121, Valid Loss: 0.00212, EPS: 0.172
Epoch: 92, Train Loss: 0.00119, Valid Loss: 0.00214, EPS: 0.16299999999999998
Epoch: 93, Train Loss: 0.00119, Valid Loss: 0.00213, EPS: 0.15400000000000005
Epoch: 94, Train Loss: 0.00118, Valid Loss: 0.00214, EPS: 0.14500000000000005
Epoch: 95, Train Loss: 0.00117, Valid Loss: 0.00214, EPS: 0.13600000000000004
Epoch: 96, Train Loss: 0.00114, Valid Loss: 0.00212, EPS: 0.12700000000000003
Epoch: 97, Train Loss: 0.00114, Valid Loss: 0.00212, EPS: 0.11800000000000002
Epoch: 98, Train Loss: 0.00114, Valid Loss: 0.00210, EPS: 0.10900000000000001
Epoch: 99, Train Loss: 0.00113, Valid Loss: 0.00212, EPS: 0.1
Test Loss: 0.00211
Test Loss: 0.00204
