nohup: ignoring input
Train: torch.Size([14031, 5, 64, 32]), Valid: torch.Size([4677, 5, 64, 32]), Test: torch.Size([4678, 5, 64, 32])
Input shape: (C=5, H=144, W=72)
Epoch: 0
  Train Loss:        7.5588
    Contrastive 1:   3.7767
    Contrastive 2:   3.7768
    Cycle:           0.0054
  Valid Loss:        7.7470
    Contrastive 1:   3.8628
    Contrastive 2:   3.8799
    Cycle:           0.0043
  LR: 1.00e-04
Epoch: 1
  Train Loss:        6.3245
    Contrastive 1:   3.1616
    Contrastive 2:   3.1596
    Cycle:           0.0034
  Valid Loss:        7.3955
    Contrastive 1:   3.7008
    Contrastive 2:   3.6913
    Cycle:           0.0035
  LR: 1.00e-04
Epoch: 2
  Train Loss:        6.0189
    Contrastive 1:   3.0094
    Contrastive 2:   3.0068
    Cycle:           0.0026
  Valid Loss:        7.2902
    Contrastive 1:   3.6414
    Contrastive 2:   3.6460
    Cycle:           0.0028
  LR: 1.00e-04
Epoch: 3
  Train Loss:        5.8688
    Contrastive 1:   2.9329
    Contrastive 2:   2.9337
    Cycle:           0.0023
  Valid Loss:        7.1589
    Contrastive 1:   3.5808
    Contrastive 2:   3.5755
    Cycle:           0.0026
  LR: 1.00e-04
Epoch: 4
  Train Loss:        5.7724
    Contrastive 1:   2.8856
    Contrastive 2:   2.8848
    Cycle:           0.0020
  Valid Loss:        7.1483
    Contrastive 1:   3.5728
    Contrastive 2:   3.5731
    Cycle:           0.0023
  LR: 1.00e-04
Epoch: 5
  Train Loss:        5.7022
    Contrastive 1:   2.8510
    Contrastive 2:   2.8493
    Cycle:           0.0019
  Valid Loss:        7.1134
    Contrastive 1:   3.5544
    Contrastive 2:   3.5568
    Cycle:           0.0022
  LR: 1.00e-04
Epoch: 6
  Train Loss:        5.6322
    Contrastive 1:   2.8162
    Contrastive 2:   2.8143
    Cycle:           0.0017
  Valid Loss:        7.0809
    Contrastive 1:   3.5480
    Contrastive 2:   3.5307
    Cycle:           0.0023
  LR: 1.00e-04
Epoch: 7
  Train Loss:        5.5820
    Contrastive 1:   2.7918
    Contrastive 2:   2.7885
    Cycle:           0.0017
  Valid Loss:        7.0949
    Contrastive 1:   3.5552
    Contrastive 2:   3.5377
    Cycle:           0.0021
  LR: 1.00e-04
Epoch: 8
  Train Loss:        5.5240
    Contrastive 1:   2.7620
    Contrastive 2:   2.7604
    Cycle:           0.0016
  Valid Loss:        7.0804
    Contrastive 1:   3.5433
    Contrastive 2:   3.5348
    Cycle:           0.0022
  LR: 1.00e-04
Epoch: 9
  Train Loss:        5.4830
    Contrastive 1:   2.7417
    Contrastive 2:   2.7397
    Cycle:           0.0015
  Valid Loss:        7.0698
    Contrastive 1:   3.5389
    Contrastive 2:   3.5289
    Cycle:           0.0020
  LR: 1.00e-04
Epoch: 10
  Train Loss:        5.4466
    Contrastive 1:   2.7234
    Contrastive 2:   2.7217
    Cycle:           0.0015
  Valid Loss:        7.0896
    Contrastive 1:   3.5494
    Contrastive 2:   3.5383
    Cycle:           0.0019
  LR: 1.00e-04
Epoch: 11
  Train Loss:        5.4113
    Contrastive 1:   2.7059
    Contrastive 2:   2.7039
    Cycle:           0.0015
  Valid Loss:        7.1017
    Contrastive 1:   3.5505
    Contrastive 2:   3.5491
    Cycle:           0.0021
  LR: 1.00e-04
Epoch: 12
  Train Loss:        5.3769
    Contrastive 1:   2.6882
    Contrastive 2:   2.6872
    Cycle:           0.0015
  Valid Loss:        7.1303
    Contrastive 1:   3.5649
    Contrastive 2:   3.5632
    Cycle:           0.0022
  LR: 1.00e-04
Epoch: 13
  Train Loss:        5.3451
    Contrastive 1:   2.6729
    Contrastive 2:   2.6707
    Cycle:           0.0015
  Valid Loss:        7.1373
    Contrastive 1:   3.5688
    Contrastive 2:   3.5665
    Cycle:           0.0020
  LR: 1.00e-04
Epoch: 14
  Train Loss:        5.3213
    Contrastive 1:   2.6613
    Contrastive 2:   2.6585
    Cycle:           0.0015
  Valid Loss:        7.1479
    Contrastive 1:   3.5784
    Contrastive 2:   3.5673
    Cycle:           0.0021
  LR: 1.00e-04
Epoch: 15
  Train Loss:        5.2934
    Contrastive 1:   2.6464
    Contrastive 2:   2.6454
    Cycle:           0.0015
  Valid Loss:        7.1460
    Contrastive 1:   3.5715
    Contrastive 2:   3.5724
    Cycle:           0.0020
  LR: 1.00e-04
Epoch: 16
  Train Loss:        5.2692
    Contrastive 1:   2.6343
    Contrastive 2:   2.6334
    Cycle:           0.0015
  Valid Loss:        7.2143
    Contrastive 1:   3.6103
    Contrastive 2:   3.6018
    Cycle:           0.0022
  LR: 1.00e-04
Epoch: 17
  Train Loss:        5.2476
    Contrastive 1:   2.6233
    Contrastive 2:   2.6228
    Cycle:           0.0015
  Valid Loss:        7.1764
    Contrastive 1:   3.5905
    Contrastive 2:   3.5839
    Cycle:           0.0020
  LR: 1.00e-04
Epoch: 18
  Train Loss:        5.2266
    Contrastive 1:   2.6139
    Contrastive 2:   2.6112
    Cycle:           0.0015
  Valid Loss:        7.1978
    Contrastive 1:   3.5975
    Contrastive 2:   3.5982
    Cycle:           0.0021
  LR: 1.00e-04
Epoch: 19
  Train Loss:        5.2085
    Contrastive 1:   2.6047
    Contrastive 2:   2.6023
    Cycle:           0.0015
  Valid Loss:        7.2171
    Contrastive 1:   3.6095
    Contrastive 2:   3.6054
    Cycle:           0.0021
  LR: 1.00e-04
Epoch: 20
  Train Loss:        5.1873
    Contrastive 1:   2.5936
    Contrastive 2:   2.5923
    Cycle:           0.0015
  Valid Loss:        7.2410
    Contrastive 1:   3.6216
    Contrastive 2:   3.6172
    Cycle:           0.0022
  LR: 1.00e-04
Epoch: 21
  Train Loss:        5.1439
    Contrastive 1:   2.5714
    Contrastive 2:   2.5711
    Cycle:           0.0014
  Valid Loss:        7.2190
    Contrastive 1:   3.6086
    Contrastive 2:   3.6083
    Cycle:           0.0021
  LR: 1.00e-05
Epoch: 22
  Train Loss:        5.1279
    Contrastive 1:   2.5635
    Contrastive 2:   2.5630
    Cycle:           0.0014
  Valid Loss:        7.2371
    Contrastive 1:   3.6198
    Contrastive 2:   3.6153
    Cycle:           0.0020
  LR: 1.00e-05
Epoch: 23
  Train Loss:        5.1172
    Contrastive 1:   2.5582
    Contrastive 2:   2.5577
    Cycle:           0.0014
  Valid Loss:        7.2364
    Contrastive 1:   3.6177
    Contrastive 2:   3.6167
    Cycle:           0.0020
  LR: 1.00e-05
Epoch: 24
  Train Loss:        5.1123
    Contrastive 1:   2.5559
    Contrastive 2:   2.5551
    Cycle:           0.0013
  Valid Loss:        7.2512
    Contrastive 1:   3.6237
    Contrastive 2:   3.6255
    Cycle:           0.0020
  LR: 1.00e-05
Epoch: 25
  Train Loss:        5.1060
    Contrastive 1:   2.5526
    Contrastive 2:   2.5520
    Cycle:           0.0013
  Valid Loss:        7.2438
    Contrastive 1:   3.6291
    Contrastive 2:   3.6128
    Cycle:           0.0020
  LR: 1.00e-05
Epoch: 26
  Train Loss:        5.1022
    Contrastive 1:   2.5509
    Contrastive 2:   2.5499
    Cycle:           0.0013
  Valid Loss:        7.2692
    Contrastive 1:   3.6352
    Contrastive 2:   3.6321
    Cycle:           0.0019
  LR: 1.00e-05
Epoch: 27
  Train Loss:        5.0976
    Contrastive 1:   2.5487
    Contrastive 2:   2.5475
    Cycle:           0.0013
  Valid Loss:        7.2650
    Contrastive 1:   3.6353
    Contrastive 2:   3.6278
    Cycle:           0.0019
  LR: 1.00e-05
Epoch: 28
  Train Loss:        5.0911
    Contrastive 1:   2.5449
    Contrastive 2:   2.5449
    Cycle:           0.0013
  Valid Loss:        7.2901
    Contrastive 1:   3.6474
    Contrastive 2:   3.6408
    Cycle:           0.0019
  LR: 1.00e-05
Epoch: 29
  Train Loss:        5.0895
    Contrastive 1:   2.5444
    Contrastive 2:   2.5438
    Cycle:           0.0013
  Valid Loss:        7.2930
    Contrastive 1:   3.6469
    Contrastive 2:   3.6441
    Cycle:           0.0019
  LR: 1.00e-05
Epoch: 30
  Train Loss:        5.0842
    Contrastive 1:   2.5415
    Contrastive 2:   2.5414
    Cycle:           0.0013
  Valid Loss:        7.2938
    Contrastive 1:   3.6525
    Contrastive 2:   3.6394
    Cycle:           0.0018
  LR: 1.00e-05
Epoch: 31
  Train Loss:        5.0827
    Contrastive 1:   2.5412
    Contrastive 2:   2.5403
    Cycle:           0.0012
  Valid Loss:        7.3004
    Contrastive 1:   3.6547
    Contrastive 2:   3.6439
    Cycle:           0.0018
  LR: 1.00e-05
Epoch: 32
  Train Loss:        5.0762
    Contrastive 1:   2.5379
    Contrastive 2:   2.5370
    Cycle:           0.0012
  Valid Loss:        7.2835
    Contrastive 1:   3.6432
    Contrastive 2:   3.6384
    Cycle:           0.0018
  LR: 1.00e-06
Epoch: 33
  Train Loss:        5.0763
    Contrastive 1:   2.5378
    Contrastive 2:   2.5372
    Cycle:           0.0012
  Valid Loss:        7.2935
    Contrastive 1:   3.6478
    Contrastive 2:   3.6439
    Cycle:           0.0018
  LR: 1.00e-06
Epoch: 34
  Train Loss:        5.0782
    Contrastive 1:   2.5384
    Contrastive 2:   2.5385
    Cycle:           0.0012
  Valid Loss:        7.2715
    Contrastive 1:   3.6363
    Contrastive 2:   3.6334
    Cycle:           0.0018
  LR: 1.00e-06
Epoch: 35
  Train Loss:        5.0753
    Contrastive 1:   2.5371
    Contrastive 2:   2.5370
    Cycle:           0.0012
  Valid Loss:        7.2924
    Contrastive 1:   3.6516
    Contrastive 2:   3.6390
    Cycle:           0.0018
  LR: 1.00e-06
Epoch: 36
  Train Loss:        5.0759
    Contrastive 1:   2.5379
    Contrastive 2:   2.5367
    Cycle:           0.0012
  Valid Loss:        7.3040
    Contrastive 1:   3.6554
    Contrastive 2:   3.6468
    Cycle:           0.0018
  LR: 1.00e-06
Epoch: 37
  Train Loss:        5.0746
    Contrastive 1:   2.5368
    Contrastive 2:   2.5365
    Cycle:           0.0012
  Valid Loss:        7.2834
    Contrastive 1:   3.6467
    Contrastive 2:   3.6349
    Cycle:           0.0018
  LR: 1.00e-06
Epoch: 38
  Train Loss:        5.0749
    Contrastive 1:   2.5373
    Contrastive 2:   2.5364
    Cycle:           0.0012
  Valid Loss:        7.3010
    Contrastive 1:   3.6497
    Contrastive 2:   3.6494
    Cycle:           0.0018
  LR: 1.00e-06
Epoch: 39
  Train Loss:        5.0730
    Contrastive 1:   2.5363
    Contrastive 2:   2.5354
    Cycle:           0.0012
  Valid Loss:        7.2709
    Contrastive 1:   3.6382
    Contrastive 2:   3.6309
    Cycle:           0.0018
  LR: 1.00e-06
Epoch: 40
  Train Loss:        5.0736
    Contrastive 1:   2.5366
    Contrastive 2:   2.5358
    Cycle:           0.0012
  Valid Loss:        7.2802
    Contrastive 1:   3.6395
    Contrastive 2:   3.6389
    Cycle:           0.0018
  LR: 1.00e-06
Epoch: 41
  Train Loss:        5.0722
    Contrastive 1:   2.5357
    Contrastive 2:   2.5353
    Cycle:           0.0012
  Valid Loss:        7.3046
    Contrastive 1:   3.6525
    Contrastive 2:   3.6504
    Cycle:           0.0018
  LR: 1.00e-06
Epoch: 42
  Train Loss:        5.0712
    Contrastive 1:   2.5350
    Contrastive 2:   2.5350
    Cycle:           0.0012
  Valid Loss:        7.2974
    Contrastive 1:   3.6512
    Contrastive 2:   3.6445
    Cycle:           0.0018
  LR: 1.00e-06
Epoch: 43
  Train Loss:        5.0701
    Contrastive 1:   2.5348
    Contrastive 2:   2.5341
    Cycle:           0.0012
  Valid Loss:        7.2838
    Contrastive 1:   3.6436
    Contrastive 2:   3.6385
    Cycle:           0.0018
  LR: 1.00e-07
Epoch: 44
  Train Loss:        5.0706
    Contrastive 1:   2.5349
    Contrastive 2:   2.5345
    Cycle:           0.0012
  Valid Loss:        7.2899
    Contrastive 1:   3.6459
    Contrastive 2:   3.6422
    Cycle:           0.0018
  LR: 1.00e-07
Epoch: 45
  Train Loss:        5.0696
    Contrastive 1:   2.5346
    Contrastive 2:   2.5338
    Cycle:           0.0012
  Valid Loss:        7.2802
    Contrastive 1:   3.6416
    Contrastive 2:   3.6367
    Cycle:           0.0018
  LR: 1.00e-07
Epoch: 46
  Train Loss:        5.0716
    Contrastive 1:   2.5353
    Contrastive 2:   2.5350
    Cycle:           0.0012
  Valid Loss:        7.2806
    Contrastive 1:   3.6436
    Contrastive 2:   3.6351
    Cycle:           0.0018
  LR: 1.00e-07
Epoch: 47
  Train Loss:        5.0682
    Contrastive 1:   2.5337
    Contrastive 2:   2.5332
    Cycle:           0.0012
  Valid Loss:        7.2902
    Contrastive 1:   3.6495
    Contrastive 2:   3.6389
    Cycle:           0.0018
  LR: 1.00e-07
Epoch: 48
  Train Loss:        5.0722
    Contrastive 1:   2.5357
    Contrastive 2:   2.5354
    Cycle:           0.0012
  Valid Loss:        7.3013
    Contrastive 1:   3.6519
    Contrastive 2:   3.6476
    Cycle:           0.0018
  LR: 1.00e-07
Epoch: 49
  Train Loss:        5.0720
    Contrastive 1:   2.5356
    Contrastive 2:   2.5353
    Cycle:           0.0012
  Valid Loss:        7.2824
    Contrastive 1:   3.6450
    Contrastive 2:   3.6356
    Cycle:           0.0018
  LR: 1.00e-07
Epoch: 50
  Train Loss:        5.0704
    Contrastive 1:   2.5348
    Contrastive 2:   2.5343
    Cycle:           0.0012
  Valid Loss:        7.2796
    Contrastive 1:   3.6447
    Contrastive 2:   3.6332
    Cycle:           0.0018
  LR: 1.00e-07
Epoch: 51
  Train Loss:        5.0696
    Contrastive 1:   2.5341
    Contrastive 2:   2.5343
    Cycle:           0.0012
  Valid Loss:        7.3024
    Contrastive 1:   3.6508
    Contrastive 2:   3.6498
    Cycle:           0.0018
  LR: 1.00e-07
Epoch: 52
  Train Loss:        5.0710
    Contrastive 1:   2.5353
    Contrastive 2:   2.5345
    Cycle:           0.0012
  Valid Loss:        7.2872
    Contrastive 1:   3.6477
    Contrastive 2:   3.6377
    Cycle:           0.0018
  LR: 1.00e-07
Epoch: 53
  Train Loss:        5.0722
    Contrastive 1:   2.5358
    Contrastive 2:   2.5352
    Cycle:           0.0012
  Valid Loss:        7.2938
    Contrastive 1:   3.6468
    Contrastive 2:   3.6452
    Cycle:           0.0018
  LR: 1.00e-07
Epoch: 54
  Train Loss:        5.0713
    Contrastive 1:   2.5353
    Contrastive 2:   2.5348
    Cycle:           0.0012
  Valid Loss:        7.2936
    Contrastive 1:   3.6492
    Contrastive 2:   3.6426
    Cycle:           0.0018
  LR: 1.00e-08
Epoch: 55
  Train Loss:        5.0713
    Contrastive 1:   2.5353
    Contrastive 2:   2.5348
    Cycle:           0.0012
  Valid Loss:        7.2782
    Contrastive 1:   3.6448
    Contrastive 2:   3.6317
    Cycle:           0.0018
  LR: 1.00e-08
Epoch: 56
  Train Loss:        5.0701
    Contrastive 1:   2.5350
    Contrastive 2:   2.5338
    Cycle:           0.0012
  Valid Loss:        7.2947
    Contrastive 1:   3.6495
    Contrastive 2:   3.6433
    Cycle:           0.0018
  LR: 1.00e-08
Epoch: 57
  Train Loss:        5.0707
    Contrastive 1:   2.5350
    Contrastive 2:   2.5345
    Cycle:           0.0012
  Valid Loss:        7.2785
    Contrastive 1:   3.6426
    Contrastive 2:   3.6341
    Cycle:           0.0018
  LR: 1.00e-08
Epoch: 58
  Train Loss:        5.0706
    Contrastive 1:   2.5351
    Contrastive 2:   2.5344
    Cycle:           0.0012
  Valid Loss:        7.2842
    Contrastive 1:   3.6431
    Contrastive 2:   3.6394
    Cycle:           0.0018
  LR: 1.00e-08
Epoch: 59
  Train Loss:        5.0715
    Contrastive 1:   2.5352
    Contrastive 2:   2.5351
    Cycle:           0.0012
  Valid Loss:        7.2836
    Contrastive 1:   3.6451
    Contrastive 2:   3.6367
    Cycle:           0.0018
  LR: 1.00e-08
Epoch: 60
  Train Loss:        5.0695
    Contrastive 1:   2.5342
    Contrastive 2:   2.5340
    Cycle:           0.0012
  Valid Loss:        7.2823
    Contrastive 1:   3.6470
    Contrastive 2:   3.6335
    Cycle:           0.0018
  LR: 1.00e-08
Epoch: 61
  Train Loss:        5.0702
    Contrastive 1:   2.5349
    Contrastive 2:   2.5340
    Cycle:           0.0012
  Valid Loss:        7.2831
    Contrastive 1:   3.6401
    Contrastive 2:   3.6412
    Cycle:           0.0018
  LR: 1.00e-08
Epoch: 62
  Train Loss:        5.0688
    Contrastive 1:   2.5343
    Contrastive 2:   2.5333
    Cycle:           0.0012
  Valid Loss:        7.2994
    Contrastive 1:   3.6522
    Contrastive 2:   3.6454
    Cycle:           0.0018
  LR: 1.00e-08
Epoch: 63
  Train Loss:        5.0734
    Contrastive 1:   2.5365
    Contrastive 2:   2.5357
    Cycle:           0.0012
  Valid Loss:        7.2901
    Contrastive 1:   3.6488
    Contrastive 2:   3.6395
    Cycle:           0.0018
  LR: 1.00e-08
Epoch: 64
  Train Loss:        5.0720
    Contrastive 1:   2.5353
    Contrastive 2:   2.5355
    Cycle:           0.0012
  Valid Loss:        7.2869
    Contrastive 1:   3.6492
    Contrastive 2:   3.6359
    Cycle:           0.0018
  LR: 1.00e-08
Epoch: 65
  Train Loss:        5.0717
    Contrastive 1:   2.5355
    Contrastive 2:   2.5350
    Cycle:           0.0012
  Valid Loss:        7.2943
    Contrastive 1:   3.6501
    Contrastive 2:   3.6424
    Cycle:           0.0018
  LR: 1.00e-08
Epoch: 66
  Train Loss:        5.0704
    Contrastive 1:   2.5347
    Contrastive 2:   2.5345
    Cycle:           0.0012
  Valid Loss:        7.2817
    Contrastive 1:   3.6441
    Contrastive 2:   3.6358
    Cycle:           0.0018
  LR: 1.00e-08
Epoch: 67
  Train Loss:        5.0705
    Contrastive 1:   2.5346
    Contrastive 2:   2.5347
    Cycle:           0.0012
  Valid Loss:        7.3050
    Contrastive 1:   3.6503
    Contrastive 2:   3.6529
    Cycle:           0.0018
  LR: 1.00e-08
Epoch: 68
  Train Loss:        5.0700
    Contrastive 1:   2.5349
    Contrastive 2:   2.5338
    Cycle:           0.0012
  Valid Loss:        7.2897
    Contrastive 1:   3.6519
    Contrastive 2:   3.6360
    Cycle:           0.0018
  LR: 1.00e-08
Epoch: 69
  Train Loss:        5.0708
    Contrastive 1:   2.5349
    Contrastive 2:   2.5347
    Cycle:           0.0012
  Valid Loss:        7.2963
    Contrastive 1:   3.6535
    Contrastive 2:   3.6410
    Cycle:           0.0018
  LR: 1.00e-08
Epoch: 70
  Train Loss:        5.0714
    Contrastive 1:   2.5354
    Contrastive 2:   2.5348
    Cycle:           0.0012
  Valid Loss:        7.2948
    Contrastive 1:   3.6516
    Contrastive 2:   3.6415
    Cycle:           0.0018
  LR: 1.00e-08
Epoch: 71
  Train Loss:        5.0725
    Contrastive 1:   2.5359
    Contrastive 2:   2.5354
    Cycle:           0.0012
  Valid Loss:        7.2882
    Contrastive 1:   3.6458
    Contrastive 2:   3.6405
    Cycle:           0.0018
  LR: 1.00e-08
Epoch: 72
  Train Loss:        5.0726
    Contrastive 1:   2.5358
    Contrastive 2:   2.5356
    Cycle:           0.0012
  Valid Loss:        7.2808
    Contrastive 1:   3.6391
    Contrastive 2:   3.6398
    Cycle:           0.0018
  LR: 1.00e-08
Epoch: 73
  Train Loss:        5.0680
    Contrastive 1:   2.5336
    Contrastive 2:   2.5332
    Cycle:           0.0012
  Valid Loss:        7.2950
    Contrastive 1:   3.6554
    Contrastive 2:   3.6378
    Cycle:           0.0018
  LR: 1.00e-08
Epoch: 74
  Train Loss:        5.0706
    Contrastive 1:   2.5349
    Contrastive 2:   2.5345
    Cycle:           0.0012
  Valid Loss:        7.3044
    Contrastive 1:   3.6574
    Contrastive 2:   3.6452
    Cycle:           0.0018
  LR: 1.00e-08
Epoch: 75
  Train Loss:        5.0710
    Contrastive 1:   2.5349
    Contrastive 2:   2.5349
    Cycle:           0.0012
  Valid Loss:        7.2792
    Contrastive 1:   3.6402
    Contrastive 2:   3.6372
    Cycle:           0.0018
  LR: 1.00e-08
Epoch: 76
  Train Loss:        5.0717
    Contrastive 1:   2.5359
    Contrastive 2:   2.5345
    Cycle:           0.0012
  Valid Loss:        7.2922
    Contrastive 1:   3.6460
    Contrastive 2:   3.6444
    Cycle:           0.0018
  LR: 1.00e-08
Epoch: 77
  Train Loss:        5.0695
    Contrastive 1:   2.5349
    Contrastive 2:   2.5333
    Cycle:           0.0012
  Valid Loss:        7.2996
    Contrastive 1:   3.6528
    Contrastive 2:   3.6450
    Cycle:           0.0018
  LR: 1.00e-08
Epoch: 78
  Train Loss:        5.0710
    Contrastive 1:   2.5356
    Contrastive 2:   2.5342
    Cycle:           0.0012
  Valid Loss:        7.2968
    Contrastive 1:   3.6550
    Contrastive 2:   3.6400
    Cycle:           0.0018
  LR: 1.00e-08
Epoch: 79
  Train Loss:        5.0704
    Contrastive 1:   2.5347
    Contrastive 2:   2.5345
    Cycle:           0.0012
  Valid Loss:        7.3058
    Contrastive 1:   3.6572
    Contrastive 2:   3.6468
    Cycle:           0.0018
  LR: 1.00e-08
Epoch: 80
  Train Loss:        5.0690
    Contrastive 1:   2.5344
    Contrastive 2:   2.5335
    Cycle:           0.0012
  Valid Loss:        7.2988
    Contrastive 1:   3.6517
    Contrastive 2:   3.6453
    Cycle:           0.0018
  LR: 1.00e-08
Epoch: 81
  Train Loss:        5.0715
    Contrastive 1:   2.5356
    Contrastive 2:   2.5346
    Cycle:           0.0012
  Valid Loss:        7.2950
    Contrastive 1:   3.6494
    Contrastive 2:   3.6438
    Cycle:           0.0018
  LR: 1.00e-08
Epoch: 82
  Train Loss:        5.0698
    Contrastive 1:   2.5344
    Contrastive 2:   2.5342
    Cycle:           0.0012
  Valid Loss:        7.2781
    Contrastive 1:   3.6392
    Contrastive 2:   3.6371
    Cycle:           0.0018
  LR: 1.00e-08
Epoch: 83
  Train Loss:        5.0705
    Contrastive 1:   2.5346
    Contrastive 2:   2.5346
    Cycle:           0.0012
  Valid Loss:        7.2852
    Contrastive 1:   3.6439
    Contrastive 2:   3.6395
    Cycle:           0.0018
  LR: 1.00e-08
Epoch: 84
  Train Loss:        5.0718
    Contrastive 1:   2.5353
    Contrastive 2:   2.5353
    Cycle:           0.0012
  Valid Loss:        7.2982
    Contrastive 1:   3.6543
    Contrastive 2:   3.6420
    Cycle:           0.0018
  LR: 1.00e-08
Epoch: 85
  Train Loss:        5.0689
    Contrastive 1:   2.5339
    Contrastive 2:   2.5339
    Cycle:           0.0012
  Valid Loss:        7.2913
    Contrastive 1:   3.6441
    Contrastive 2:   3.6454
    Cycle:           0.0018
  LR: 1.00e-08
Epoch: 86
  Train Loss:        5.0698
    Contrastive 1:   2.5346
    Contrastive 2:   2.5340
    Cycle:           0.0012
  Valid Loss:        7.3007
    Contrastive 1:   3.6527
    Contrastive 2:   3.6463
    Cycle:           0.0018
  LR: 1.00e-08
Epoch: 87
  Train Loss:        5.0698
    Contrastive 1:   2.5344
    Contrastive 2:   2.5342
    Cycle:           0.0012
  Valid Loss:        7.3001
    Contrastive 1:   3.6497
    Contrastive 2:   3.6486
    Cycle:           0.0018
  LR: 1.00e-08
Epoch: 88
  Train Loss:        5.0706
    Contrastive 1:   2.5352
    Contrastive 2:   2.5342
    Cycle:           0.0012
  Valid Loss:        7.2806
    Contrastive 1:   3.6404
    Contrastive 2:   3.6384
    Cycle:           0.0018
  LR: 1.00e-08
Epoch: 89
  Train Loss:        5.0684
    Contrastive 1:   2.5342
    Contrastive 2:   2.5329
    Cycle:           0.0012
  Valid Loss:        7.3036
    Contrastive 1:   3.6521
    Contrastive 2:   3.6497
    Cycle:           0.0018
  LR: 1.00e-08
Epoch: 90
  Train Loss:        5.0689
    Contrastive 1:   2.5337
    Contrastive 2:   2.5340
    Cycle:           0.0012
  Valid Loss:        7.2676
    Contrastive 1:   3.6386
    Contrastive 2:   3.6272
    Cycle:           0.0018
  LR: 1.00e-08
Epoch: 91
  Train Loss:        5.0716
    Contrastive 1:   2.5357
    Contrastive 2:   2.5347
    Cycle:           0.0012
  Valid Loss:        7.2996
    Contrastive 1:   3.6515
    Contrastive 2:   3.6463
    Cycle:           0.0018
  LR: 1.00e-08
Epoch: 92
  Train Loss:        5.0726
    Contrastive 1:   2.5356
    Contrastive 2:   2.5358
    Cycle:           0.0012
  Valid Loss:        7.2875
    Contrastive 1:   3.6455
    Contrastive 2:   3.6402
    Cycle:           0.0018
  LR: 1.00e-08
Epoch: 93
  Train Loss:        5.0700
    Contrastive 1:   2.5344
    Contrastive 2:   2.5344
    Cycle:           0.0012
  Valid Loss:        7.2890
    Contrastive 1:   3.6461
    Contrastive 2:   3.6411
    Cycle:           0.0018
  LR: 1.00e-08
Epoch: 94
  Train Loss:        5.0710
    Contrastive 1:   2.5351
    Contrastive 2:   2.5347
    Cycle:           0.0012
  Valid Loss:        7.2999
    Contrastive 1:   3.6518
    Contrastive 2:   3.6463
    Cycle:           0.0018
  LR: 1.00e-08
Epoch: 95
  Train Loss:        5.0717
    Contrastive 1:   2.5354
    Contrastive 2:   2.5351
    Cycle:           0.0012
  Valid Loss:        7.2860
    Contrastive 1:   3.6414
    Contrastive 2:   3.6428
    Cycle:           0.0018
  LR: 1.00e-08
Epoch: 96
  Train Loss:        5.0709
    Contrastive 1:   2.5352
    Contrastive 2:   2.5345
    Cycle:           0.0012
  Valid Loss:        7.2985
    Contrastive 1:   3.6532
    Contrastive 2:   3.6435
    Cycle:           0.0018
  LR: 1.00e-08
Epoch: 97
  Train Loss:        5.0692
    Contrastive 1:   2.5343
    Contrastive 2:   2.5337
    Cycle:           0.0012
  Valid Loss:        7.2797
    Contrastive 1:   3.6419
    Contrastive 2:   3.6361
    Cycle:           0.0018
  LR: 1.00e-08
Epoch: 98
  Train Loss:        5.0721
    Contrastive 1:   2.5356
    Contrastive 2:   2.5353
    Cycle:           0.0012
  Valid Loss:        7.2740
    Contrastive 1:   3.6361
    Contrastive 2:   3.6360
    Cycle:           0.0018
  LR: 1.00e-08
Epoch: 99
  Train Loss:        5.0706
    Contrastive 1:   2.5352
    Contrastive 2:   2.5341
    Cycle:           0.0012
  Valid Loss:        7.2921
    Contrastive 1:   3.6524
    Contrastive 2:   3.6379
    Cycle:           0.0018
  LR: 1.00e-08
Fine Tuning Both
Epoch: 0, Alpha: 1.00
  Train Loss:        12.1045
    Contrastive:     12.1045
    Recon (all):     3.4902
    Recon (log):     0.6980
  Valid Loss:        11.9059
    Contrastive:     11.9059
    Recon (all):     2.3521
    Recon (log):     0.4704
  LR: 1.00e-04
Epoch: 1, Alpha: 0.99
  Train Loss:        9.8851
    Contrastive:     9.9598
    Recon (all):     2.4445
    Recon (log):     0.4889
  Valid Loss:        11.3165
    Contrastive:     11.4093
    Recon (all):     2.0829
    Recon (log):     0.4166
  LR: 1.00e-04
Epoch: 2, Alpha: 0.98
  Train Loss:        9.4214
    Contrastive:     9.5663
    Recon (all):     2.2449
    Recon (log):     0.4490
  Valid Loss:        11.0298
    Contrastive:     11.2129
    Recon (all):     1.9647
    Recon (log):     0.3929
  LR: 1.00e-04
Epoch: 3, Alpha: 0.97
  Train Loss:        9.1091
    Contrastive:     9.3219
    Recon (all):     2.1235
    Recon (log):     0.4247
  Valid Loss:        10.7699
    Contrastive:     11.0411
    Recon (all):     1.8665
    Recon (log):     0.3733
  LR: 1.00e-04
Epoch: 4, Alpha: 0.96
  Train Loss:        8.8747
    Contrastive:     9.1537
    Recon (all):     2.0388
    Recon (log):     0.4078
  Valid Loss:        10.5078
    Contrastive:     10.8634
    Recon (all):     1.7934
    Recon (log):     0.3587
  LR: 1.00e-04
Epoch: 5, Alpha: 0.95
  Train Loss:        8.6732
    Contrastive:     9.0167
    Recon (all):     1.9738
    Recon (log):     0.3948
  Valid Loss:        10.3817
    Contrastive:     10.8239
    Recon (all):     1.7563
    Recon (log):     0.3513
  LR: 1.00e-04
Epoch: 6, Alpha: 0.94
  Train Loss:        8.4903
    Contrastive:     8.8964
    Recon (all):     1.9224
    Recon (log):     0.3845
  Valid Loss:        10.1936
    Contrastive:     10.7184
    Recon (all):     1.7069
    Recon (log):     0.3414
  LR: 1.00e-04
Epoch: 7, Alpha: 0.93
  Train Loss:        8.3074
    Contrastive:     8.7743
    Recon (all):     1.8671
    Recon (log):     0.3734
  Valid Loss:        10.0343
    Contrastive:     10.6421
    Recon (all):     1.6528
    Recon (log):     0.3306
  LR: 1.00e-04
Epoch: 8, Alpha: 0.92
  Train Loss:        8.1130
    Contrastive:     8.6384
    Recon (all):     1.8039
    Recon (log):     0.3608
  Valid Loss:        9.8680
    Contrastive:     10.5567
    Recon (all):     1.5996
    Recon (log):     0.3199
  LR: 1.00e-04
Epoch: 9, Alpha: 0.91
  Train Loss:        7.9311
    Contrastive:     8.5138
    Recon (all):     1.7437
    Recon (log):     0.3487
  Valid Loss:        9.6734
    Contrastive:     10.4373
    Recon (all):     1.5610
    Recon (log):     0.3122
  LR: 1.00e-04
Epoch: 10, Alpha: 0.90
  Train Loss:        7.7759
    Contrastive:     8.4152
    Recon (all):     1.6972
    Recon (log):     0.3394
  Valid Loss:        9.5482
    Contrastive:     10.3934
    Recon (all):     1.5119
    Recon (log):     0.3024
  LR: 1.00e-04
Epoch: 11, Alpha: 0.90
  Train Loss:        7.6312
    Contrastive:     8.3259
    Recon (all):     1.6569
    Recon (log):     0.3314
  Valid Loss:        9.3892
    Contrastive:     10.3112
    Recon (all):     1.4602
    Recon (log):     0.2920
  LR: 1.00e-04
Epoch: 12, Alpha: 0.89
  Train Loss:        7.4810
    Contrastive:     8.2294
    Recon (all):     1.6110
    Recon (log):     0.3222
  Valid Loss:        9.2103
    Contrastive:     10.2045
    Recon (all):     1.4126
    Recon (log):     0.2825
  LR: 1.00e-04
Epoch: 13, Alpha: 0.88
  Train Loss:        7.3260
    Contrastive:     8.1262
    Recon (all):     1.5620
    Recon (log):     0.3124
  Valid Loss:        9.0583
    Contrastive:     10.1263
    Recon (all):     1.3649
    Recon (log):     0.2730
  LR: 1.00e-04
Epoch: 14, Alpha: 0.87
  Train Loss:        7.1721
    Contrastive:     8.0224
    Recon (all):     1.5134
    Recon (log):     0.3027
  Valid Loss:        8.9034
    Contrastive:     10.0430
    Recon (all):     1.3202
    Recon (log):     0.2640
  LR: 1.00e-04
Epoch: 15, Alpha: 0.86
  Train Loss:        7.0320
    Contrastive:     7.9325
    Recon (all):     1.4682
    Recon (log):     0.2936
  Valid Loss:        8.7199
    Contrastive:     9.9272
    Recon (all):     1.2602
    Recon (log):     0.2520
  LR: 1.00e-04
Epoch: 16, Alpha: 0.85
  Train Loss:        6.8929
    Contrastive:     7.8418
    Recon (all):     1.4240
    Recon (log):     0.2848
  Valid Loss:        8.5816
    Contrastive:     9.8605
    Recon (all):     1.2109
    Recon (log):     0.2422
  LR: 1.00e-04
Epoch: 17, Alpha: 0.84
  Train Loss:        6.7659
    Contrastive:     7.7625
    Recon (all):     1.3873
    Recon (log):     0.2775
  Valid Loss:        8.4500
    Contrastive:     9.7976
    Recon (all):     1.1776
    Recon (log):     0.2355
  LR: 1.00e-04
Epoch: 18, Alpha: 0.84
  Train Loss:        6.6466
    Contrastive:     7.6908
    Recon (all):     1.3522
    Recon (log):     0.2704
  Valid Loss:        8.3407
    Contrastive:     9.7603
    Recon (all):     1.1429
    Recon (log):     0.2286
  LR: 1.00e-04
Epoch: 19, Alpha: 0.83
  Train Loss:        6.5376
    Contrastive:     7.6292
    Recon (all):     1.3207
    Recon (log):     0.2641
  Valid Loss:        8.2106
    Contrastive:     9.6953
    Recon (all):     1.1154
    Recon (log):     0.2231
  LR: 1.00e-04
Epoch: 20, Alpha: 0.82
  Train Loss:        6.4298
    Contrastive:     7.5674
    Recon (all):     1.2917
    Recon (log):     0.2583
  Valid Loss:        8.0747
    Contrastive:     9.6235
    Recon (all):     1.0792
    Recon (log):     0.2158
  LR: 1.00e-04
Epoch: 21, Alpha: 0.81
  Train Loss:        6.3231
    Contrastive:     7.5055
    Recon (all):     1.2630
    Recon (log):     0.2526
  Valid Loss:        7.9843
    Contrastive:     9.6049
    Recon (all):     1.0491
    Recon (log):     0.2098
  LR: 1.00e-04
Epoch: 22, Alpha: 0.80
  Train Loss:        6.2236
    Contrastive:     7.4506
    Recon (all):     1.2375
    Recon (log):     0.2475
  Valid Loss:        7.8727
    Contrastive:     9.5576
    Recon (all):     1.0256
    Recon (log):     0.2051
  LR: 1.00e-04
Epoch: 23, Alpha: 0.79
  Train Loss:        6.1311
    Contrastive:     7.4025
    Recon (all):     1.2144
    Recon (log):     0.2429
  Valid Loss:        7.7546
    Contrastive:     9.4997
    Recon (all):     1.0061
    Recon (log):     0.2012
  LR: 1.00e-04
Epoch: 24, Alpha: 0.79
  Train Loss:        6.0405
    Contrastive:     7.3555
    Recon (all):     1.1925
    Recon (log):     0.2385
  Valid Loss:        7.6811
    Contrastive:     9.4997
    Recon (all):     0.9764
    Recon (log):     0.1953
  LR: 1.00e-04
Epoch: 25, Alpha: 0.78
  Train Loss:        5.9492
    Contrastive:     7.3072
    Recon (all):     1.1677
    Recon (log):     0.2335
  Valid Loss:        7.5622
    Contrastive:     9.4396
    Recon (all):     0.9522
    Recon (log):     0.1904
  LR: 1.00e-04
Epoch: 26, Alpha: 0.77
  Train Loss:        5.8588
    Contrastive:     7.2582
    Recon (all):     1.1458
    Recon (log):     0.2292
  Valid Loss:        7.4606
    Contrastive:     9.4005
    Recon (all):     0.9274
    Recon (log):     0.1855
  LR: 1.00e-04
Epoch: 27, Alpha: 0.76
  Train Loss:        5.7729
    Contrastive:     7.2139
    Recon (all):     1.1239
    Recon (log):     0.2248
  Valid Loss:        7.3557
    Contrastive:     9.3554
    Recon (all):     0.9046
    Recon (log):     0.1809
  LR: 1.00e-04
Epoch: 28, Alpha: 0.76
  Train Loss:        5.6917
    Contrastive:     7.1735
    Recon (all):     1.1056
    Recon (log):     0.2211
  Valid Loss:        7.2866
    Contrastive:     9.3534
    Recon (all):     0.8905
    Recon (log):     0.1781
  LR: 1.00e-04
Epoch: 29, Alpha: 0.75
  Train Loss:        5.6133
    Contrastive:     7.1355
    Recon (all):     1.0887
    Recon (log):     0.2177
  Valid Loss:        7.2048
    Contrastive:     9.3341
    Recon (all):     0.8760
    Recon (log):     0.1752
  LR: 1.00e-04
Epoch: 30, Alpha: 0.74
  Train Loss:        5.5388
    Contrastive:     7.1013
    Recon (all):     1.0728
    Recon (log):     0.2146
  Valid Loss:        7.1134
    Contrastive:     9.3017
    Recon (all):     0.8584
    Recon (log):     0.1717
  LR: 1.00e-04
Epoch: 31, Alpha: 0.73
  Train Loss:        5.4680
    Contrastive:     7.0708
    Recon (all):     1.0579
    Recon (log):     0.2116
  Valid Loss:        7.0191
    Contrastive:     9.2641
    Recon (all):     0.8417
    Recon (log):     0.1683
  LR: 1.00e-04
Epoch: 32, Alpha: 0.73
  Train Loss:        5.3979
    Contrastive:     7.0399
    Recon (all):     1.0440
    Recon (log):     0.2088
  Valid Loss:        6.9563
    Contrastive:     9.2669
    Recon (all):     0.8293
    Recon (log):     0.1659
  LR: 1.00e-04
Epoch: 33, Alpha: 0.72
  Train Loss:        5.3308
    Contrastive:     7.0121
    Recon (all):     1.0306
    Recon (log):     0.2061
  Valid Loss:        6.8844
    Contrastive:     9.2562
    Recon (all):     0.8180
    Recon (log):     0.1636
  LR: 1.00e-04
Epoch: 34, Alpha: 0.71
  Train Loss:        5.2634
    Contrastive:     6.9830
    Recon (all):     1.0170
    Recon (log):     0.2034
  Valid Loss:        6.8043
    Contrastive:     9.2324
    Recon (all):     0.8082
    Recon (log):     0.1616
  LR: 1.00e-04
Epoch: 35, Alpha: 0.70
  Train Loss:        5.1980
    Contrastive:     6.9553
    Recon (all):     1.0048
    Recon (log):     0.2010
  Valid Loss:        6.7157
    Contrastive:     9.1993
    Recon (all):     0.7890
    Recon (log):     0.1578
  LR: 1.00e-04
Epoch: 36, Alpha: 0.70
  Train Loss:        5.1362
    Contrastive:     6.9318
    Recon (all):     0.9925
    Recon (log):     0.1985
  Valid Loss:        6.6376
    Contrastive:     9.1790
    Recon (all):     0.7727
    Recon (log):     0.1545
  LR: 1.00e-04
Epoch: 37, Alpha: 0.69
  Train Loss:        5.0737
    Contrastive:     6.9058
    Recon (all):     0.9819
    Recon (log):     0.1964
  Valid Loss:        6.5781
    Contrastive:     9.1800
    Recon (all):     0.7668
    Recon (log):     0.1534
  LR: 1.00e-04
Epoch: 38, Alpha: 0.68
  Train Loss:        5.0167
    Contrastive:     6.8863
    Recon (all):     0.9726
    Recon (log):     0.1945
  Valid Loss:        6.5083
    Contrastive:     9.1666
    Recon (all):     0.7580
    Recon (log):     0.1516
  LR: 1.00e-04
Epoch: 39, Alpha: 0.68
  Train Loss:        4.9605
    Contrastive:     6.8667
    Recon (all):     0.9642
    Recon (log):     0.1928
  Valid Loss:        6.4838
    Contrastive:     9.2165
    Recon (all):     0.7547
    Recon (log):     0.1509
  LR: 1.00e-04
Epoch: 40, Alpha: 0.67
  Train Loss:        4.9048
    Contrastive:     6.8473
    Recon (all):     0.9552
    Recon (log):     0.1910
  Valid Loss:        6.4106
    Contrastive:     9.1944
    Recon (all):     0.7504
    Recon (log):     0.1501
  LR: 1.00e-04
Epoch: 41, Alpha: 0.66
  Train Loss:        4.8508
    Contrastive:     6.8292
    Recon (all):     0.9473
    Recon (log):     0.1895
  Valid Loss:        6.3314
    Contrastive:     9.1650
    Recon (all):     0.7402
    Recon (log):     0.1480
  LR: 1.00e-04
Epoch: 42, Alpha: 0.66
  Train Loss:        4.7973
    Contrastive:     6.8109
    Recon (all):     0.9395
    Recon (log):     0.1879
  Valid Loss:        6.2631
    Contrastive:     9.1507
    Recon (all):     0.7310
    Recon (log):     0.1462
  LR: 1.00e-04
Epoch: 43, Alpha: 0.65
  Train Loss:        4.7453
    Contrastive:     6.7937
    Recon (all):     0.9327
    Recon (log):     0.1865
  Valid Loss:        6.1938
    Contrastive:     9.1338
    Recon (all):     0.7218
    Recon (log):     0.1444
  LR: 1.00e-04
Epoch: 44, Alpha: 0.64
  Train Loss:        4.6936
    Contrastive:     6.7769
    Recon (all):     0.9243
    Recon (log):     0.1849
  Valid Loss:        6.1183
    Contrastive:     9.1094
    Recon (all):     0.7066
    Recon (log):     0.1413
  LR: 1.00e-04
Epoch: 45, Alpha: 0.64
  Train Loss:        4.6442
    Contrastive:     6.7625
    Recon (all):     0.9169
    Recon (log):     0.1834
  Valid Loss:        6.0800
    Contrastive:     9.1317
    Recon (all):     0.7102
    Recon (log):     0.1420
  LR: 1.00e-04
Epoch: 46, Alpha: 0.63
  Train Loss:        4.5912
    Contrastive:     6.7419
    Recon (all):     0.9091
    Recon (log):     0.1818
  Valid Loss:        5.9968
    Contrastive:     9.0931
    Recon (all):     0.6955
    Recon (log):     0.1391
  LR: 1.00e-04
Epoch: 47, Alpha: 0.63
  Train Loss:        4.5434
    Contrastive:     6.7287
    Recon (all):     0.9012
    Recon (log):     0.1802
  Valid Loss:        5.9511
    Contrastive:     9.1058
    Recon (all):     0.6933
    Recon (log):     0.1387
  LR: 1.00e-04
Epoch: 48, Alpha: 0.62
  Train Loss:        4.4978
    Contrastive:     6.7172
    Recon (all):     0.8954
    Recon (log):     0.1791
  Valid Loss:        5.8760
    Contrastive:     9.0753
    Recon (all):     0.6829
    Recon (log):     0.1366
  LR: 1.00e-04
Epoch: 49, Alpha: 0.61
  Train Loss:        4.4493
    Contrastive:     6.7003
    Recon (all):     0.8893
    Recon (log):     0.1779
  Valid Loss:        5.8432
    Contrastive:     9.1039
    Recon (all):     0.6863
    Recon (log):     0.1373
  LR: 1.00e-04
Epoch: 50, Alpha: 0.61
  Train Loss:        4.4043
    Contrastive:     6.6886
    Recon (all):     0.8831
    Recon (log):     0.1766
  Valid Loss:        5.7757
    Contrastive:     9.0856
    Recon (all):     0.6734
    Recon (log):     0.1347
  LR: 1.00e-04
Epoch: 51, Alpha: 0.60
  Train Loss:        4.3574
    Contrastive:     6.6727
    Recon (all):     0.8773
    Recon (log):     0.1755
  Valid Loss:        5.7199
    Contrastive:     9.0813
    Recon (all):     0.6675
    Recon (log):     0.1335
  LR: 1.00e-04
Epoch: 52, Alpha: 0.59
  Train Loss:        4.3148
    Contrastive:     6.6627
    Recon (all):     0.8722
    Recon (log):     0.1744
  Valid Loss:        5.6617
    Contrastive:     9.0693
    Recon (all):     0.6655
    Recon (log):     0.1331
  LR: 1.00e-04
Epoch: 53, Alpha: 0.59
  Train Loss:        4.2697
    Contrastive:     6.6487
    Recon (all):     0.8660
    Recon (log):     0.1732
  Valid Loss:        5.6041
    Contrastive:     9.0573
    Recon (all):     0.6634
    Recon (log):     0.1327
  LR: 1.00e-04
Epoch: 54, Alpha: 0.58
  Train Loss:        4.2264
    Contrastive:     6.6360
    Recon (all):     0.8611
    Recon (log):     0.1722
  Valid Loss:        5.5496
    Contrastive:     9.0526
    Recon (all):     0.6572
    Recon (log):     0.1314
  LR: 1.00e-04
Epoch: 55, Alpha: 0.58
  Train Loss:        4.1846
    Contrastive:     6.6251
    Recon (all):     0.8563
    Recon (log):     0.1713
  Valid Loss:        5.5113
    Contrastive:     9.0746
    Recon (all):     0.6517
    Recon (log):     0.1303
  LR: 1.00e-04
Epoch: 56, Alpha: 0.57
  Train Loss:        4.1429
    Contrastive:     6.6137
    Recon (all):     0.8514
    Recon (log):     0.1703
  Valid Loss:        5.4585
    Contrastive:     9.0702
    Recon (all):     0.6473
    Recon (log):     0.1295
  LR: 1.00e-04
Epoch: 57, Alpha: 0.57
  Train Loss:        4.1034
    Contrastive:     6.6054
    Recon (all):     0.8468
    Recon (log):     0.1694
  Valid Loss:        5.4126
    Contrastive:     9.0740
    Recon (all):     0.6467
    Recon (log):     0.1293
  LR: 1.00e-04
Epoch: 58, Alpha: 0.56
  Train Loss:        4.0627
    Contrastive:     6.5942
    Recon (all):     0.8421
    Recon (log):     0.1684
  Valid Loss:        5.3680
    Contrastive:     9.0809
    Recon (all):     0.6446
    Recon (log):     0.1289
  LR: 1.00e-04
Epoch: 59, Alpha: 0.55
  Train Loss:        4.0238
    Contrastive:     6.5851
    Recon (all):     0.8380
    Recon (log):     0.1676
  Valid Loss:        5.2788
    Contrastive:     9.0171
    Recon (all):     0.6291
    Recon (log):     0.1258
  LR: 1.00e-04
Epoch: 60, Alpha: 0.55
  Train Loss:        3.9844
    Contrastive:     6.5742
    Recon (all):     0.8343
    Recon (log):     0.1669
  Valid Loss:        5.2674
    Contrastive:     9.0755
    Recon (all):     0.6353
    Recon (log):     0.1271
  LR: 1.00e-04
Epoch: 61, Alpha: 0.54
  Train Loss:        3.9481
    Contrastive:     6.5685
    Recon (all):     0.8301
    Recon (log):     0.1660
  Valid Loss:        5.1833
    Contrastive:     9.0106
    Recon (all):     0.6295
    Recon (log):     0.1259
  LR: 1.00e-04
Epoch: 62, Alpha: 0.54
  Train Loss:        3.9099
    Contrastive:     6.5590
    Recon (all):     0.8258
    Recon (log):     0.1652
  Valid Loss:        5.1647
    Contrastive:     9.0674
    Recon (all):     0.6211
    Recon (log):     0.1242
  LR: 1.00e-04
Epoch: 63, Alpha: 0.53
  Train Loss:        3.8715
    Contrastive:     6.5482
    Recon (all):     0.8216
    Recon (log):     0.1643
  Valid Loss:        5.0953
    Contrastive:     9.0225
    Recon (all):     0.6203
    Recon (log):     0.1241
  LR: 1.00e-04
Epoch: 64, Alpha: 0.53
  Train Loss:        3.8339
    Contrastive:     6.5376
    Recon (all):     0.8181
    Recon (log):     0.1636
  Valid Loss:        5.0464
    Contrastive:     9.0156
    Recon (all):     0.6188
    Recon (log):     0.1238
  LR: 1.00e-04
Epoch: 65, Alpha: 0.52
  Train Loss:        3.7980
    Contrastive:     6.5300
    Recon (all):     0.8140
    Recon (log):     0.1628
  Valid Loss:        4.9972
    Contrastive:     9.0112
    Recon (all):     0.6130
    Recon (log):     0.1226
  LR: 1.00e-04
Epoch: 66, Alpha: 0.52
  Train Loss:        3.7627
    Contrastive:     6.5221
    Recon (all):     0.8109
    Recon (log):     0.1622
  Valid Loss:        4.9565
    Contrastive:     9.0167
    Recon (all):     0.6130
    Recon (log):     0.1226
  LR: 1.00e-04
Epoch: 67, Alpha: 0.51
  Train Loss:        3.7277
    Contrastive:     6.5145
    Recon (all):     0.8072
    Recon (log):     0.1614
  Valid Loss:        4.9210
    Contrastive:     9.0355
    Recon (all):     0.6092
    Recon (log):     0.1218
  LR: 1.00e-04
Epoch: 68, Alpha: 0.51
  Train Loss:        3.6926
    Contrastive:     6.5057
    Recon (all):     0.8039
    Recon (log):     0.1608
  Valid Loss:        4.8770
    Contrastive:     9.0305
    Recon (all):     0.6120
    Recon (log):     0.1224
  LR: 1.00e-04
Epoch: 69, Alpha: 0.50
  Train Loss:        3.6587
    Contrastive:     6.4989
    Recon (all):     0.8005
    Recon (log):     0.1601
  Valid Loss:        4.8386
    Contrastive:     9.0402
    Recon (all):     0.6104
    Recon (log):     0.1221
  LR: 1.00e-04
Epoch: 70, Alpha: 0.50
  Train Loss:        3.6242
    Contrastive:     6.4902
    Recon (all):     0.7970
    Recon (log):     0.1594
  Valid Loss:        4.7883
    Contrastive:     9.0283
    Recon (all):     0.6058
    Recon (log):     0.1212
  LR: 1.00e-04
Epoch: 71, Alpha: 0.49
  Train Loss:        3.5920
    Contrastive:     6.4842
    Recon (all):     0.7949
    Recon (log):     0.1590
  Valid Loss:        4.7334
    Contrastive:     9.0108
    Recon (all):     0.5967
    Recon (log):     0.1193
  LR: 1.00e-04
Epoch: 72, Alpha: 0.49
  Train Loss:        3.5587
    Contrastive:     6.4768
    Recon (all):     0.7913
    Recon (log):     0.1583
  Valid Loss:        4.6979
    Contrastive:     9.0122
    Recon (all):     0.6063
    Recon (log):     0.1213
  LR: 1.00e-04
Epoch: 73, Alpha: 0.48
  Train Loss:        3.5267
    Contrastive:     6.4707
    Recon (all):     0.7883
    Recon (log):     0.1577
  Valid Loss:        4.6508
    Contrastive:     9.0099
    Recon (all):     0.5961
    Recon (log):     0.1192
  LR: 1.00e-04
Epoch: 74, Alpha: 0.48
  Train Loss:        3.4948
    Contrastive:     6.4642
    Recon (all):     0.7854
    Recon (log):     0.1571
  Valid Loss:        4.6179
    Contrastive:     9.0293
    Recon (all):     0.5927
    Recon (log):     0.1185
  LR: 1.00e-04
Epoch: 75, Alpha: 0.47
  Train Loss:        3.4636
    Contrastive:     6.4586
    Recon (all):     0.7824
    Recon (log):     0.1565
  Valid Loss:        4.5656
    Contrastive:     9.0026
    Recon (all):     0.5934
    Recon (log):     0.1187
  LR: 1.00e-04
Epoch: 76, Alpha: 0.47
  Train Loss:        3.4312
    Contrastive:     6.4492
    Recon (all):     0.7799
    Recon (log):     0.1560
  Valid Loss:        4.5371
    Contrastive:     9.0275
    Recon (all):     0.5921
    Recon (log):     0.1184
  LR: 1.00e-04
Epoch: 77, Alpha: 0.46
  Train Loss:        3.4015
    Contrastive:     6.4447
    Recon (all):     0.7776
    Recon (log):     0.1555
  Valid Loss:        4.4973
    Contrastive:     9.0298
    Recon (all):     0.5892
    Recon (log):     0.1178
  LR: 1.00e-04
Epoch: 78, Alpha: 0.46
  Train Loss:        3.3714
    Contrastive:     6.4394
    Recon (all):     0.7745
    Recon (log):     0.1549
  Valid Loss:        4.4539
    Contrastive:     9.0161
    Recon (all):     0.5924
    Recon (log):     0.1185
  LR: 1.00e-04
Epoch: 79, Alpha: 0.45
  Train Loss:        3.3405
    Contrastive:     6.4312
    Recon (all):     0.7722
    Recon (log):     0.1544
  Valid Loss:        4.3993
    Contrastive:     8.9889
    Recon (all):     0.5854
    Recon (log):     0.1171
  LR: 1.00e-04
Epoch: 80, Alpha: 0.45
  Train Loss:        3.3118
    Contrastive:     6.4271
    Recon (all):     0.7697
    Recon (log):     0.1539
  Valid Loss:        4.3698
    Contrastive:     9.0108
    Recon (all):     0.5828
    Recon (log):     0.1166
  LR: 1.00e-04
Epoch: 81, Alpha: 0.44
  Train Loss:        3.2825
    Contrastive:     6.4212
    Recon (all):     0.7674
    Recon (log):     0.1535
  Valid Loss:        4.3227
    Contrastive:     8.9901
    Recon (all):     0.5824
    Recon (log):     0.1165
  LR: 1.00e-04
Epoch: 82, Alpha: 0.44
  Train Loss:        3.2527
    Contrastive:     6.4136
    Recon (all):     0.7647
    Recon (log):     0.1529
  Valid Loss:        4.3044
    Contrastive:     9.0345
    Recon (all):     0.5814
    Recon (log):     0.1163
  LR: 1.00e-04
Epoch: 83, Alpha: 0.44
  Train Loss:        3.2246
    Contrastive:     6.4089
    Recon (all):     0.7625
    Recon (log):     0.1525
  Valid Loss:        4.2495
    Contrastive:     9.0028
    Recon (all):     0.5743
    Recon (log):     0.1149
  LR: 1.00e-04
Epoch: 84, Alpha: 0.43
  Train Loss:        3.1977
    Contrastive:     6.4064
    Recon (all):     0.7602
    Recon (log):     0.1520
  Valid Loss:        4.2147
    Contrastive:     9.0078
    Recon (all):     0.5736
    Recon (log):     0.1147
  LR: 1.00e-04
Epoch: 85, Alpha: 0.43
  Train Loss:        3.1703
    Contrastive:     6.4019
    Recon (all):     0.7581
    Recon (log):     0.1516
  Valid Loss:        4.1676
    Contrastive:     8.9782
    Recon (all):     0.5767
    Recon (log):     0.1153
  LR: 1.00e-04
Epoch: 86, Alpha: 0.42
  Train Loss:        3.1418
    Contrastive:     6.3946
    Recon (all):     0.7555
    Recon (log):     0.1511
  Valid Loss:        4.1398
    Contrastive:     8.9961
    Recon (all):     0.5772
    Recon (log):     0.1154
  LR: 1.00e-04
Epoch: 87, Alpha: 0.42
  Train Loss:        3.1150
    Contrastive:     6.3895
    Recon (all):     0.7540
    Recon (log):     0.1508
  Valid Loss:        4.1060
    Contrastive:     9.0042
    Recon (all):     0.5743
    Recon (log):     0.1149
  LR: 1.00e-04
Epoch: 88, Alpha: 0.41
  Train Loss:        3.0891
    Contrastive:     6.3871
    Recon (all):     0.7517
    Recon (log):     0.1503
  Valid Loss:        4.0669
    Contrastive:     8.9960
    Recon (all):     0.5733
    Recon (log):     0.1147
  LR: 1.00e-04
Epoch: 89, Alpha: 0.41
  Train Loss:        3.0624
    Contrastive:     6.3808
    Recon (all):     0.7501
    Recon (log):     0.1500
  Valid Loss:        4.0306
    Contrastive:     8.9948
    Recon (all):     0.5715
    Recon (log):     0.1143
  LR: 1.00e-04
Epoch: 90, Alpha: 0.41
  Train Loss:        3.0359
    Contrastive:     6.3751
    Recon (all):     0.7481
    Recon (log):     0.1496
  Valid Loss:        3.9914
    Contrastive:     8.9855
    Recon (all):     0.5698
    Recon (log):     0.1140
  LR: 1.00e-04
Epoch: 91, Alpha: 0.40
  Train Loss:        3.0111
    Contrastive:     6.3731
    Recon (all):     0.7460
    Recon (log):     0.1492
  Valid Loss:        3.9731
    Contrastive:     9.0210
    Recon (all):     0.5724
    Recon (log):     0.1145
  LR: 1.00e-04
Epoch: 92, Alpha: 0.40
  Train Loss:        2.9855
    Contrastive:     6.3677
    Recon (all):     0.7445
    Recon (log):     0.1489
  Valid Loss:        3.9194
    Contrastive:     8.9812
    Recon (all):     0.5656
    Recon (log):     0.1131
  LR: 1.00e-04
Epoch: 93, Alpha: 0.39
  Train Loss:        2.9603
    Contrastive:     6.3635
    Recon (all):     0.7426
    Recon (log):     0.1485
  Valid Loss:        3.8916
    Contrastive:     8.9944
    Recon (all):     0.5663
    Recon (log):     0.1133
  LR: 1.00e-04
Epoch: 94, Alpha: 0.39
  Train Loss:        2.9356
    Contrastive:     6.3602
    Recon (all):     0.7404
    Recon (log):     0.1481
  Valid Loss:        3.8556
    Contrastive:     8.9929
    Recon (all):     0.5624
    Recon (log):     0.1125
  LR: 1.00e-04
Epoch: 95, Alpha: 0.39
  Train Loss:        2.9107
    Contrastive:     6.3546
    Recon (all):     0.7389
    Recon (log):     0.1478
  Valid Loss:        3.8169
    Contrastive:     8.9724
    Recon (all):     0.5657
    Recon (log):     0.1131
  LR: 1.00e-04
Epoch: 96, Alpha: 0.38
  Train Loss:        2.8865
    Contrastive:     6.3510
    Recon (all):     0.7370
    Recon (log):     0.1474
  Valid Loss:        3.7778
    Contrastive:     8.9640
    Recon (all):     0.5599
    Recon (log):     0.1120
  LR: 1.00e-04
Epoch: 97, Alpha: 0.38
  Train Loss:        2.8624
    Contrastive:     6.3456
    Recon (all):     0.7358
    Recon (log):     0.1472
  Valid Loss:        3.7467
    Contrastive:     8.9646
    Recon (all):     0.5610
    Recon (log):     0.1122
  LR: 1.00e-04
Epoch: 98, Alpha: 0.38
  Train Loss:        2.8394
    Contrastive:     6.3440
    Recon (all):     0.7338
    Recon (log):     0.1468
  Valid Loss:        3.7284
    Contrastive:     9.0066
    Recon (all):     0.5573
    Recon (log):     0.1115
  LR: 1.00e-04
Epoch: 99, Alpha: 0.37
  Train Loss:        2.8160
    Contrastive:     6.3401
    Recon (all):     0.7323
    Recon (log):     0.1465
  Valid Loss:        3.7011
    Contrastive:     9.0070
    Recon (all):     0.5639
    Recon (log):     0.1128
  LR: 1.00e-04
Epoch: 100, Alpha: 0.37
  Train Loss:        2.7923
    Contrastive:     6.3342
    Recon (all):     0.7310
    Recon (log):     0.1462
  Valid Loss:        3.6677
    Contrastive:     9.0090
    Recon (all):     0.5593
    Recon (log):     0.1119
  LR: 1.00e-04
Epoch: 101, Alpha: 0.36
  Train Loss:        2.7695
    Contrastive:     6.3319
    Recon (all):     0.7288
    Recon (log):     0.1458
  Valid Loss:        3.6490
    Contrastive:     9.0432
    Recon (all):     0.5588
    Recon (log):     0.1118
  LR: 1.00e-04
Epoch: 102, Alpha: 0.36
  Train Loss:        2.7472
    Contrastive:     6.3286
    Recon (all):     0.7275
    Recon (log):     0.1455
  Valid Loss:        3.5985
    Contrastive:     8.9873
    Recon (all):     0.5595
    Recon (log):     0.1119
  LR: 1.00e-04
Epoch: 103, Alpha: 0.36
  Train Loss:        2.7245
    Contrastive:     6.3240
    Recon (all):     0.7259
    Recon (log):     0.1452
  Valid Loss:        3.5697
    Contrastive:     8.9937
    Recon (all):     0.5582
    Recon (log):     0.1116
  LR: 1.00e-04
Epoch: 104, Alpha: 0.35
  Train Loss:        2.7021
    Contrastive:     6.3194
    Recon (all):     0.7245
    Recon (log):     0.1449
  Valid Loss:        3.5513
    Contrastive:     9.0210
    Recon (all):     0.5612
    Recon (log):     0.1122
  LR: 1.00e-04
Epoch: 105, Alpha: 0.35
  Train Loss:        2.6812
    Contrastive:     6.3184
    Recon (all):     0.7233
    Recon (log):     0.1447
  Valid Loss:        3.5188
    Contrastive:     9.0182
    Recon (all):     0.5584
    Recon (log):     0.1117
  LR: 1.00e-04
Epoch: 106, Alpha: 0.35
  Train Loss:        2.6592
    Contrastive:     6.3127
    Recon (all):     0.7223
    Recon (log):     0.1445
  Valid Loss:        3.4801
    Contrastive:     8.9996
    Recon (all):     0.5542
    Recon (log):     0.1108
  LR: 1.00e-04
Epoch: 107, Alpha: 0.34
  Train Loss:        2.6393
    Contrastive:     6.3142
    Recon (all):     0.7207
    Recon (log):     0.1441
  Valid Loss:        3.4620
    Contrastive:     9.0335
    Recon (all):     0.5531
    Recon (log):     0.1106
  LR: 1.00e-04
Epoch: 108, Alpha: 0.34
  Train Loss:        2.6168
    Contrastive:     6.3072
    Recon (all):     0.7191
    Recon (log):     0.1438
  Valid Loss:        3.4201
    Contrastive:     8.9982
    Recon (all):     0.5516
    Recon (log):     0.1103
  LR: 1.00e-04
Epoch: 109, Alpha: 0.34
  Train Loss:        2.5954
    Contrastive:     6.3032
    Recon (all):     0.7173
    Recon (log):     0.1435
  Valid Loss:        3.3952
    Contrastive:     9.0010
    Recon (all):     0.5558
    Recon (log):     0.1112
  LR: 1.00e-04
Epoch: 110, Alpha: 0.33
  Train Loss:        2.5761
    Contrastive:     6.3036
    Recon (all):     0.7163
    Recon (log):     0.1433
  Valid Loss:        3.3681
    Contrastive:     9.0139
    Recon (all):     0.5511
    Recon (log):     0.1102
  LR: 1.00e-04
Epoch: 111, Alpha: 0.33
  Train Loss:        2.5552
    Contrastive:     6.2982
    Recon (all):     0.7154
    Recon (log):     0.1431
  Valid Loss:        3.3414
    Contrastive:     9.0165
    Recon (all):     0.5518
    Recon (log):     0.1104
  LR: 1.00e-04
Epoch: 112, Alpha: 0.33
  Train Loss:        2.5351
    Contrastive:     6.2955
    Recon (all):     0.7140
    Recon (log):     0.1428
  Valid Loss:        3.3022
    Contrastive:     8.9875
    Recon (all):     0.5488
    Recon (log):     0.1098
  LR: 1.00e-04
Epoch: 113, Alpha: 0.32
  Train Loss:        2.5156
    Contrastive:     6.2928
    Recon (all):     0.7132
    Recon (log):     0.1426
  Valid Loss:        3.2843
    Contrastive:     9.0166
    Recon (all):     0.5489
    Recon (log):     0.1098
  LR: 1.00e-04
Epoch: 114, Alpha: 0.32
  Train Loss:        2.4962
    Contrastive:     6.2909
    Recon (all):     0.7120
    Recon (log):     0.1424
  Valid Loss:        3.2497
    Contrastive:     8.9866
    Recon (all):     0.5523
    Recon (log):     0.1105
  LR: 1.00e-04
Epoch: 115, Alpha: 0.32
  Train Loss:        2.4768
    Contrastive:     6.2889
    Recon (all):     0.7105
    Recon (log):     0.1421
  Valid Loss:        3.2282
    Contrastive:     9.0102
    Recon (all):     0.5492
    Recon (log):     0.1098
  LR: 1.00e-04
Epoch: 116, Alpha: 0.31
  Train Loss:        2.4572
    Contrastive:     6.2848
    Recon (all):     0.7093
    Recon (log):     0.1419
  Valid Loss:        3.1912
    Contrastive:     8.9774
    Recon (all):     0.5491
    Recon (log):     0.1098
  LR: 1.00e-04
Epoch: 117, Alpha: 0.31
  Train Loss:        2.4381
    Contrastive:     6.2821
    Recon (all):     0.7081
    Recon (log):     0.1416
  Valid Loss:        3.1803
    Contrastive:     9.0359
    Recon (all):     0.5450
    Recon (log):     0.1090
  LR: 1.00e-04
Epoch: 118, Alpha: 0.31
  Train Loss:        2.4196
    Contrastive:     6.2801
    Recon (all):     0.7071
    Recon (log):     0.1414
  Valid Loss:        3.1486
    Contrastive:     9.0109
    Recon (all):     0.5482
    Recon (log):     0.1096
  LR: 1.00e-04
Epoch: 119, Alpha: 0.30
  Train Loss:        2.4013
    Contrastive:     6.2785
    Recon (all):     0.7060
    Recon (log):     0.1412
  Valid Loss:        3.1146
    Contrastive:     8.9875
    Recon (all):     0.5468
    Recon (log):     0.1094
  LR: 1.00e-04
Epoch: 120, Alpha: 0.30
  Train Loss:        2.3823
    Contrastive:     6.2743
    Recon (all):     0.7048
    Recon (log):     0.1410
  Valid Loss:        3.1008
    Contrastive:     9.0278
    Recon (all):     0.5462
    Recon (log):     0.1092
  LR: 1.00e-04
Epoch: 121, Alpha: 0.30
  Train Loss:        2.3638
    Contrastive:     6.2704
    Recon (all):     0.7039
    Recon (log):     0.1408
  Valid Loss:        3.0732
    Contrastive:     9.0220
    Recon (all):     0.5456
    Recon (log):     0.1091
  LR: 1.00e-04
Epoch: 122, Alpha: 0.30
  Train Loss:        2.3460
    Contrastive:     6.2689
    Recon (all):     0.7027
    Recon (log):     0.1405
  Valid Loss:        3.0493
    Contrastive:     9.0207
    Recon (all):     0.5479
    Recon (log):     0.1096
  LR: 1.00e-04
Epoch: 123, Alpha: 0.29
  Train Loss:        2.3279
    Contrastive:     6.2653
    Recon (all):     0.7017
    Recon (log):     0.1403
  Valid Loss:        3.0191
    Contrastive:     9.0173
    Recon (all):     0.5417
    Recon (log):     0.1083
  LR: 1.00e-04
Epoch: 124, Alpha: 0.29
  Train Loss:        2.3101
    Contrastive:     6.2624
    Recon (all):     0.7005
    Recon (log):     0.1401
  Valid Loss:        2.9905
    Contrastive:     9.0066
    Recon (all):     0.5406
    Recon (log):     0.1081
  LR: 1.00e-04
Epoch: 125, Alpha: 0.29
  Train Loss:        2.2938
    Contrastive:     6.2637
    Recon (all):     0.6997
    Recon (log):     0.1399
  Valid Loss:        2.9647
    Contrastive:     8.9943
    Recon (all):     0.5435
    Recon (log):     0.1087
  LR: 1.00e-04
Epoch: 126, Alpha: 0.28
  Train Loss:        2.2768
    Contrastive:     6.2612
    Recon (all):     0.6991
    Recon (log):     0.1398
  Valid Loss:        2.9436
    Contrastive:     9.0085
    Recon (all):     0.5420
    Recon (log):     0.1084
  LR: 1.00e-04
Epoch: 127, Alpha: 0.28
  Train Loss:        2.2586
    Contrastive:     6.2554
    Recon (all):     0.6978
    Recon (log):     0.1396
  Valid Loss:        2.9170
    Contrastive:     9.0017
    Recon (all):     0.5410
    Recon (log):     0.1082
  LR: 1.00e-04
Epoch: 128, Alpha: 0.28
  Train Loss:        2.2430
    Contrastive:     6.2568
    Recon (all):     0.6973
    Recon (log):     0.1395
  Valid Loss:        2.8966
    Contrastive:     9.0161
    Recon (all):     0.5399
    Recon (log):     0.1080
  LR: 1.00e-04
Epoch: 129, Alpha: 0.28
  Train Loss:        2.2256
    Contrastive:     6.2523
    Recon (all):     0.6961
    Recon (log):     0.1392
  Valid Loss:        2.8727
    Contrastive:     9.0082
    Recon (all):     0.5423
    Recon (log):     0.1085
  LR: 1.00e-04
Epoch: 130, Alpha: 0.27
  Train Loss:        2.2083
    Contrastive:     6.2471
    Recon (all):     0.6953
    Recon (log):     0.1391
  Valid Loss:        2.8501
    Contrastive:     9.0003
    Recon (all):     0.5460
    Recon (log):     0.1092
  LR: 1.00e-04
Epoch: 131, Alpha: 0.27
  Train Loss:        2.1923
    Contrastive:     6.2468
    Recon (all):     0.6940
    Recon (log):     0.1388
  Valid Loss:        2.8294
    Contrastive:     9.0201
    Recon (all):     0.5418
    Recon (log):     0.1084
  LR: 1.00e-04
Epoch: 132, Alpha: 0.27
  Train Loss:        2.1765
    Contrastive:     6.2458
    Recon (all):     0.6933
    Recon (log):     0.1387
  Valid Loss:        2.8117
    Contrastive:     9.0389
    Recon (all):     0.5419
    Recon (log):     0.1084
  LR: 1.00e-04
Epoch: 133, Alpha: 0.26
  Train Loss:        2.1611
    Contrastive:     6.2446
    Recon (all):     0.6927
    Recon (log):     0.1385
  Valid Loss:        2.7846
    Contrastive:     9.0228
    Recon (all):     0.5415
    Recon (log):     0.1083
  LR: 1.00e-04
Epoch: 134, Alpha: 0.26
  Train Loss:        2.1450
    Contrastive:     6.2417
    Recon (all):     0.6917
    Recon (log):     0.1383
  Valid Loss:        2.7570
    Contrastive:     9.0186
    Recon (all):     0.5358
    Recon (log):     0.1072
  LR: 1.00e-04
Epoch: 135, Alpha: 0.26
  Train Loss:        2.1293
    Contrastive:     6.2391
    Recon (all):     0.6910
    Recon (log):     0.1382
  Valid Loss:        2.7428
    Contrastive:     9.0307
    Recon (all):     0.5422
    Recon (log):     0.1084
  LR: 1.00e-04
Epoch: 136, Alpha: 0.26
  Train Loss:        2.1139
    Contrastive:     6.2378
    Recon (all):     0.6900
    Recon (log):     0.1380
  Valid Loss:        2.7187
    Contrastive:     9.0293
    Recon (all):     0.5397
    Recon (log):     0.1079
  LR: 1.00e-04
Epoch: 137, Alpha: 0.25
  Train Loss:        2.0992
    Contrastive:     6.2379
    Recon (all):     0.6893
    Recon (log):     0.1379
  Valid Loss:        2.6913
    Contrastive:     9.0127
    Recon (all):     0.5377
    Recon (log):     0.1075
  LR: 1.00e-04
Epoch: 138, Alpha: 0.25
  Train Loss:        2.0833
    Contrastive:     6.2333
    Recon (all):     0.6883
    Recon (log):     0.1377
  Valid Loss:        2.6722
    Contrastive:     9.0146
    Recon (all):     0.5402
    Recon (log):     0.1080
  LR: 1.00e-04
Epoch: 139, Alpha: 0.25
  Train Loss:        2.0696
    Contrastive:     6.2359
    Recon (all):     0.6876
    Recon (log):     0.1375
  Valid Loss:        2.6542
    Contrastive:     9.0367
    Recon (all):     0.5372
    Recon (log):     0.1074
  LR: 1.00e-04
Epoch: 140, Alpha: 0.25
  Train Loss:        2.0550
    Contrastive:     6.2335
    Recon (all):     0.6873
    Recon (log):     0.1375
  Valid Loss:        2.6325
    Contrastive:     9.0374
    Recon (all):     0.5360
    Recon (log):     0.1072
  LR: 1.00e-04
Epoch: 141, Alpha: 0.24
  Train Loss:        2.0392
    Contrastive:     6.2283
    Recon (all):     0.6860
    Recon (log):     0.1372
  Valid Loss:        2.6078
    Contrastive:     9.0267
    Recon (all):     0.5344
    Recon (log):     0.1069
  LR: 1.00e-04
Epoch: 142, Alpha: 0.24
  Train Loss:        2.0251
    Contrastive:     6.2289
    Recon (all):     0.6851
    Recon (log):     0.1370
  Valid Loss:        2.5931
    Contrastive:     9.0307
    Recon (all):     0.5410
    Recon (log):     0.1082
  LR: 1.00e-04
Epoch: 143, Alpha: 0.24
  Train Loss:        2.0109
    Contrastive:     6.2263
    Recon (all):     0.6848
    Recon (log):     0.1370
  Valid Loss:        2.5652
    Contrastive:     9.0171
    Recon (all):     0.5354
    Recon (log):     0.1071
  LR: 1.00e-04
Epoch: 144, Alpha: 0.24
  Train Loss:        1.9966
    Contrastive:     6.2248
    Recon (all):     0.6838
    Recon (log):     0.1368
  Valid Loss:        2.5453
    Contrastive:     9.0208
    Recon (all):     0.5348
    Recon (log):     0.1070
  LR: 1.00e-04
Epoch: 145, Alpha: 0.23
  Train Loss:        1.9826
    Contrastive:     6.2222
    Recon (all):     0.6833
    Recon (log):     0.1367
  Valid Loss:        2.5287
    Contrastive:     9.0336
    Recon (all):     0.5353
    Recon (log):     0.1071
  LR: 1.00e-04
Epoch: 146, Alpha: 0.23
  Train Loss:        1.9687
    Contrastive:     6.2204
    Recon (all):     0.6826
    Recon (log):     0.1365
  Valid Loss:        2.5090
    Contrastive:     9.0368
    Recon (all):     0.5344
    Recon (log):     0.1069
  LR: 1.00e-04
Epoch: 147, Alpha: 0.23
  Train Loss:        1.9552
    Contrastive:     6.2203
    Recon (all):     0.6817
    Recon (log):     0.1363
  Valid Loss:        2.4902
    Contrastive:     9.0395
    Recon (all):     0.5347
    Recon (log):     0.1069
  LR: 1.00e-04
Epoch: 148, Alpha: 0.23
  Train Loss:        1.9407
    Contrastive:     6.2162
    Recon (all):     0.6806
    Recon (log):     0.1361
  Valid Loss:        2.4727
    Contrastive:     9.0412
    Recon (all):     0.5368
    Recon (log):     0.1074
  LR: 1.00e-04
Epoch: 149, Alpha: 0.23
  Train Loss:        1.9278
    Contrastive:     6.2148
    Recon (all):     0.6805
    Recon (log):     0.1361
  Valid Loss:        2.4578
    Contrastive:     9.0542
    Recon (all):     0.5386
    Recon (log):     0.1077
  LR: 1.00e-04
Epoch: 150, Alpha: 0.22
  Train Loss:        1.9148
    Contrastive:     6.2156
    Recon (all):     0.6795
    Recon (log):     0.1359
  Valid Loss:        2.4389
    Contrastive:     9.0621
    Recon (all):     0.5366
    Recon (log):     0.1073
  LR: 1.00e-04
Epoch: 151, Alpha: 0.22
  Train Loss:        1.9016
    Contrastive:     6.2122
    Recon (all):     0.6793
    Recon (log):     0.1359
  Valid Loss:        2.4133
    Contrastive:     9.0400
    Recon (all):     0.5343
    Recon (log):     0.1069
  LR: 1.00e-04
Epoch: 152, Alpha: 0.22
  Train Loss:        1.8884
    Contrastive:     6.2104
    Recon (all):     0.6785
    Recon (log):     0.1357
  Valid Loss:        2.3960
    Contrastive:     9.0519
    Recon (all):     0.5328
    Recon (log):     0.1066
  LR: 1.00e-04
Epoch: 153, Alpha: 0.22
  Train Loss:        1.8750
    Contrastive:     6.2078
    Recon (all):     0.6774
    Recon (log):     0.1355
  Valid Loss:        2.3824
    Contrastive:     9.0625
    Recon (all):     0.5361
    Recon (log):     0.1072
  LR: 1.00e-04
Epoch: 154, Alpha: 0.21
  Train Loss:        1.8628
    Contrastive:     6.2071
    Recon (all):     0.6773
    Recon (log):     0.1355
  Valid Loss:        2.3598
    Contrastive:     9.0509
    Recon (all):     0.5339
    Recon (log):     0.1068
  LR: 1.00e-04
Epoch: 155, Alpha: 0.21
  Train Loss:        1.8502
    Contrastive:     6.2075
    Recon (all):     0.6763
    Recon (log):     0.1353
  Valid Loss:        2.3326
    Contrastive:     9.0265
    Recon (all):     0.5290
    Recon (log):     0.1058
  LR: 1.00e-04
Epoch: 156, Alpha: 0.21
  Train Loss:        1.8376
    Contrastive:     6.2059
    Recon (all):     0.6754
    Recon (log):     0.1351
  Valid Loss:        2.3321
    Contrastive:     9.0882
    Recon (all):     0.5347
    Recon (log):     0.1069
  LR: 1.00e-04
Epoch: 157, Alpha: 0.21
  Train Loss:        1.8258
    Contrastive:     6.2049
    Recon (all):     0.6754
    Recon (log):     0.1351
  Valid Loss:        2.3009
    Contrastive:     9.0432
    Recon (all):     0.5297
    Recon (log):     0.1059
  LR: 1.00e-04
Epoch: 158, Alpha: 0.21
  Train Loss:        1.8128
    Contrastive:     6.2012
    Recon (all):     0.6744
    Recon (log):     0.1349
  Valid Loss:        2.2846
    Contrastive:     9.0469
    Recon (all):     0.5304
    Recon (log):     0.1061
  LR: 1.00e-04
Epoch: 159, Alpha: 0.20
  Train Loss:        1.8007
    Contrastive:     6.2002
    Recon (all):     0.6737
    Recon (log):     0.1347
  Valid Loss:        2.2666
    Contrastive:     9.0437
    Recon (all):     0.5306
    Recon (log):     0.1061
  LR: 1.00e-04
Epoch: 160, Alpha: 0.20
  Train Loss:        1.7891
    Contrastive:     6.1994
    Recon (all):     0.6735
    Recon (log):     0.1347
  Valid Loss:        2.2493
    Contrastive:     9.0480
    Recon (all):     0.5294
    Recon (log):     0.1059
  LR: 1.00e-04
Epoch: 161, Alpha: 0.20
  Train Loss:        1.7765
    Contrastive:     6.1956
    Recon (all):     0.6725
    Recon (log):     0.1345
  Valid Loss:        2.2346
    Contrastive:     9.0554
    Recon (all):     0.5306
    Recon (log):     0.1061
  LR: 1.00e-04
Epoch: 162, Alpha: 0.20
  Train Loss:        1.7650
    Contrastive:     6.1948
    Recon (all):     0.6721
    Recon (log):     0.1344
  Valid Loss:        2.2079
    Contrastive:     9.0235
    Recon (all):     0.5263
    Recon (log):     0.1053
  LR: 1.00e-04
Epoch: 163, Alpha: 0.20
  Train Loss:        1.7536
    Contrastive:     6.1944
    Recon (all):     0.6715
    Recon (log):     0.1343
  Valid Loss:        2.2034
    Contrastive:     9.0755
    Recon (all):     0.5288
    Recon (log):     0.1058
  LR: 1.00e-04
Epoch: 164, Alpha: 0.19
  Train Loss:        1.7419
    Contrastive:     6.1929
    Recon (all):     0.6708
    Recon (log):     0.1342
  Valid Loss:        2.1876
    Contrastive:     9.0608
    Recon (all):     0.5335
    Recon (log):     0.1067
  LR: 1.00e-04
Epoch: 165, Alpha: 0.19
  Train Loss:        1.7311
    Contrastive:     6.1923
    Recon (all):     0.6707
    Recon (log):     0.1341
  Valid Loss:        2.1679
    Contrastive:     9.0701
    Recon (all):     0.5272
    Recon (log):     0.1054
  LR: 1.00e-04
Epoch: 166, Alpha: 0.19
  Train Loss:        1.7195
    Contrastive:     6.1905
    Recon (all):     0.6698
    Recon (log):     0.1340
  Valid Loss:        2.1499
    Contrastive:     9.0517
    Recon (all):     0.5295
    Recon (log):     0.1059
  LR: 1.00e-04
Epoch: 167, Alpha: 0.19
  Train Loss:        1.7087
    Contrastive:     6.1914
    Recon (all):     0.6692
    Recon (log):     0.1338
  Valid Loss:        2.1377
    Contrastive:     9.0720
    Recon (all):     0.5296
    Recon (log):     0.1059
  LR: 1.00e-04
Epoch: 168, Alpha: 0.19
  Train Loss:        1.6976
    Contrastive:     6.1892
    Recon (all):     0.6687
    Recon (log):     0.1337
  Valid Loss:        2.1245
    Contrastive:     9.0864
    Recon (all):     0.5298
    Recon (log):     0.1060
  LR: 1.00e-04
Epoch: 169, Alpha: 0.18
  Train Loss:        1.6867
    Contrastive:     6.1874
    Recon (all):     0.6683
    Recon (log):     0.1337
  Valid Loss:        2.1038
    Contrastive:     9.0726
    Recon (all):     0.5270
    Recon (log):     0.1054
  LR: 1.00e-04
Epoch: 170, Alpha: 0.18
  Train Loss:        1.6761
    Contrastive:     6.1867
    Recon (all):     0.6680
    Recon (log):     0.1336
  Valid Loss:        2.0885
    Contrastive:     9.0606
    Recon (all):     0.5301
    Recon (log):     0.1060
  LR: 1.00e-04
Epoch: 171, Alpha: 0.18
  Train Loss:        1.6653
    Contrastive:     6.1851
    Recon (all):     0.6673
    Recon (log):     0.1335
  Valid Loss:        2.0692
    Contrastive:     9.0647
    Recon (all):     0.5245
    Recon (log):     0.1049
  LR: 1.00e-04
Epoch: 172, Alpha: 0.18
  Train Loss:        1.6548
    Contrastive:     6.1842
    Recon (all):     0.6668
    Recon (log):     0.1334
  Valid Loss:        2.0587
    Contrastive:     9.0751
    Recon (all):     0.5282
    Recon (log):     0.1056
  LR: 1.00e-04
Epoch: 173, Alpha: 0.18
  Train Loss:        1.6446
    Contrastive:     6.1833
    Recon (all):     0.6665
    Recon (log):     0.1333
  Valid Loss:        2.0476
    Contrastive:     9.0831
    Recon (all):     0.5316
    Recon (log):     0.1063
  LR: 1.00e-04
Epoch: 174, Alpha: 0.18
  Train Loss:        1.6336
    Contrastive:     6.1806
    Recon (all):     0.6656
    Recon (log):     0.1331
  Valid Loss:        2.0292
    Contrastive:     9.0908
    Recon (all):     0.5259
    Recon (log):     0.1052
  LR: 1.00e-04
Epoch: 175, Alpha: 0.17
  Train Loss:        1.6233
    Contrastive:     6.1790
    Recon (all):     0.6651
    Recon (log):     0.1330
  Valid Loss:        2.0099
    Contrastive:     9.0713
    Recon (all):     0.5247
    Recon (log):     0.1049
  LR: 1.00e-04
Epoch: 176, Alpha: 0.17
  Train Loss:        1.6131
    Contrastive:     6.1774
    Recon (all):     0.6646
    Recon (log):     0.1329
  Valid Loss:        1.9979
    Contrastive:     9.0858
    Recon (all):     0.5250
    Recon (log):     0.1050
  LR: 1.00e-04
Epoch: 177, Alpha: 0.17
  Train Loss:        1.6031
    Contrastive:     6.1773
    Recon (all):     0.6640
    Recon (log):     0.1328
  Valid Loss:        1.9841
    Contrastive:     9.0890
    Recon (all):     0.5255
    Recon (log):     0.1051
  LR: 1.00e-04
Epoch: 178, Alpha: 0.17
  Train Loss:        1.5934
    Contrastive:     6.1771
    Recon (all):     0.6636
    Recon (log):     0.1327
  Valid Loss:        1.9725
    Contrastive:     9.1019
    Recon (all):     0.5263
    Recon (log):     0.1053
  LR: 1.00e-04
Epoch: 179, Alpha: 0.17
  Train Loss:        1.5835
    Contrastive:     6.1772
    Recon (all):     0.6627
    Recon (log):     0.1325
  Valid Loss:        1.9633
    Contrastive:     9.1235
    Recon (all):     0.5283
    Recon (log):     0.1057
  LR: 1.00e-04
Epoch: 180, Alpha: 0.17
  Train Loss:        1.5739
    Contrastive:     6.1754
    Recon (all):     0.6626
    Recon (log):     0.1325
  Valid Loss:        1.9428
    Contrastive:     9.0898
    Recon (all):     0.5274
    Recon (log):     0.1055
  LR: 1.00e-04
Epoch: 181, Alpha: 0.16
  Train Loss:        1.5647
    Contrastive:     6.1748
    Recon (all):     0.6626
    Recon (log):     0.1325
  Valid Loss:        1.9265
    Contrastive:     9.0826
    Recon (all):     0.5262
    Recon (log):     0.1052
  LR: 1.00e-04
Epoch: 182, Alpha: 0.16
  Train Loss:        1.5545
    Contrastive:     6.1718
    Recon (all):     0.6618
    Recon (log):     0.1324
  Valid Loss:        1.9151
    Contrastive:     9.0939
    Recon (all):     0.5271
    Recon (log):     0.1054
  LR: 1.00e-04
Epoch: 183, Alpha: 0.16
  Train Loss:        1.5458
    Contrastive:     6.1734
    Recon (all):     0.6616
    Recon (log):     0.1323
  Valid Loss:        1.8952
    Contrastive:     9.0823
    Recon (all):     0.5220
    Recon (log):     0.1044
  LR: 1.00e-04
Epoch: 184, Alpha: 0.16
  Train Loss:        1.5355
    Contrastive:     6.1688
    Recon (all):     0.6607
    Recon (log):     0.1321
  Valid Loss:        1.8848
    Contrastive:     9.0711
    Recon (all):     0.5280
    Recon (log):     0.1056
  LR: 1.00e-04
Epoch: 185, Alpha: 0.16
  Train Loss:        1.5266
    Contrastive:     6.1699
    Recon (all):     0.6603
    Recon (log):     0.1321
  Valid Loss:        1.8715
    Contrastive:     9.0981
    Recon (all):     0.5232
    Recon (log):     0.1046
  LR: 1.00e-04
Epoch: 186, Alpha: 0.16
  Train Loss:        1.5172
    Contrastive:     6.1666
    Recon (all):     0.6600
    Recon (log):     0.1320
  Valid Loss:        1.8611
    Contrastive:     9.1178
    Recon (all):     0.5231
    Recon (log):     0.1046
  LR: 1.00e-04
Epoch: 187, Alpha: 0.15
  Train Loss:        1.5089
    Contrastive:     6.1677
    Recon (all):     0.6600
    Recon (log):     0.1320
  Valid Loss:        1.8538
    Contrastive:     9.1332
    Recon (all):     0.5274
    Recon (log):     0.1055
  LR: 1.00e-04
Epoch: 188, Alpha: 0.15
  Train Loss:        1.4993
    Contrastive:     6.1651
    Recon (all):     0.6592
    Recon (log):     0.1318
  Valid Loss:        1.8292
    Contrastive:     9.0914
    Recon (all):     0.5215
    Recon (log):     0.1043
  LR: 1.00e-04
Epoch: 189, Alpha: 0.15
  Train Loss:        1.4904
    Contrastive:     6.1652
    Recon (all):     0.6585
    Recon (log):     0.1317
  Valid Loss:        1.8245
    Contrastive:     9.1235
    Recon (all):     0.5256
    Recon (log):     0.1051
  LR: 1.00e-04
Epoch: 190, Alpha: 0.15
  Train Loss:        1.4823
    Contrastive:     6.1661
    Recon (all):     0.6585
    Recon (log):     0.1317
  Valid Loss:        1.8091
    Contrastive:     9.1245
    Recon (all):     0.5226
    Recon (log):     0.1045
  LR: 1.00e-04
Epoch: 191, Alpha: 0.15
  Train Loss:        1.4732
    Contrastive:     6.1639
    Recon (all):     0.6579
    Recon (log):     0.1316
  Valid Loss:        1.7891
    Contrastive:     9.0882
    Recon (all):     0.5204
    Recon (log):     0.1041
  LR: 1.00e-04
Epoch: 192, Alpha: 0.15
  Train Loss:        1.4649
    Contrastive:     6.1626
    Recon (all):     0.6579
    Recon (log):     0.1316
  Valid Loss:        1.7909
    Contrastive:     9.1365
    Recon (all):     0.5289
    Recon (log):     0.1058
  LR: 1.00e-04
Epoch: 193, Alpha: 0.15
  Train Loss:        1.4560
    Contrastive:     6.1611
    Recon (all):     0.6571
    Recon (log):     0.1314
  Valid Loss:        1.7685
    Contrastive:     9.1000
    Recon (all):     0.5237
    Recon (log):     0.1047
  LR: 1.00e-04
Epoch: 194, Alpha: 0.14
  Train Loss:        1.4471
    Contrastive:     6.1591
    Recon (all):     0.6563
    Recon (log):     0.1313
  Valid Loss:        1.7592
    Contrastive:     9.1346
    Recon (all):     0.5214
    Recon (log):     0.1043
  LR: 1.00e-04
Epoch: 195, Alpha: 0.14
  Train Loss:        1.4392
    Contrastive:     6.1600
    Recon (all):     0.6561
    Recon (log):     0.1312
  Valid Loss:        1.7413
    Contrastive:     9.0961
    Recon (all):     0.5213
    Recon (log):     0.1043
  LR: 1.00e-04
Epoch: 196, Alpha: 0.14
  Train Loss:        1.4312
    Contrastive:     6.1602
    Recon (all):     0.6559
    Recon (log):     0.1312
  Valid Loss:        1.7387
    Contrastive:     9.1511
    Recon (all):     0.5234
    Recon (log):     0.1047
  LR: 1.00e-04
Epoch: 197, Alpha: 0.14
  Train Loss:        1.4229
    Contrastive:     6.1570
    Recon (all):     0.6557
    Recon (log):     0.1311
  Valid Loss:        1.7291
    Contrastive:     9.1682
    Recon (all):     0.5235
    Recon (log):     0.1047
  LR: 1.00e-04
Epoch: 198, Alpha: 0.14
  Train Loss:        1.4149
    Contrastive:     6.1581
    Recon (all):     0.6551
    Recon (log):     0.1310
  Valid Loss:        1.7115
    Contrastive:     9.1362
    Recon (all):     0.5222
    Recon (log):     0.1044
  LR: 1.00e-04
Epoch: 199, Alpha: 0.14
  Train Loss:        1.4069
    Contrastive:     6.1580
    Recon (all):     0.6546
    Recon (log):     0.1309
  Valid Loss:        1.6975
    Contrastive:     9.1368
    Recon (all):     0.5195
    Recon (log):     0.1039
  LR: 1.00e-04
Epoch: 200, Alpha: 0.14
  Train Loss:        1.3988
    Contrastive:     6.1562
    Recon (all):     0.6542
    Recon (log):     0.1308
  Valid Loss:        1.6848
    Contrastive:     9.1227
    Recon (all):     0.5206
    Recon (log):     0.1041
  LR: 1.00e-04
Epoch: 201, Alpha: 0.13
  Train Loss:        1.3905
    Contrastive:     6.1524
    Recon (all):     0.6537
    Recon (log):     0.1307
  Valid Loss:        1.6811
    Contrastive:     9.1635
    Recon (all):     0.5234
    Recon (log):     0.1047
  LR: 1.00e-04
Epoch: 202, Alpha: 0.13
  Train Loss:        1.3833
    Contrastive:     6.1548
    Recon (all):     0.6535
    Recon (log):     0.1307
  Valid Loss:        1.6600
    Contrastive:     9.1167
    Recon (all):     0.5195
    Recon (log):     0.1039
  LR: 1.00e-04
Epoch: 203, Alpha: 0.13
  Train Loss:        1.3752
    Contrastive:     6.1524
    Recon (all):     0.6529
    Recon (log):     0.1306
  Valid Loss:        1.6542
    Contrastive:     9.1430
    Recon (all):     0.5219
    Recon (log):     0.1044
  LR: 1.00e-04
Epoch: 204, Alpha: 0.13
  Train Loss:        1.3684
    Contrastive:     6.1548
    Recon (all):     0.6530
    Recon (log):     0.1306
  Valid Loss:        1.6401
    Contrastive:     9.1361
    Recon (all):     0.5197
    Recon (log):     0.1039
  LR: 1.00e-04
Epoch: 205, Alpha: 0.13
  Train Loss:        1.3602
    Contrastive:     6.1511
    Recon (all):     0.6523
    Recon (log):     0.1305
  Valid Loss:        1.6333
    Contrastive:     9.1383
    Recon (all):     0.5244
    Recon (log):     0.1049
  LR: 1.00e-04
Epoch: 206, Alpha: 0.13
  Train Loss:        1.3525
    Contrastive:     6.1515
    Recon (all):     0.6515
    Recon (log):     0.1303
  Valid Loss:        1.6211
    Contrastive:     9.1428
    Recon (all):     0.5224
    Recon (log):     0.1045
  LR: 1.00e-04
Epoch: 207, Alpha: 0.13
  Train Loss:        1.3459
    Contrastive:     6.1515
    Recon (all):     0.6520
    Recon (log):     0.1304
  Valid Loss:        1.6134
    Contrastive:     9.1778
    Recon (all):     0.5210
    Recon (log):     0.1042
  LR: 1.00e-04
Epoch: 208, Alpha: 0.12
  Train Loss:        1.3387
    Contrastive:     6.1501
    Recon (all):     0.6518
    Recon (log):     0.1304
  Valid Loss:        1.6041
    Contrastive:     9.1683
    Recon (all):     0.5242
    Recon (log):     0.1048
  LR: 1.00e-04
Epoch: 209, Alpha: 0.12
  Train Loss:        1.3306
    Contrastive:     6.1468
    Recon (all):     0.6508
    Recon (log):     0.1302
  Valid Loss:        1.5870
    Contrastive:     9.1493
    Recon (all):     0.5197
    Recon (log):     0.1039
  LR: 1.00e-04
Epoch: 210, Alpha: 0.12
  Train Loss:        1.3237
    Contrastive:     6.1483
    Recon (all):     0.6504
    Recon (log):     0.1301
  Valid Loss:        1.5773
    Contrastive:     9.1737
    Recon (all):     0.5172
    Recon (log):     0.1034
  LR: 1.00e-04
Epoch: 211, Alpha: 0.12
  Train Loss:        1.3161
    Contrastive:     6.1468
    Recon (all):     0.6496
    Recon (log):     0.1299
  Valid Loss:        1.5599
    Contrastive:     9.1147
    Recon (all):     0.5176
    Recon (log):     0.1035
  LR: 1.00e-04
Epoch: 212, Alpha: 0.12
  Train Loss:        1.3098
    Contrastive:     6.1464
    Recon (all):     0.6500
    Recon (log):     0.1300
  Valid Loss:        1.5533
    Contrastive:     9.1493
    Recon (all):     0.5172
    Recon (log):     0.1034
  LR: 1.00e-04
Epoch: 213, Alpha: 0.12
  Train Loss:        1.3028
    Contrastive:     6.1474
    Recon (all):     0.6495
    Recon (log):     0.1299
  Valid Loss:        1.5453
    Contrastive:     9.1485
    Recon (all):     0.5199
    Recon (log):     0.1040
  LR: 1.00e-04
Epoch: 214, Alpha: 0.12
  Train Loss:        1.2960
    Contrastive:     6.1452
    Recon (all):     0.6493
    Recon (log):     0.1299
  Valid Loss:        1.5300
    Contrastive:     9.1326
    Recon (all):     0.5162
    Recon (log):     0.1032
  LR: 1.00e-04
Epoch: 215, Alpha: 0.12
  Train Loss:        1.2886
    Contrastive:     6.1427
    Recon (all):     0.6486
    Recon (log):     0.1297
  Valid Loss:        1.5290
    Contrastive:     9.1640
    Recon (all):     0.5224
    Recon (log):     0.1045
  LR: 1.00e-04
Epoch: 216, Alpha: 0.12
  Train Loss:        1.2821
    Contrastive:     6.1421
    Recon (all):     0.6486
    Recon (log):     0.1297
  Valid Loss:        1.5210
    Contrastive:     9.2053
    Recon (all):     0.5193
    Recon (log):     0.1039
  LR: 1.00e-04
Epoch: 217, Alpha: 0.11
  Train Loss:        1.2751
    Contrastive:     6.1423
    Recon (all):     0.6478
    Recon (log):     0.1296
  Valid Loss:        1.5060
    Contrastive:     9.1704
    Recon (all):     0.5181
    Recon (log):     0.1036
  LR: 1.00e-04
Epoch: 218, Alpha: 0.11
  Train Loss:        1.2687
    Contrastive:     6.1409
    Recon (all):     0.6477
    Recon (log):     0.1295
  Valid Loss:        1.4950
    Contrastive:     9.1501
    Recon (all):     0.5194
    Recon (log):     0.1039
  LR: 1.00e-04
Epoch: 219, Alpha: 0.11
  Train Loss:        1.2624
    Contrastive:     6.1418
    Recon (all):     0.6475
    Recon (log):     0.1295
  Valid Loss:        1.4908
    Contrastive:     9.1834
    Recon (all):     0.5214
    Recon (log):     0.1043
  LR: 1.00e-04
Epoch: 220, Alpha: 0.11
  Train Loss:        1.2558
    Contrastive:     6.1415
    Recon (all):     0.6470
    Recon (log):     0.1294
  Valid Loss:        1.4729
    Contrastive:     9.1540
    Recon (all):     0.5158
    Recon (log):     0.1032
  LR: 1.00e-04
Epoch: 221, Alpha: 0.11
  Train Loss:        1.2495
    Contrastive:     6.1394
    Recon (all):     0.6470
    Recon (log):     0.1294
  Valid Loss:        1.4659
    Contrastive:     9.1673
    Recon (all):     0.5169
    Recon (log):     0.1034
  LR: 1.00e-04
Epoch: 222, Alpha: 0.11
  Train Loss:        1.2431
    Contrastive:     6.1401
    Recon (all):     0.6464
    Recon (log):     0.1293
  Valid Loss:        1.4575
    Contrastive:     9.1836
    Recon (all):     0.5162
    Recon (log):     0.1032
  LR: 1.00e-04
Epoch: 223, Alpha: 0.11
  Train Loss:        1.2366
    Contrastive:     6.1388
    Recon (all):     0.6460
    Recon (log):     0.1292
  Valid Loss:        1.4483
    Contrastive:     9.1586
    Recon (all):     0.5194
    Recon (log):     0.1039
  LR: 1.00e-04
Epoch: 224, Alpha: 0.11
  Train Loss:        1.2305
    Contrastive:     6.1382
    Recon (all):     0.6458
    Recon (log):     0.1292
  Valid Loss:        1.4425
    Contrastive:     9.2020
    Recon (all):     0.5181
    Recon (log):     0.1036
  LR: 1.00e-04
Epoch: 225, Alpha: 0.11
  Train Loss:        1.2243
    Contrastive:     6.1361
    Recon (all):     0.6456
    Recon (log):     0.1291
  Valid Loss:        1.4268
    Contrastive:     9.1510
    Recon (all):     0.5167
    Recon (log):     0.1033
  LR: 1.00e-04
Epoch: 226, Alpha: 0.10
  Train Loss:        1.2178
    Contrastive:     6.1346
    Recon (all):     0.6449
    Recon (log):     0.1290
  Valid Loss:        1.4229
    Contrastive:     9.1871
    Recon (all):     0.5183
    Recon (log):     0.1037
  LR: 1.00e-04
Epoch: 227, Alpha: 0.10
  Train Loss:        1.2119
    Contrastive:     6.1359
    Recon (all):     0.6446
    Recon (log):     0.1289
  Valid Loss:        1.4170
    Contrastive:     9.2012
    Recon (all):     0.5201
    Recon (log):     0.1040
  LR: 1.00e-04
Epoch: 228, Alpha: 0.10
  Train Loss:        1.2062
    Contrastive:     6.1355
    Recon (all):     0.6445
    Recon (log):     0.1289
  Valid Loss:        1.4068
    Contrastive:     9.1932
    Recon (all):     0.5196
    Recon (log):     0.1039
  LR: 1.00e-04
Epoch: 229, Alpha: 0.10
  Train Loss:        1.2002
    Contrastive:     6.1350
    Recon (all):     0.6441
    Recon (log):     0.1288
  Valid Loss:        1.4010
    Contrastive:     9.2314
    Recon (all):     0.5187
    Recon (log):     0.1037
  LR: 1.00e-04
Epoch: 230, Alpha: 0.10
  Train Loss:        1.1945
    Contrastive:     6.1340
    Recon (all):     0.6441
    Recon (log):     0.1288
  Valid Loss:        1.3923
    Contrastive:     9.2132
    Recon (all):     0.5208
    Recon (log):     0.1042
  LR: 1.00e-04
Epoch: 231, Alpha: 0.10
  Train Loss:        1.1885
    Contrastive:     6.1339
    Recon (all):     0.6435
    Recon (log):     0.1287
  Valid Loss:        1.3809
    Contrastive:     9.1957
    Recon (all):     0.5197
    Recon (log):     0.1039
  LR: 1.00e-04
Epoch: 232, Alpha: 0.10
  Train Loss:        1.1827
    Contrastive:     6.1340
    Recon (all):     0.6431
    Recon (log):     0.1286
  Valid Loss:        1.3723
    Contrastive:     9.2180
    Recon (all):     0.5173
    Recon (log):     0.1035
  LR: 1.00e-04
Epoch: 233, Alpha: 0.10
  Train Loss:        1.1771
    Contrastive:     6.1323
    Recon (all):     0.6430
    Recon (log):     0.1286
  Valid Loss:        1.3631
    Contrastive:     9.2063
    Recon (all):     0.5177
    Recon (log):     0.1035
  LR: 1.00e-04
Epoch: 234, Alpha: 0.10
  Train Loss:        1.1716
    Contrastive:     6.1325
    Recon (all):     0.6427
    Recon (log):     0.1285
  Valid Loss:        1.3504
    Contrastive:     9.1917
    Recon (all):     0.5146
    Recon (log):     0.1029
  LR: 1.00e-04
Epoch: 235, Alpha: 0.10
  Train Loss:        1.1661
    Contrastive:     6.1315
    Recon (all):     0.6426
    Recon (log):     0.1285
  Valid Loss:        1.3483
    Contrastive:     9.2181
    Recon (all):     0.5186
    Recon (log):     0.1037
  LR: 1.00e-04
Epoch: 236, Alpha: 0.09
  Train Loss:        1.1601
    Contrastive:     6.1302
    Recon (all):     0.6419
    Recon (log):     0.1284
  Valid Loss:        1.3397
    Contrastive:     9.2429
    Recon (all):     0.5156
    Recon (log):     0.1031
  LR: 1.00e-04
Epoch: 237, Alpha: 0.09
  Train Loss:        1.1551
    Contrastive:     6.1315
    Recon (all):     0.6419
    Recon (log):     0.1284
  Valid Loss:        1.3304
    Contrastive:     9.2455
    Recon (all):     0.5142
    Recon (log):     0.1028
  LR: 1.00e-04
Epoch: 238, Alpha: 0.09
  Train Loss:        1.1491
    Contrastive:     6.1301
    Recon (all):     0.6411
    Recon (log):     0.1282
  Valid Loss:        1.3243
    Contrastive:     9.2424
    Recon (all):     0.5168
    Recon (log):     0.1034
  LR: 1.00e-04
Epoch: 239, Alpha: 0.09
  Train Loss:        1.1440
    Contrastive:     6.1297
    Recon (all):     0.6411
    Recon (log):     0.1282
  Valid Loss:        1.3113
    Contrastive:     9.2206
    Recon (all):     0.5135
    Recon (log):     0.1027
  LR: 1.00e-04
Epoch: 240, Alpha: 0.09
  Train Loss:        1.1390
    Contrastive:     6.1288
    Recon (all):     0.6412
    Recon (log):     0.1282
  Valid Loss:        1.3034
    Contrastive:     9.2408
    Recon (all):     0.5115
    Recon (log):     0.1023
  LR: 1.00e-04
Epoch: 241, Alpha: 0.09
  Train Loss:        1.1336
    Contrastive:     6.1284
    Recon (all):     0.6407
    Recon (log):     0.1281
  Valid Loss:        1.3024
    Contrastive:     9.2417
    Recon (all):     0.5190
    Recon (log):     0.1038
  LR: 1.00e-04
Epoch: 242, Alpha: 0.09
  Train Loss:        1.1284
    Contrastive:     6.1278
    Recon (all):     0.6405
    Recon (log):     0.1281
  Valid Loss:        1.2911
    Contrastive:     9.2480
    Recon (all):     0.5145
    Recon (log):     0.1029
  LR: 1.00e-04
Epoch: 243, Alpha: 0.09
  Train Loss:        1.1235
    Contrastive:     6.1286
    Recon (all):     0.6404
    Recon (log):     0.1281
  Valid Loss:        1.2795
    Contrastive:     9.1983
    Recon (all):     0.5151
    Recon (log):     0.1030
  LR: 1.00e-04
Epoch: 244, Alpha: 0.09
  Train Loss:        1.1183
    Contrastive:     6.1280
    Recon (all):     0.6399
    Recon (log):     0.1280
  Valid Loss:        1.2731
    Contrastive:     9.2390
    Recon (all):     0.5125
    Recon (log):     0.1025
  LR: 1.00e-04
Epoch: 245, Alpha: 0.09
  Train Loss:        1.1127
    Contrastive:     6.1242
    Recon (all):     0.6394
    Recon (log):     0.1279
  Valid Loss:        1.2689
    Contrastive:     9.2483
    Recon (all):     0.5153
    Recon (log):     0.1031
  LR: 1.00e-04
Epoch: 246, Alpha: 0.09
  Train Loss:        1.1081
    Contrastive:     6.1267
    Recon (all):     0.6393
    Recon (log):     0.1279
  Valid Loss:        1.2591
    Contrastive:     9.2246
    Recon (all):     0.5150
    Recon (log):     0.1030
  LR: 1.00e-04
Epoch: 247, Alpha: 0.08
  Train Loss:        1.1030
    Contrastive:     6.1253
    Recon (all):     0.6390
    Recon (log):     0.1278
  Valid Loss:        1.2527
    Contrastive:     9.2310
    Recon (all):     0.5155
    Recon (log):     0.1031
  LR: 1.00e-04
Epoch: 248, Alpha: 0.08
  Train Loss:        1.0981
    Contrastive:     6.1242
    Recon (all):     0.6387
    Recon (log):     0.1277
  Valid Loss:        1.2519
    Contrastive:     9.2602
    Recon (all):     0.5199
    Recon (log):     0.1040
  LR: 1.00e-04
Epoch: 249, Alpha: 0.08
  Train Loss:        1.0934
    Contrastive:     6.1250
    Recon (all):     0.6385
    Recon (log):     0.1277
  Valid Loss:        1.2383
    Contrastive:     9.2267
    Recon (all):     0.5161
    Recon (log):     0.1032
  LR: 1.00e-04
Training Decoder
Epoch: 0, Train Loss: 0.1278, Valid Loss: 0.1025, LR: 1.00e-04
Epoch: 1, Train Loss: 0.1275, Valid Loss: 0.1025, LR: 1.00e-04
Epoch: 2, Train Loss: 0.1274, Valid Loss: 0.1023, LR: 1.00e-04
Epoch: 3, Train Loss: 0.1273, Valid Loss: 0.1026, LR: 1.00e-04
Epoch: 4, Train Loss: 0.1271, Valid Loss: 0.1022, LR: 1.00e-04
Epoch: 5, Train Loss: 0.1272, Valid Loss: 0.1025, LR: 1.00e-04
Epoch: 6, Train Loss: 0.1271, Valid Loss: 0.1027, LR: 1.00e-04
Epoch: 7, Train Loss: 0.1271, Valid Loss: 0.1029, LR: 1.00e-04
Epoch: 8, Train Loss: 0.1270, Valid Loss: 0.1022, LR: 1.00e-04
Epoch: 9, Train Loss: 0.1270, Valid Loss: 0.1033, LR: 1.00e-04
Epoch: 10, Train Loss: 0.1269, Valid Loss: 0.1026, LR: 1.00e-04
Epoch: 11, Train Loss: 0.1269, Valid Loss: 0.1027, LR: 1.00e-04
Epoch: 12, Train Loss: 0.1268, Valid Loss: 0.1024, LR: 1.00e-04
Epoch: 13, Train Loss: 0.1268, Valid Loss: 0.1025, LR: 1.00e-04
Epoch: 14, Train Loss: 0.1267, Valid Loss: 0.1023, LR: 1.00e-04
Epoch: 15, Train Loss: 0.1267, Valid Loss: 0.1025, LR: 1.00e-04
Epoch: 16, Train Loss: 0.1267, Valid Loss: 0.1024, LR: 1.00e-04
Epoch: 17, Train Loss: 0.1267, Valid Loss: 0.1026, LR: 1.00e-04
Epoch: 18, Train Loss: 0.1266, Valid Loss: 0.1028, LR: 1.00e-04
Epoch: 19, Train Loss: 0.1266, Valid Loss: 0.1029, LR: 1.00e-04
Epoch: 20, Train Loss: 0.1264, Valid Loss: 0.1026, LR: 1.00e-05
Epoch: 21, Train Loss: 0.1264, Valid Loss: 0.1024, LR: 1.00e-05
Epoch: 22, Train Loss: 0.1262, Valid Loss: 0.1025, LR: 1.00e-05
Epoch: 23, Train Loss: 0.1261, Valid Loss: 0.1026, LR: 1.00e-05
Epoch: 24, Train Loss: 0.1262, Valid Loss: 0.1026, LR: 1.00e-05
Epoch: 25, Train Loss: 0.1261, Valid Loss: 0.1026, LR: 1.00e-05
Epoch: 26, Train Loss: 0.1261, Valid Loss: 0.1023, LR: 1.00e-05
Epoch: 27, Train Loss: 0.1261, Valid Loss: 0.1024, LR: 1.00e-05
Epoch: 28, Train Loss: 0.1261, Valid Loss: 0.1025, LR: 1.00e-05
Epoch: 29, Train Loss: 0.1261, Valid Loss: 0.1026, LR: 1.00e-05
Epoch: 30, Train Loss: 0.1260, Valid Loss: 0.1025, LR: 1.00e-05
Epoch: 31, Train Loss: 0.1260, Valid Loss: 0.1024, LR: 1.00e-06
Epoch: 32, Train Loss: 0.1260, Valid Loss: 0.1025, LR: 1.00e-06
Epoch: 33, Train Loss: 0.1260, Valid Loss: 0.1025, LR: 1.00e-06
Epoch: 34, Train Loss: 0.1260, Valid Loss: 0.1026, LR: 1.00e-06
Epoch: 35, Train Loss: 0.1260, Valid Loss: 0.1026, LR: 1.00e-06
Epoch: 36, Train Loss: 0.1260, Valid Loss: 0.1025, LR: 1.00e-06
Epoch: 37, Train Loss: 0.1260, Valid Loss: 0.1025, LR: 1.00e-06
Epoch: 38, Train Loss: 0.1260, Valid Loss: 0.1025, LR: 1.00e-06
Epoch: 39, Train Loss: 0.1260, Valid Loss: 0.1024, LR: 1.00e-06
Epoch: 40, Train Loss: 0.1260, Valid Loss: 0.1025, LR: 1.00e-06
Epoch: 41, Train Loss: 0.1260, Valid Loss: 0.1026, LR: 1.00e-06
Epoch: 42, Train Loss: 0.1260, Valid Loss: 0.1026, LR: 1.00e-07
Epoch: 43, Train Loss: 0.1260, Valid Loss: 0.1025, LR: 1.00e-07
Epoch: 44, Train Loss: 0.1259, Valid Loss: 0.1026, LR: 1.00e-07
Epoch: 45, Train Loss: 0.1259, Valid Loss: 0.1025, LR: 1.00e-07
Epoch: 46, Train Loss: 0.1260, Valid Loss: 0.1025, LR: 1.00e-07
Epoch: 47, Train Loss: 0.1260, Valid Loss: 0.1024, LR: 1.00e-07
Epoch: 48, Train Loss: 0.1260, Valid Loss: 0.1025, LR: 1.00e-07
Epoch: 49, Train Loss: 0.1260, Valid Loss: 0.1024, LR: 1.00e-07
Epoch: 50, Train Loss: 0.1260, Valid Loss: 0.1024, LR: 1.00e-07
Epoch: 51, Train Loss: 0.1260, Valid Loss: 0.1025, LR: 1.00e-07
Epoch: 52, Train Loss: 0.1260, Valid Loss: 0.1025, LR: 1.00e-07
Epoch: 53, Train Loss: 0.1260, Valid Loss: 0.1025, LR: 1.00e-08
Epoch: 54, Train Loss: 0.1260, Valid Loss: 0.1024, LR: 1.00e-08
Epoch: 55, Train Loss: 0.1260, Valid Loss: 0.1024, LR: 1.00e-08
Epoch: 56, Train Loss: 0.1259, Valid Loss: 0.1025, LR: 1.00e-08
Epoch: 57, Train Loss: 0.1260, Valid Loss: 0.1024, LR: 1.00e-08
Epoch: 58, Train Loss: 0.1260, Valid Loss: 0.1025, LR: 1.00e-08
Epoch: 59, Train Loss: 0.1260, Valid Loss: 0.1024, LR: 1.00e-08
Epoch: 60, Train Loss: 0.1259, Valid Loss: 0.1025, LR: 1.00e-08
Epoch: 61, Train Loss: 0.1260, Valid Loss: 0.1025, LR: 1.00e-08
Epoch: 62, Train Loss: 0.1260, Valid Loss: 0.1026, LR: 1.00e-08
Epoch: 63, Train Loss: 0.1259, Valid Loss: 0.1026, LR: 1.00e-08
Epoch: 64, Train Loss: 0.1260, Valid Loss: 0.1025, LR: 1.00e-08
Epoch: 65, Train Loss: 0.1260, Valid Loss: 0.1026, LR: 1.00e-08
Epoch: 66, Train Loss: 0.1260, Valid Loss: 0.1025, LR: 1.00e-08
Epoch: 67, Train Loss: 0.1260, Valid Loss: 0.1024, LR: 1.00e-08
Epoch: 68, Train Loss: 0.1259, Valid Loss: 0.1026, LR: 1.00e-08
Epoch: 69, Train Loss: 0.1260, Valid Loss: 0.1026, LR: 1.00e-08
Epoch: 70, Train Loss: 0.1260, Valid Loss: 0.1025, LR: 1.00e-08
Epoch: 71, Train Loss: 0.1259, Valid Loss: 0.1026, LR: 1.00e-08
Epoch: 72, Train Loss: 0.1260, Valid Loss: 0.1025, LR: 1.00e-08
Epoch: 73, Train Loss: 0.1259, Valid Loss: 0.1025, LR: 1.00e-08
Epoch: 74, Train Loss: 0.1260, Valid Loss: 0.1025, LR: 1.00e-08
Epoch: 75, Train Loss: 0.1260, Valid Loss: 0.1025, LR: 1.00e-08
Epoch: 76, Train Loss: 0.1260, Valid Loss: 0.1025, LR: 1.00e-08
Epoch: 77, Train Loss: 0.1259, Valid Loss: 0.1024, LR: 1.00e-08
Epoch: 78, Train Loss: 0.1260, Valid Loss: 0.1025, LR: 1.00e-08
Epoch: 79, Train Loss: 0.1260, Valid Loss: 0.1025, LR: 1.00e-08
Epoch: 80, Train Loss: 0.1260, Valid Loss: 0.1025, LR: 1.00e-08
Epoch: 81, Train Loss: 0.1260, Valid Loss: 0.1025, LR: 1.00e-08
Epoch: 82, Train Loss: 0.1260, Valid Loss: 0.1025, LR: 1.00e-08
Epoch: 83, Train Loss: 0.1260, Valid Loss: 0.1024, LR: 1.00e-08
Epoch: 84, Train Loss: 0.1260, Valid Loss: 0.1025, LR: 1.00e-08
Epoch: 85, Train Loss: 0.1260, Valid Loss: 0.1025, LR: 1.00e-08
Epoch: 86, Train Loss: 0.1260, Valid Loss: 0.1024, LR: 1.00e-08
Epoch: 87, Train Loss: 0.1260, Valid Loss: 0.1025, LR: 1.00e-08
Epoch: 88, Train Loss: 0.1260, Valid Loss: 0.1025, LR: 1.00e-08
Epoch: 89, Train Loss: 0.1260, Valid Loss: 0.1025, LR: 1.00e-08
Epoch: 90, Train Loss: 0.1260, Valid Loss: 0.1024, LR: 1.00e-08
Epoch: 91, Train Loss: 0.1260, Valid Loss: 0.1025, LR: 1.00e-08
Epoch: 92, Train Loss: 0.1260, Valid Loss: 0.1025, LR: 1.00e-08
Epoch: 93, Train Loss: 0.1260, Valid Loss: 0.1025, LR: 1.00e-08
Epoch: 94, Train Loss: 0.1260, Valid Loss: 0.1024, LR: 1.00e-08
Epoch: 95, Train Loss: 0.1260, Valid Loss: 0.1025, LR: 1.00e-08
Epoch: 96, Train Loss: 0.1260, Valid Loss: 0.1025, LR: 1.00e-08
Epoch: 97, Train Loss: 0.1260, Valid Loss: 0.1024, LR: 1.00e-08
Epoch: 98, Train Loss: 0.1260, Valid Loss: 0.1025, LR: 1.00e-08
Epoch: 99, Train Loss: 0.1260, Valid Loss: 0.1025, LR: 1.00e-08
Epoch: 100, Train Loss: 0.1260, Valid Loss: 0.1025, LR: 1.00e-08
Epoch: 101, Train Loss: 0.1260, Valid Loss: 0.1025, LR: 1.00e-08
Epoch: 102, Train Loss: 0.1260, Valid Loss: 0.1024, LR: 1.00e-08
Epoch: 103, Train Loss: 0.1260, Valid Loss: 0.1025, LR: 1.00e-08
Epoch: 104, Train Loss: 0.1260, Valid Loss: 0.1026, LR: 1.00e-08
Epoch: 105, Train Loss: 0.1260, Valid Loss: 0.1025, LR: 1.00e-08
Epoch: 106, Train Loss: 0.1260, Valid Loss: 0.1025, LR: 1.00e-08
Epoch: 107, Train Loss: 0.1259, Valid Loss: 0.1025, LR: 1.00e-08
Epoch: 108, Train Loss: 0.1260, Valid Loss: 0.1026, LR: 1.00e-08
Epoch: 109, Train Loss: 0.1260, Valid Loss: 0.1024, LR: 1.00e-08
Epoch: 110, Train Loss: 0.1260, Valid Loss: 0.1025, LR: 1.00e-08
Epoch: 111, Train Loss: 0.1260, Valid Loss: 0.1025, LR: 1.00e-08
Epoch: 112, Train Loss: 0.1260, Valid Loss: 0.1024, LR: 1.00e-08
Epoch: 113, Train Loss: 0.1260, Valid Loss: 0.1025, LR: 1.00e-08
Epoch: 114, Train Loss: 0.1260, Valid Loss: 0.1025, LR: 1.00e-08
Epoch: 115, Train Loss: 0.1260, Valid Loss: 0.1026, LR: 1.00e-08
Epoch: 116, Train Loss: 0.1260, Valid Loss: 0.1024, LR: 1.00e-08
Epoch: 117, Train Loss: 0.1260, Valid Loss: 0.1025, LR: 1.00e-08
Epoch: 118, Train Loss: 0.1260, Valid Loss: 0.1025, LR: 1.00e-08
Epoch: 119, Train Loss: 0.1260, Valid Loss: 0.1025, LR: 1.00e-08
Epoch: 120, Train Loss: 0.1260, Valid Loss: 0.1026, LR: 1.00e-08
Epoch: 121, Train Loss: 0.1260, Valid Loss: 0.1025, LR: 1.00e-08
Epoch: 122, Train Loss: 0.1261, Valid Loss: 0.1025, LR: 1.00e-08
Epoch: 123, Train Loss: 0.1260, Valid Loss: 0.1025, LR: 1.00e-08
Epoch: 124, Train Loss: 0.1260, Valid Loss: 0.1026, LR: 1.00e-08
Epoch: 125, Train Loss: 0.1260, Valid Loss: 0.1026, LR: 1.00e-08
Epoch: 126, Train Loss: 0.1260, Valid Loss: 0.1025, LR: 1.00e-08
Epoch: 127, Train Loss: 0.1260, Valid Loss: 0.1025, LR: 1.00e-08
Epoch: 128, Train Loss: 0.1260, Valid Loss: 0.1025, LR: 1.00e-08
Epoch: 129, Train Loss: 0.1260, Valid Loss: 0.1025, LR: 1.00e-08
Epoch: 130, Train Loss: 0.1260, Valid Loss: 0.1024, LR: 1.00e-08
Epoch: 131, Train Loss: 0.1260, Valid Loss: 0.1026, LR: 1.00e-08
Epoch: 132, Train Loss: 0.1260, Valid Loss: 0.1025, LR: 1.00e-08
Epoch: 133, Train Loss: 0.1260, Valid Loss: 0.1025, LR: 1.00e-08
Epoch: 134, Train Loss: 0.1260, Valid Loss: 0.1024, LR: 1.00e-08
Epoch: 135, Train Loss: 0.1260, Valid Loss: 0.1025, LR: 1.00e-08
Epoch: 136, Train Loss: 0.1260, Valid Loss: 0.1024, LR: 1.00e-08
Epoch: 137, Train Loss: 0.1260, Valid Loss: 0.1026, LR: 1.00e-08
Epoch: 138, Train Loss: 0.1260, Valid Loss: 0.1024, LR: 1.00e-08
Epoch: 139, Train Loss: 0.1261, Valid Loss: 0.1024, LR: 1.00e-08
Epoch: 140, Train Loss: 0.1260, Valid Loss: 0.1026, LR: 1.00e-08
Epoch: 141, Train Loss: 0.1260, Valid Loss: 0.1025, LR: 1.00e-08
Epoch: 142, Train Loss: 0.1260, Valid Loss: 0.1024, LR: 1.00e-08
Epoch: 143, Train Loss: 0.1260, Valid Loss: 0.1025, LR: 1.00e-08
Epoch: 144, Train Loss: 0.1259, Valid Loss: 0.1024, LR: 1.00e-08
Epoch: 145, Train Loss: 0.1260, Valid Loss: 0.1024, LR: 1.00e-08
Epoch: 146, Train Loss: 0.1260, Valid Loss: 0.1026, LR: 1.00e-08
Epoch: 147, Train Loss: 0.1260, Valid Loss: 0.1025, LR: 1.00e-08
Epoch: 148, Train Loss: 0.1260, Valid Loss: 0.1024, LR: 1.00e-08
Epoch: 149, Train Loss: 0.1260, Valid Loss: 0.1024, LR: 1.00e-08
Epoch: 150, Train Loss: 0.1260, Valid Loss: 0.1025, LR: 1.00e-08
Epoch: 151, Train Loss: 0.1260, Valid Loss: 0.1024, LR: 1.00e-08
Epoch: 152, Train Loss: 0.1260, Valid Loss: 0.1024, LR: 1.00e-08
Epoch: 153, Train Loss: 0.1260, Valid Loss: 0.1024, LR: 1.00e-08
Epoch: 154, Train Loss: 0.1260, Valid Loss: 0.1026, LR: 1.00e-08
Epoch: 155, Train Loss: 0.1260, Valid Loss: 0.1026, LR: 1.00e-08
Epoch: 156, Train Loss: 0.1260, Valid Loss: 0.1026, LR: 1.00e-08
Epoch: 157, Train Loss: 0.1260, Valid Loss: 0.1025, LR: 1.00e-08
Epoch: 158, Train Loss: 0.1260, Valid Loss: 0.1026, LR: 1.00e-08
Epoch: 159, Train Loss: 0.1260, Valid Loss: 0.1025, LR: 1.00e-08
Epoch: 160, Train Loss: 0.1261, Valid Loss: 0.1023, LR: 1.00e-08
Epoch: 161, Train Loss: 0.1260, Valid Loss: 0.1024, LR: 1.00e-08
Epoch: 162, Train Loss: 0.1259, Valid Loss: 0.1025, LR: 1.00e-08
Epoch: 163, Train Loss: 0.1260, Valid Loss: 0.1025, LR: 1.00e-08
Epoch: 164, Train Loss: 0.1259, Valid Loss: 0.1024, LR: 1.00e-08
Epoch: 165, Train Loss: 0.1260, Valid Loss: 0.1025, LR: 1.00e-08
Epoch: 166, Train Loss: 0.1260, Valid Loss: 0.1024, LR: 1.00e-08
Epoch: 167, Train Loss: 0.1260, Valid Loss: 0.1025, LR: 1.00e-08
Epoch: 168, Train Loss: 0.1260, Valid Loss: 0.1024, LR: 1.00e-08
Epoch: 169, Train Loss: 0.1260, Valid Loss: 0.1026, LR: 1.00e-08
Epoch: 170, Train Loss: 0.1260, Valid Loss: 0.1025, LR: 1.00e-08
Epoch: 171, Train Loss: 0.1260, Valid Loss: 0.1025, LR: 1.00e-08
Epoch: 172, Train Loss: 0.1260, Valid Loss: 0.1025, LR: 1.00e-08
Epoch: 173, Train Loss: 0.1260, Valid Loss: 0.1024, LR: 1.00e-08
Epoch: 174, Train Loss: 0.1260, Valid Loss: 0.1025, LR: 1.00e-08
Epoch: 175, Train Loss: 0.1260, Valid Loss: 0.1024, LR: 1.00e-08
Epoch: 176, Train Loss: 0.1260, Valid Loss: 0.1025, LR: 1.00e-08
Epoch: 177, Train Loss: 0.1260, Valid Loss: 0.1025, LR: 1.00e-08
Epoch: 178, Train Loss: 0.1260, Valid Loss: 0.1025, LR: 1.00e-08
Epoch: 179, Train Loss: 0.1260, Valid Loss: 0.1025, LR: 1.00e-08
Epoch: 180, Train Loss: 0.1260, Valid Loss: 0.1025, LR: 1.00e-08
Epoch: 181, Train Loss: 0.1260, Valid Loss: 0.1024, LR: 1.00e-08
Epoch: 182, Train Loss: 0.1260, Valid Loss: 0.1025, LR: 1.00e-08
Epoch: 183, Train Loss: 0.1260, Valid Loss: 0.1026, LR: 1.00e-08
Epoch: 184, Train Loss: 0.1260, Valid Loss: 0.1026, LR: 1.00e-08
Epoch: 185, Train Loss: 0.1260, Valid Loss: 0.1023, LR: 1.00e-08
Epoch: 186, Train Loss: 0.1260, Valid Loss: 0.1025, LR: 1.00e-08
Epoch: 187, Train Loss: 0.1260, Valid Loss: 0.1024, LR: 1.00e-08
Epoch: 188, Train Loss: 0.1260, Valid Loss: 0.1024, LR: 1.00e-08
Epoch: 189, Train Loss: 0.1259, Valid Loss: 0.1024, LR: 1.00e-08
Epoch: 190, Train Loss: 0.1260, Valid Loss: 0.1026, LR: 1.00e-08
Epoch: 191, Train Loss: 0.1260, Valid Loss: 0.1025, LR: 1.00e-08
Epoch: 192, Train Loss: 0.1260, Valid Loss: 0.1025, LR: 1.00e-08
Epoch: 193, Train Loss: 0.1260, Valid Loss: 0.1025, LR: 1.00e-08
Epoch: 194, Train Loss: 0.1259, Valid Loss: 0.1026, LR: 1.00e-08
Epoch: 195, Train Loss: 0.1260, Valid Loss: 0.1024, LR: 1.00e-08
Epoch: 196, Train Loss: 0.1260, Valid Loss: 0.1024, LR: 1.00e-08
Epoch: 197, Train Loss: 0.1260, Valid Loss: 0.1025, LR: 1.00e-08
Epoch: 198, Train Loss: 0.1260, Valid Loss: 0.1026, LR: 1.00e-08
Epoch: 199, Train Loss: 0.1260, Valid Loss: 0.1025, LR: 1.00e-08