Train: torch.Size([14031, 5, 64, 32]), Valid: torch.Size([4677, 5, 64, 32]), Test: torch.Size([4678, 5, 64, 32])
Input shape: (C=5, H=144, W=72)
Fine Tuning Both
Starting Downstream Task
Shape: (5, 144, 72)
Epoch: 0, Train Loss: 0.00396, Valid Loss: 0.00337, EPS: 0.991
Epoch: 1, Train Loss: 0.00317, Valid Loss: 0.00332, EPS: 0.982
Epoch: 2, Train Loss: 0.00315, Valid Loss: 0.00332, EPS: 0.973
Epoch: 3, Train Loss: 0.00313, Valid Loss: 0.00329, EPS: 0.964
Epoch: 4, Train Loss: 0.00311, Valid Loss: 0.00326, EPS: 0.955
Epoch: 5, Train Loss: 0.00309, Valid Loss: 0.00327, EPS: 0.946
Epoch: 6, Train Loss: 0.00308, Valid Loss: 0.00325, EPS: 0.9369999999999999
Epoch: 7, Train Loss: 0.00307, Valid Loss: 0.00326, EPS: 0.928
Epoch: 8, Train Loss: 0.00307, Valid Loss: 0.00324, EPS: 0.919
Epoch: 9, Train Loss: 0.00305, Valid Loss: 0.00324, EPS: 0.91
Epoch: 10, Train Loss: 0.00305, Valid Loss: 0.00324, EPS: 0.901
Epoch: 11, Train Loss: 0.00304, Valid Loss: 0.00323, EPS: 0.892
Epoch: 12, Train Loss: 0.00305, Valid Loss: 0.00325, EPS: 0.883
Epoch: 13, Train Loss: 0.00305, Valid Loss: 0.00322, EPS: 0.874
Epoch: 14, Train Loss: 0.00305, Valid Loss: 0.00325, EPS: 0.865
Epoch: 15, Train Loss: 0.00305, Valid Loss: 0.00322, EPS: 0.856
Epoch: 16, Train Loss: 0.00304, Valid Loss: 0.00323, EPS: 0.847
Epoch: 17, Train Loss: 0.00304, Valid Loss: 0.00322, EPS: 0.8380000000000001
Epoch: 18, Train Loss: 0.00304, Valid Loss: 0.00321, EPS: 0.8290000000000001
Epoch: 19, Train Loss: 0.00304, Valid Loss: 0.00322, EPS: 0.8200000000000001
Epoch: 20, Train Loss: 0.00304, Valid Loss: 0.00326, EPS: 0.811
Epoch: 21, Train Loss: 0.00305, Valid Loss: 0.00322, EPS: 0.802
Epoch: 22, Train Loss: 0.00304, Valid Loss: 0.00321, EPS: 0.793
Epoch: 23, Train Loss: 0.00304, Valid Loss: 0.00324, EPS: 0.784
Epoch: 24, Train Loss: 0.00305, Valid Loss: 0.00322, EPS: 0.775
Epoch: 25, Train Loss: 0.00304, Valid Loss: 0.00323, EPS: 0.766
Epoch: 26, Train Loss: 0.00305, Valid Loss: 0.00324, EPS: 0.757
Epoch: 27, Train Loss: 0.00304, Valid Loss: 0.00324, EPS: 0.748
Epoch: 28, Train Loss: 0.00304, Valid Loss: 0.00323, EPS: 0.739
Epoch: 29, Train Loss: 0.00304, Valid Loss: 0.00324, EPS: 0.73
Epoch: 30, Train Loss: 0.00280, Valid Loss: 0.00295, EPS: 0.721
Epoch: 31, Train Loss: 0.00266, Valid Loss: 0.00291, EPS: 0.712
Epoch: 32, Train Loss: 0.00262, Valid Loss: 0.00289, EPS: 0.703
Epoch: 33, Train Loss: 0.00260, Valid Loss: 0.00288, EPS: 0.694
Epoch: 34, Train Loss: 0.00258, Valid Loss: 0.00286, EPS: 0.685
Epoch: 35, Train Loss: 0.00255, Valid Loss: 0.00283, EPS: 0.676
Epoch: 36, Train Loss: 0.00252, Valid Loss: 0.00281, EPS: 0.667
Epoch: 37, Train Loss: 0.00250, Valid Loss: 0.00277, EPS: 0.658
Epoch: 38, Train Loss: 0.00247, Valid Loss: 0.00274, EPS: 0.649
Epoch: 39, Train Loss: 0.00244, Valid Loss: 0.00273, EPS: 0.64
Epoch: 40, Train Loss: 0.00241, Valid Loss: 0.00270, EPS: 0.6310000000000001
Epoch: 41, Train Loss: 0.00239, Valid Loss: 0.00270, EPS: 0.6220000000000001
Epoch: 42, Train Loss: 0.00237, Valid Loss: 0.00267, EPS: 0.6130000000000001
Epoch: 43, Train Loss: 0.00235, Valid Loss: 0.00266, EPS: 0.6040000000000001
Epoch: 44, Train Loss: 0.00235, Valid Loss: 0.00266, EPS: 0.5950000000000001
Epoch: 45, Train Loss: 0.00234, Valid Loss: 0.00265, EPS: 0.5860000000000001
Epoch: 46, Train Loss: 0.00233, Valid Loss: 0.00266, EPS: 0.5770000000000001
Epoch: 47, Train Loss: 0.00233, Valid Loss: 0.00265, EPS: 0.5680000000000001
Epoch: 48, Train Loss: 0.00232, Valid Loss: 0.00265, EPS: 0.559
Epoch: 49, Train Loss: 0.00232, Valid Loss: 0.00265, EPS: 0.55
Epoch: 50, Train Loss: 0.00232, Valid Loss: 0.00264, EPS: 0.541
Epoch: 51, Train Loss: 0.00232, Valid Loss: 0.00265, EPS: 0.532
Epoch: 52, Train Loss: 0.00231, Valid Loss: 0.00264, EPS: 0.523
Epoch: 53, Train Loss: 0.00231, Valid Loss: 0.00264, EPS: 0.514
Epoch: 54, Train Loss: 0.00231, Valid Loss: 0.00264, EPS: 0.505
Epoch: 55, Train Loss: 0.00231, Valid Loss: 0.00264, EPS: 0.496
Epoch: 56, Train Loss: 0.00231, Valid Loss: 0.00264, EPS: 0.4870000000000001
Epoch: 57, Train Loss: 0.00231, Valid Loss: 0.00264, EPS: 0.4780000000000001
Epoch: 58, Train Loss: 0.00230, Valid Loss: 0.00265, EPS: 0.4690000000000001
Epoch: 59, Train Loss: 0.00230, Valid Loss: 0.00265, EPS: 0.4600000000000001
Epoch: 60, Train Loss: 0.00230, Valid Loss: 0.00265, EPS: 0.45100000000000007
Epoch: 61, Train Loss: 0.00230, Valid Loss: 0.00264, EPS: 0.44200000000000006
Epoch: 62, Train Loss: 0.00230, Valid Loss: 0.00265, EPS: 0.43300000000000005
Epoch: 63, Train Loss: 0.00230, Valid Loss: 0.00263, EPS: 0.42400000000000004
Epoch: 64, Train Loss: 0.00229, Valid Loss: 0.00265, EPS: 0.41500000000000004
Epoch: 65, Train Loss: 0.00230, Valid Loss: 0.00264, EPS: 0.406
Epoch: 66, Train Loss: 0.00230, Valid Loss: 0.00264, EPS: 0.397
Epoch: 67, Train Loss: 0.00230, Valid Loss: 0.00264, EPS: 0.388
Epoch: 68, Train Loss: 0.00229, Valid Loss: 0.00265, EPS: 0.3790000000000001
Epoch: 69, Train Loss: 0.00229, Valid Loss: 0.00265, EPS: 0.3700000000000001
Epoch: 70, Train Loss: 0.00230, Valid Loss: 0.00263, EPS: 0.3610000000000001
Epoch: 71, Train Loss: 0.00229, Valid Loss: 0.00264, EPS: 0.3520000000000001
Epoch: 72, Train Loss: 0.00229, Valid Loss: 0.00264, EPS: 0.343
Epoch: 73, Train Loss: 0.00229, Valid Loss: 0.00263, EPS: 0.334
Epoch: 74, Train Loss: 0.00229, Valid Loss: 0.00264, EPS: 0.325
Epoch: 75, Train Loss: 0.00229, Valid Loss: 0.00264, EPS: 0.316
Epoch: 76, Train Loss: 0.00229, Valid Loss: 0.00265, EPS: 0.307
Epoch: 77, Train Loss: 0.00229, Valid Loss: 0.00264, EPS: 0.298
Epoch: 78, Train Loss: 0.00229, Valid Loss: 0.00265, EPS: 0.289
Epoch: 79, Train Loss: 0.00229, Valid Loss: 0.00265, EPS: 0.27999999999999997
Epoch: 80, Train Loss: 0.00229, Valid Loss: 0.00264, EPS: 0.27099999999999996
Epoch: 81, Train Loss: 0.00229, Valid Loss: 0.00264, EPS: 0.26200000000000007
Epoch: 82, Train Loss: 0.00220, Valid Loss: 0.00260, EPS: 0.25300000000000006
Epoch: 83, Train Loss: 0.00218, Valid Loss: 0.00259, EPS: 0.24400000000000005
Epoch: 84, Train Loss: 0.00217, Valid Loss: 0.00259, EPS: 0.23500000000000004
Epoch: 85, Train Loss: 0.00217, Valid Loss: 0.00260, EPS: 0.22600000000000003
Epoch: 86, Train Loss: 0.00217, Valid Loss: 0.00260, EPS: 0.21700000000000003
Epoch: 87, Train Loss: 0.00217, Valid Loss: 0.00260, EPS: 0.20800000000000002
Epoch: 88, Train Loss: 0.00217, Valid Loss: 0.00260, EPS: 0.199
Epoch: 89, Train Loss: 0.00216, Valid Loss: 0.00260, EPS: 0.19
Epoch: 90, Train Loss: 0.00216, Valid Loss: 0.00260, EPS: 0.181
Epoch: 91, Train Loss: 0.00216, Valid Loss: 0.00260, EPS: 0.172
Epoch: 92, Train Loss: 0.00216, Valid Loss: 0.00260, EPS: 0.16299999999999998
Epoch: 93, Train Loss: 0.00216, Valid Loss: 0.00260, EPS: 0.15400000000000005
Epoch: 94, Train Loss: 0.00216, Valid Loss: 0.00260, EPS: 0.14500000000000005
Epoch: 95, Train Loss: 0.00214, Valid Loss: 0.00260, EPS: 0.13600000000000004
Epoch: 96, Train Loss: 0.00214, Valid Loss: 0.00260, EPS: 0.12700000000000003
Epoch: 97, Train Loss: 0.00214, Valid Loss: 0.00260, EPS: 0.11800000000000002
Epoch: 98, Train Loss: 0.00214, Valid Loss: 0.00259, EPS: 0.10900000000000001
Epoch: 99, Train Loss: 0.00214, Valid Loss: 0.00260, EPS: 0.1
Test Loss: 0.00260
Test Loss: 0.00258
Training Decoder
Starting Latent Downstream Task
MSE Loss Between Generated and Conditioned: 325113.0625
Epoch: 1, Loss: 1.0122
MSE Loss Between Generated and Conditioned: 81637.3047
Epoch: 2, Loss: 0.9183
MSE Loss Between Generated and Conditioned: 54686.5117
Epoch: 3, Loss: 0.8542
MSE Loss Between Generated and Conditioned: 37346.4453
Epoch: 4, Loss: 0.8004
MSE Loss Between Generated and Conditioned: 34018.1133
Epoch: 5, Loss: 0.7545
MSE Loss Between Generated and Conditioned: 28450.3008
Epoch: 6, Loss: 0.7146
MSE Loss Between Generated and Conditioned: 22220.6504
Epoch: 7, Loss: 0.6801
MSE Loss Between Generated and Conditioned: 21562.0059
Epoch: 8, Loss: 0.6492
MSE Loss Between Generated and Conditioned: 18961.9180
Epoch: 9, Loss: 0.6216
MSE Loss Between Generated and Conditioned: 17139.6191
Epoch: 10, Loss: 0.5971
MSE Loss Between Generated and Conditioned: 14474.7920
Epoch: 11, Loss: 0.5750
MSE Loss Between Generated and Conditioned: 13306.6611
Epoch: 12, Loss: 0.5542
MSE Loss Between Generated and Conditioned: 12148.4971
Epoch: 13, Loss: 0.5350
MSE Loss Between Generated and Conditioned: 9405.1943
Epoch: 14, Loss: 0.5177
MSE Loss Between Generated and Conditioned: 8397.0928
Epoch: 15, Loss: 0.5021
MSE Loss Between Generated and Conditioned: 7133.4985
Epoch: 16, Loss: 0.4873
MSE Loss Between Generated and Conditioned: 6706.7280
Epoch: 17, Loss: 0.4736
MSE Loss Between Generated and Conditioned: 4708.1631
Epoch: 18, Loss: 0.4610
MSE Loss Between Generated and Conditioned: 4476.2661
Epoch: 19, Loss: 0.4491
MSE Loss Between Generated and Conditioned: 3620.9336
Epoch: 20, Loss: 0.4386
MSE Loss Between Generated and Conditioned: 2694.1882
Epoch: 21, Loss: 0.4285
MSE Loss Between Generated and Conditioned: 3216.0876
Epoch: 22, Loss: 0.4190
MSE Loss Between Generated and Conditioned: 3486.8398
Epoch: 23, Loss: 0.4104
MSE Loss Between Generated and Conditioned: 2652.9539
Epoch: 24, Loss: 0.4020
MSE Loss Between Generated and Conditioned: 2504.2439
Epoch: 25, Loss: 0.3944
MSE Loss Between Generated and Conditioned: 2047.7001
Epoch: 26, Loss: 0.3877
MSE Loss Between Generated and Conditioned: 2255.4377
Epoch: 27, Loss: 0.3810
MSE Loss Between Generated and Conditioned: 3466.7205
Epoch: 28, Loss: 0.3747
MSE Loss Between Generated and Conditioned: 2133.7009
Epoch: 29, Loss: 0.3688
MSE Loss Between Generated and Conditioned: 2336.2410
Epoch: 30, Loss: 0.3631
MSE Loss Between Generated and Conditioned: 3405.4485
Epoch: 31, Loss: 0.3578
MSE Loss Between Generated and Conditioned: 2842.6743
Epoch: 32, Loss: 0.3527
MSE Loss Between Generated and Conditioned: 1398.2133
Epoch: 33, Loss: 0.3477
MSE Loss Between Generated and Conditioned: 1712.8196
Epoch: 34, Loss: 0.3429
MSE Loss Between Generated and Conditioned: 1949.7532
Epoch: 35, Loss: 0.3382
MSE Loss Between Generated and Conditioned: 2095.2810
Epoch: 36, Loss: 0.3341
MSE Loss Between Generated and Conditioned: 1363.1260
Epoch: 37, Loss: 0.3301
MSE Loss Between Generated and Conditioned: 925.6230
Epoch: 38, Loss: 0.3262
MSE Loss Between Generated and Conditioned: 1092.1578
Epoch: 39, Loss: 0.3224
MSE Loss Between Generated and Conditioned: 683.6150
Epoch: 40, Loss: 0.3186
MSE Loss Between Generated and Conditioned: 941.1097
Epoch: 41, Loss: 0.3152
MSE Loss Between Generated and Conditioned: 1020.5887
Epoch: 42, Loss: 0.3119
MSE Loss Between Generated and Conditioned: 1212.7948
Epoch: 43, Loss: 0.3086
MSE Loss Between Generated and Conditioned: 677.0439
Epoch: 44, Loss: 0.3055
MSE Loss Between Generated and Conditioned: 1227.3495
Epoch: 45, Loss: 0.3026
MSE Loss Between Generated and Conditioned: 822.1186
Epoch: 46, Loss: 0.2995
MSE Loss Between Generated and Conditioned: 559.2275
Epoch: 47, Loss: 0.2967
MSE Loss Between Generated and Conditioned: 548.6641
Epoch: 48, Loss: 0.2941
MSE Loss Between Generated and Conditioned: 520.2476
Epoch: 49, Loss: 0.2914
MSE Loss Between Generated and Conditioned: 235.2973
Epoch: 50, Loss: 0.2890
MSE Loss Between Generated and Conditioned: 537.4653
Epoch: 51, Loss: 0.2866
MSE Loss Between Generated and Conditioned: 311.8641
Epoch: 52, Loss: 0.2842
MSE Loss Between Generated and Conditioned: 335.2476
Epoch: 53, Loss: 0.2818
MSE Loss Between Generated and Conditioned: 327.7949
Epoch: 54, Loss: 0.2796
MSE Loss Between Generated and Conditioned: 476.0528
Epoch: 55, Loss: 0.2774
MSE Loss Between Generated and Conditioned: 750.1821
Epoch: 56, Loss: 0.2752
MSE Loss Between Generated and Conditioned: 448.1853
Epoch: 57, Loss: 0.2732
MSE Loss Between Generated and Conditioned: 399.1962
Epoch: 58, Loss: 0.2711
MSE Loss Between Generated and Conditioned: 189.5820
Epoch: 59, Loss: 0.2692
MSE Loss Between Generated and Conditioned: 182.0061
Epoch: 60, Loss: 0.2674
MSE Loss Between Generated and Conditioned: 132.1168
Epoch: 61, Loss: 0.2656
MSE Loss Between Generated and Conditioned: 195.8457
Epoch: 62, Loss: 0.2638
MSE Loss Between Generated and Conditioned: 225.2565
Epoch: 63, Loss: 0.2620
MSE Loss Between Generated and Conditioned: 249.3870
Epoch: 64, Loss: 0.2603
MSE Loss Between Generated and Conditioned: 149.0393
Epoch: 65, Loss: 0.2586
MSE Loss Between Generated and Conditioned: 100.5455
Epoch: 66, Loss: 0.2569
MSE Loss Between Generated and Conditioned: 106.8214
Epoch: 67, Loss: 0.2552
MSE Loss Between Generated and Conditioned: 93.6967
Epoch: 68, Loss: 0.2537
MSE Loss Between Generated and Conditioned: 114.1313
Epoch: 69, Loss: 0.2521
MSE Loss Between Generated and Conditioned: 189.6601
Epoch: 70, Loss: 0.2505
MSE Loss Between Generated and Conditioned: 98.0727
Epoch: 71, Loss: 0.2491
MSE Loss Between Generated and Conditioned: 73.6622
Epoch: 72, Loss: 0.2476
MSE Loss Between Generated and Conditioned: 80.3790
Epoch: 73, Loss: 0.2462
MSE Loss Between Generated and Conditioned: 91.6521
Epoch: 74, Loss: 0.2449
MSE Loss Between Generated and Conditioned: 50.6553
Epoch: 75, Loss: 0.2435
MSE Loss Between Generated and Conditioned: 73.8297
Epoch: 76, Loss: 0.2423
MSE Loss Between Generated and Conditioned: 84.0558
Epoch: 77, Loss: 0.2410
MSE Loss Between Generated and Conditioned: 88.7978
Epoch: 78, Loss: 0.2398
MSE Loss Between Generated and Conditioned: 95.9538
Epoch: 79, Loss: 0.2385
MSE Loss Between Generated and Conditioned: 80.2298
Epoch: 80, Loss: 0.2373
MSE Loss Between Generated and Conditioned: 138.2401
Epoch: 81, Loss: 0.2362
MSE Loss Between Generated and Conditioned: 44.5634
Epoch: 82, Loss: 0.2351
MSE Loss Between Generated and Conditioned: 33.1971
Epoch: 83, Loss: 0.2340
MSE Loss Between Generated and Conditioned: 37.9017
Epoch: 84, Loss: 0.2329
MSE Loss Between Generated and Conditioned: 111.7850
Epoch: 85, Loss: 0.2318
MSE Loss Between Generated and Conditioned: 64.7617
Epoch: 86, Loss: 0.2307
MSE Loss Between Generated and Conditioned: 52.9061
Epoch: 87, Loss: 0.2298
MSE Loss Between Generated and Conditioned: 41.7310
Epoch: 88, Loss: 0.2287
MSE Loss Between Generated and Conditioned: 68.7245
Epoch: 89, Loss: 0.2277
MSE Loss Between Generated and Conditioned: 76.7498
Epoch: 90, Loss: 0.2268
MSE Loss Between Generated and Conditioned: 31.3442
Epoch: 91, Loss: 0.2259
MSE Loss Between Generated and Conditioned: 28.8516
Epoch: 92, Loss: 0.2251
MSE Loss Between Generated and Conditioned: 21.4635
Epoch: 93, Loss: 0.2242
MSE Loss Between Generated and Conditioned: 55.6000
Epoch: 94, Loss: 0.2233
MSE Loss Between Generated and Conditioned: 16.5180
Epoch: 95, Loss: 0.2224
MSE Loss Between Generated and Conditioned: 20.5046
Epoch: 96, Loss: 0.2215
MSE Loss Between Generated and Conditioned: 38.7977
Epoch: 97, Loss: 0.2206
MSE Loss Between Generated and Conditioned: 20.8693
Epoch: 98, Loss: 0.2198
MSE Loss Between Generated and Conditioned: 52.1068
Epoch: 99, Loss: 0.2191
MSE Loss Between Generated and Conditioned: 28.4042
Epoch: 100, Loss: 0.2184
MSE Loss Between Generated and Conditioned: 23.2771
Epoch: 101, Loss: 0.2177
MSE Loss Between Generated and Conditioned: 44.5024
Epoch: 102, Loss: 0.2170
MSE Loss Between Generated and Conditioned: 38.3712
Epoch: 103, Loss: 0.2162
MSE Loss Between Generated and Conditioned: 35.7916
Epoch: 104, Loss: 0.2154
MSE Loss Between Generated and Conditioned: 22.9331
Epoch: 105, Loss: 0.2147
MSE Loss Between Generated and Conditioned: 58.0030
Epoch: 106, Loss: 0.2140
MSE Loss Between Generated and Conditioned: 24.2271
Epoch: 107, Loss: 0.2133
MSE Loss Between Generated and Conditioned: 20.7093
Epoch: 108, Loss: 0.2126
MSE Loss Between Generated and Conditioned: 31.2169
Epoch: 109, Loss: 0.2120
MSE Loss Between Generated and Conditioned: 30.4994
Epoch: 110, Loss: 0.2114
MSE Loss Between Generated and Conditioned: 25.1893
Epoch: 111, Loss: 0.2107
MSE Loss Between Generated and Conditioned: 14.4181
Epoch: 112, Loss: 0.2100
MSE Loss Between Generated and Conditioned: 15.1550
Epoch: 113, Loss: 0.2094
MSE Loss Between Generated and Conditioned: 34.5076
Epoch: 114, Loss: 0.2088
MSE Loss Between Generated and Conditioned: 12.5759
Epoch: 115, Loss: 0.2082
MSE Loss Between Generated and Conditioned: 9.6382
Epoch: 116, Loss: 0.2075
MSE Loss Between Generated and Conditioned: 25.9699
Epoch: 117, Loss: 0.2069
MSE Loss Between Generated and Conditioned: 23.2561
Epoch: 118, Loss: 0.2063
MSE Loss Between Generated and Conditioned: 11.8390
Epoch: 119, Loss: 0.2058
MSE Loss Between Generated and Conditioned: 10.1614
Epoch: 120, Loss: 0.2052
MSE Loss Between Generated and Conditioned: 13.3738
Epoch: 121, Loss: 0.2047
MSE Loss Between Generated and Conditioned: 22.0001
Epoch: 122, Loss: 0.2042
MSE Loss Between Generated and Conditioned: 29.8373
Epoch: 123, Loss: 0.2037
MSE Loss Between Generated and Conditioned: 5.3557
Epoch: 124, Loss: 0.2032
MSE Loss Between Generated and Conditioned: 16.0228
Epoch: 125, Loss: 0.2027
MSE Loss Between Generated and Conditioned: 30.2269
Epoch: 126, Loss: 0.2022
MSE Loss Between Generated and Conditioned: 13.2071
Epoch: 127, Loss: 0.2017
MSE Loss Between Generated and Conditioned: 8.2563
Epoch: 128, Loss: 0.2012
MSE Loss Between Generated and Conditioned: 28.3102
Epoch: 129, Loss: 0.2008
MSE Loss Between Generated and Conditioned: 10.5839
Epoch: 130, Loss: 0.2003
MSE Loss Between Generated and Conditioned: 6.6362
Epoch: 131, Loss: 0.1999
MSE Loss Between Generated and Conditioned: 5.3550
Epoch: 132, Loss: 0.1995
MSE Loss Between Generated and Conditioned: 11.4161
Epoch: 133, Loss: 0.1990
MSE Loss Between Generated and Conditioned: 24.8146
Epoch: 134, Loss: 0.1985
MSE Loss Between Generated and Conditioned: 5.7355
Epoch: 135, Loss: 0.1981
MSE Loss Between Generated and Conditioned: 5.0719
Epoch: 136, Loss: 0.1976
MSE Loss Between Generated and Conditioned: 9.2438
Epoch: 137, Loss: 0.1972
MSE Loss Between Generated and Conditioned: 10.8696
Epoch: 138, Loss: 0.1967
MSE Loss Between Generated and Conditioned: 8.4322
Epoch: 139, Loss: 0.1963
MSE Loss Between Generated and Conditioned: 8.7628
Epoch: 140, Loss: 0.1959
MSE Loss Between Generated and Conditioned: 6.6541
Epoch: 141, Loss: 0.1955
MSE Loss Between Generated and Conditioned: 15.5403
Epoch: 142, Loss: 0.1951
MSE Loss Between Generated and Conditioned: 16.9204
Epoch: 143, Loss: 0.1947
MSE Loss Between Generated and Conditioned: 5.7576
Epoch: 144, Loss: 0.1943
MSE Loss Between Generated and Conditioned: 6.1023
Epoch: 145, Loss: 0.1939
MSE Loss Between Generated and Conditioned: 11.3238
Epoch: 146, Loss: 0.1936
MSE Loss Between Generated and Conditioned: 11.1014
Epoch: 147, Loss: 0.1932
MSE Loss Between Generated and Conditioned: 6.8607
Epoch: 148, Loss: 0.1928
MSE Loss Between Generated and Conditioned: 8.1771
Epoch: 149, Loss: 0.1925
MSE Loss Between Generated and Conditioned: 8.4438
Epoch: 150, Loss: 0.1921
MSE Loss Between Generated and Conditioned: 6.4669
Epoch: 151, Loss: 0.1917
MSE Loss Between Generated and Conditioned: 5.1841
Epoch: 152, Loss: 0.1914
MSE Loss Between Generated and Conditioned: 10.2866
Epoch: 153, Loss: 0.1911
MSE Loss Between Generated and Conditioned: 9.1980
Epoch: 154, Loss: 0.1907
MSE Loss Between Generated and Conditioned: 8.6370
Epoch: 155, Loss: 0.1904
MSE Loss Between Generated and Conditioned: 6.9837
Epoch: 156, Loss: 0.1900
MSE Loss Between Generated and Conditioned: 3.4267
Epoch: 157, Loss: 0.1897
MSE Loss Between Generated and Conditioned: 6.2084
Epoch: 158, Loss: 0.1894
MSE Loss Between Generated and Conditioned: 4.6170
Epoch: 159, Loss: 0.1890
MSE Loss Between Generated and Conditioned: 5.1577
Epoch: 160, Loss: 0.1887
MSE Loss Between Generated and Conditioned: 7.4045
Epoch: 161, Loss: 0.1884
MSE Loss Between Generated and Conditioned: 14.9670
Epoch: 162, Loss: 0.1881
MSE Loss Between Generated and Conditioned: 5.0468
Epoch: 163, Loss: 0.1877
MSE Loss Between Generated and Conditioned: 8.3214
Epoch: 164, Loss: 0.1874
MSE Loss Between Generated and Conditioned: 8.3193
Epoch: 165, Loss: 0.1872
MSE Loss Between Generated and Conditioned: 6.1153
Epoch: 166, Loss: 0.1869
MSE Loss Between Generated and Conditioned: 7.1018
Epoch: 167, Loss: 0.1865
MSE Loss Between Generated and Conditioned: 6.4381
Epoch: 168, Loss: 0.1862
MSE Loss Between Generated and Conditioned: 7.9251
Epoch: 169, Loss: 0.1860
MSE Loss Between Generated and Conditioned: 4.4500
Epoch: 170, Loss: 0.1857
MSE Loss Between Generated and Conditioned: 4.0573
Epoch: 171, Loss: 0.1855
MSE Loss Between Generated and Conditioned: 7.4254
Epoch: 172, Loss: 0.1852
MSE Loss Between Generated and Conditioned: 3.9336
Epoch: 173, Loss: 0.1849
MSE Loss Between Generated and Conditioned: 6.7233
Epoch: 174, Loss: 0.1846
MSE Loss Between Generated and Conditioned: 2.5626
Epoch: 175, Loss: 0.1843
MSE Loss Between Generated and Conditioned: 4.7426
Epoch: 176, Loss: 0.1840
MSE Loss Between Generated and Conditioned: 3.9209
Epoch: 177, Loss: 0.1837
MSE Loss Between Generated and Conditioned: 3.6874
Epoch: 178, Loss: 0.1835
MSE Loss Between Generated and Conditioned: 7.4060
Epoch: 179, Loss: 0.1833
MSE Loss Between Generated and Conditioned: 3.3626
Epoch: 180, Loss: 0.1830
MSE Loss Between Generated and Conditioned: 3.2760
Epoch: 181, Loss: 0.1828
MSE Loss Between Generated and Conditioned: 3.8758
Epoch: 182, Loss: 0.1825
MSE Loss Between Generated and Conditioned: 2.4232
Epoch: 183, Loss: 0.1823
MSE Loss Between Generated and Conditioned: 4.5967
Epoch: 184, Loss: 0.1820
MSE Loss Between Generated and Conditioned: 2.3120
Epoch: 185, Loss: 0.1818
MSE Loss Between Generated and Conditioned: 3.0181
Epoch: 186, Loss: 0.1816
MSE Loss Between Generated and Conditioned: 1.8952
Epoch: 187, Loss: 0.1814
MSE Loss Between Generated and Conditioned: 2.6479
Epoch: 188, Loss: 0.1812
MSE Loss Between Generated and Conditioned: 4.8814
Epoch: 189, Loss: 0.1810
MSE Loss Between Generated and Conditioned: 2.7100
Epoch: 190, Loss: 0.1808
MSE Loss Between Generated and Conditioned: 3.7774
Epoch: 191, Loss: 0.1805
MSE Loss Between Generated and Conditioned: 6.7790
Epoch: 192, Loss: 0.1803
MSE Loss Between Generated and Conditioned: 5.4043
Epoch: 193, Loss: 0.1801
MSE Loss Between Generated and Conditioned: 2.7632
Epoch: 194, Loss: 0.1798
MSE Loss Between Generated and Conditioned: 3.4702
Epoch: 195, Loss: 0.1796
MSE Loss Between Generated and Conditioned: 4.4088
Epoch: 196, Loss: 0.1793
MSE Loss Between Generated and Conditioned: 2.0950
Epoch: 197, Loss: 0.1791
MSE Loss Between Generated and Conditioned: 2.3323
Epoch: 198, Loss: 0.1789
MSE Loss Between Generated and Conditioned: 2.5534
Epoch: 199, Loss: 0.1787
MSE Loss Between Generated and Conditioned: 3.0197
Epoch: 200, Loss: 0.1785
MSE Loss Between Generated and Conditioned: 3.4067
Epoch: 201, Loss: 0.1783
MSE Loss Between Generated and Conditioned: 2.8015
Epoch: 202, Loss: 0.1781
MSE Loss Between Generated and Conditioned: 2.6807
Epoch: 203, Loss: 0.1779
MSE Loss Between Generated and Conditioned: 4.3430
Epoch: 204, Loss: 0.1777
MSE Loss Between Generated and Conditioned: 1.6931
Epoch: 205, Loss: 0.1775
MSE Loss Between Generated and Conditioned: 3.1953
Epoch: 206, Loss: 0.1772
MSE Loss Between Generated and Conditioned: 2.1474
Epoch: 207, Loss: 0.1770
MSE Loss Between Generated and Conditioned: 2.0158
Epoch: 208, Loss: 0.1768
MSE Loss Between Generated and Conditioned: 2.2489
Epoch: 209, Loss: 0.1767
MSE Loss Between Generated and Conditioned: 2.0861
Epoch: 210, Loss: 0.1765
MSE Loss Between Generated and Conditioned: 2.5658
Epoch: 211, Loss: 0.1763
MSE Loss Between Generated and Conditioned: 1.4572
Epoch: 212, Loss: 0.1761
MSE Loss Between Generated and Conditioned: 2.2051
Epoch: 213, Loss: 0.1759
MSE Loss Between Generated and Conditioned: 1.7461
Epoch: 214, Loss: 0.1757
MSE Loss Between Generated and Conditioned: 2.2829
Epoch: 215, Loss: 0.1755
MSE Loss Between Generated and Conditioned: 2.2890
Epoch: 216, Loss: 0.1753
MSE Loss Between Generated and Conditioned: 2.1187
Epoch: 217, Loss: 0.1752
MSE Loss Between Generated and Conditioned: 1.8372
Epoch: 218, Loss: 0.1750
MSE Loss Between Generated and Conditioned: 2.4231
Epoch: 219, Loss: 0.1748
MSE Loss Between Generated and Conditioned: 1.9312
Epoch: 220, Loss: 0.1747
MSE Loss Between Generated and Conditioned: 2.7279
Epoch: 221, Loss: 0.1745
MSE Loss Between Generated and Conditioned: 4.1026
Epoch: 222, Loss: 0.1743
MSE Loss Between Generated and Conditioned: 4.9153
Epoch: 223, Loss: 0.1741
MSE Loss Between Generated and Conditioned: 1.7272
Epoch: 224, Loss: 0.1740
MSE Loss Between Generated and Conditioned: 1.9091
Epoch: 225, Loss: 0.1738
MSE Loss Between Generated and Conditioned: 2.6132
Epoch: 226, Loss: 0.1736
MSE Loss Between Generated and Conditioned: 1.9489
Epoch: 227, Loss: 0.1735
MSE Loss Between Generated and Conditioned: 1.4230
Epoch: 228, Loss: 0.1733
MSE Loss Between Generated and Conditioned: 2.2622
Epoch: 229, Loss: 0.1731
MSE Loss Between Generated and Conditioned: 3.0533
Epoch: 230, Loss: 0.1730
MSE Loss Between Generated and Conditioned: 2.0699
Epoch: 231, Loss: 0.1728
MSE Loss Between Generated and Conditioned: 1.3608
Epoch: 232, Loss: 0.1727
MSE Loss Between Generated and Conditioned: 1.4276
Epoch: 233, Loss: 0.1726
MSE Loss Between Generated and Conditioned: 2.3408
Epoch: 234, Loss: 0.1724
MSE Loss Between Generated and Conditioned: 1.5396
Epoch: 235, Loss: 0.1722
MSE Loss Between Generated and Conditioned: 2.1052
Epoch: 236, Loss: 0.1721
MSE Loss Between Generated and Conditioned: 2.7619
Epoch: 237, Loss: 0.1719
MSE Loss Between Generated and Conditioned: 4.9777
Epoch: 238, Loss: 0.1717
MSE Loss Between Generated and Conditioned: 1.4553
Epoch: 239, Loss: 0.1716
MSE Loss Between Generated and Conditioned: 2.0112
Epoch: 240, Loss: 0.1714
MSE Loss Between Generated and Conditioned: 1.5540
Epoch: 241, Loss: 0.1713
MSE Loss Between Generated and Conditioned: 1.6148
Epoch: 242, Loss: 0.1712
MSE Loss Between Generated and Conditioned: 1.8460
Epoch: 243, Loss: 0.1710
MSE Loss Between Generated and Conditioned: 1.6913
Epoch: 244, Loss: 0.1709
MSE Loss Between Generated and Conditioned: 1.5535
Epoch: 245, Loss: 0.1707
MSE Loss Between Generated and Conditioned: 1.4689
Epoch: 246, Loss: 0.1705
MSE Loss Between Generated and Conditioned: 1.6964
Epoch: 247, Loss: 0.1704
MSE Loss Between Generated and Conditioned: 1.4041
Epoch: 248, Loss: 0.1702
MSE Loss Between Generated and Conditioned: 1.8391
Epoch: 249, Loss: 0.1701
MSE Loss Between Generated and Conditioned: 2.8874
Epoch: 250, Loss: 0.1699
MSE Loss Between Generated and Conditioned: 1.5536
Epoch: 251, Loss: 0.1698
MSE Loss Between Generated and Conditioned: 1.2020
Epoch: 252, Loss: 0.1697
MSE Loss Between Generated and Conditioned: 1.6662
Epoch: 253, Loss: 0.1695
MSE Loss Between Generated and Conditioned: 1.7676
Epoch: 254, Loss: 0.1694
MSE Loss Between Generated and Conditioned: 1.5289
Epoch: 255, Loss: 0.1693
MSE Loss Between Generated and Conditioned: 1.4253
Epoch: 256, Loss: 0.1691
MSE Loss Between Generated and Conditioned: 1.2997
Epoch: 257, Loss: 0.1689
MSE Loss Between Generated and Conditioned: 1.7268
Epoch: 258, Loss: 0.1688
MSE Loss Between Generated and Conditioned: 1.3053
Epoch: 259, Loss: 0.1686
MSE Loss Between Generated and Conditioned: 1.3288
Epoch: 260, Loss: 0.1685
MSE Loss Between Generated and Conditioned: 1.4177
Epoch: 261, Loss: 0.1684
MSE Loss Between Generated and Conditioned: 2.4819
Epoch: 262, Loss: 0.1683
MSE Loss Between Generated and Conditioned: 1.3283
Epoch: 263, Loss: 0.1681
MSE Loss Between Generated and Conditioned: 1.3834
Epoch: 264, Loss: 0.1680
MSE Loss Between Generated and Conditioned: 2.2254
Epoch: 265, Loss: 0.1679
MSE Loss Between Generated and Conditioned: 1.4439
Epoch: 266, Loss: 0.1677
MSE Loss Between Generated and Conditioned: 1.2692
Epoch: 267, Loss: 0.1676
MSE Loss Between Generated and Conditioned: 1.7431
Epoch: 268, Loss: 0.1675
MSE Loss Between Generated and Conditioned: 1.3550
Epoch: 269, Loss: 0.1674
MSE Loss Between Generated and Conditioned: 1.4627
Epoch: 270, Loss: 0.1673
MSE Loss Between Generated and Conditioned: 1.3988
Epoch: 271, Loss: 0.1672
MSE Loss Between Generated and Conditioned: 1.2966
Epoch: 272, Loss: 0.1671
MSE Loss Between Generated and Conditioned: 1.2310
Epoch: 273, Loss: 0.1669
MSE Loss Between Generated and Conditioned: 1.2490
Epoch: 274, Loss: 0.1668
MSE Loss Between Generated and Conditioned: 1.7369
Epoch: 275, Loss: 0.1667
MSE Loss Between Generated and Conditioned: 1.2658
Epoch: 276, Loss: 0.1666
MSE Loss Between Generated and Conditioned: 1.4524
Epoch: 277, Loss: 0.1664
MSE Loss Between Generated and Conditioned: 1.2497
Epoch: 278, Loss: 0.1663
MSE Loss Between Generated and Conditioned: 1.7893
Epoch: 279, Loss: 0.1662
MSE Loss Between Generated and Conditioned: 1.8866
Epoch: 280, Loss: 0.1661
MSE Loss Between Generated and Conditioned: 1.4064
Epoch: 281, Loss: 0.1660
MSE Loss Between Generated and Conditioned: 1.4337
Epoch: 282, Loss: 0.1659
MSE Loss Between Generated and Conditioned: 1.8624
Epoch: 283, Loss: 0.1658
MSE Loss Between Generated and Conditioned: 2.4406
Epoch: 284, Loss: 0.1657
MSE Loss Between Generated and Conditioned: 1.2482
Epoch: 285, Loss: 0.1656
MSE Loss Between Generated and Conditioned: 1.2271
Epoch: 286, Loss: 0.1655
MSE Loss Between Generated and Conditioned: 1.4127
Epoch: 287, Loss: 0.1654
MSE Loss Between Generated and Conditioned: 1.7733
Epoch: 288, Loss: 0.1653
MSE Loss Between Generated and Conditioned: 1.2282
Epoch: 289, Loss: 0.1651
MSE Loss Between Generated and Conditioned: 1.3471
Epoch: 290, Loss: 0.1650
MSE Loss Between Generated and Conditioned: 1.2703
Epoch: 291, Loss: 0.1649
MSE Loss Between Generated and Conditioned: 1.2938
Epoch: 292, Loss: 0.1648
MSE Loss Between Generated and Conditioned: 1.2576
Epoch: 293, Loss: 0.1647
MSE Loss Between Generated and Conditioned: 1.3636
Epoch: 294, Loss: 0.1646
MSE Loss Between Generated and Conditioned: 1.4976
Epoch: 295, Loss: 0.1645
MSE Loss Between Generated and Conditioned: 1.2490
Epoch: 296, Loss: 0.1644
MSE Loss Between Generated and Conditioned: 1.3697
Epoch: 297, Loss: 0.1643
MSE Loss Between Generated and Conditioned: 1.3660
Epoch: 298, Loss: 0.1642
MSE Loss Between Generated and Conditioned: 1.2451
Epoch: 299, Loss: 0.1641
MSE Loss Between Generated and Conditioned: 1.4761
Epoch: 300, Loss: 0.1640
4
Epoch: 1, Train Loss: 0.5432, Valid Loss: 0.4416, LR: 0.001
Epoch: 2, Train Loss: 0.2048, Valid Loss: 0.1956, LR: 0.001
Epoch: 3, Train Loss: 0.1443, Valid Loss: 0.1855, LR: 0.001
Epoch: 4, Train Loss: 0.1215, Valid Loss: 0.1752, LR: 0.001
Epoch: 5, Train Loss: 0.0997, Valid Loss: 0.1809, LR: 0.001
Epoch: 6, Train Loss: 0.0923, Valid Loss: 0.1504, LR: 0.001
Epoch: 7, Train Loss: 0.0908, Valid Loss: 0.1910, LR: 0.001
Epoch: 8, Train Loss: 0.0875, Valid Loss: 0.1996, LR: 0.001
Epoch: 9, Train Loss: 0.0930, Valid Loss: 0.1743, LR: 0.001
Epoch: 10, Train Loss: 0.0843, Valid Loss: 0.1850, LR: 0.001
Epoch: 11, Train Loss: 0.0880, Valid Loss: 0.1917, LR: 0.001
Epoch: 12, Train Loss: 0.0914, Valid Loss: 0.1442, LR: 0.001
Epoch: 13, Train Loss: 0.0965, Valid Loss: 0.1741, LR: 0.001
Epoch: 14, Train Loss: 0.0939, Valid Loss: 0.1605, LR: 0.001
Epoch: 15, Train Loss: 0.0914, Valid Loss: 0.1691, LR: 0.001
Epoch: 16, Train Loss: 0.0836, Valid Loss: 0.1765, LR: 0.001
Epoch: 17, Train Loss: 0.0956, Valid Loss: 0.1906, LR: 0.001
Epoch: 18, Train Loss: 0.0891, Valid Loss: 0.1603, LR: 0.001
Epoch: 19, Train Loss: 0.0925, Valid Loss: 0.1553, LR: 0.001
Epoch: 20, Train Loss: 0.0827, Valid Loss: 0.1671, LR: 0.001
Epoch: 21, Train Loss: 0.0834, Valid Loss: 0.1880, LR: 0.001
Epoch: 22, Train Loss: 0.0840, Valid Loss: 0.1853, LR: 0.001
Epoch: 23, Train Loss: 0.0821, Valid Loss: 0.1884, LR: 0.0001
Epoch: 24, Train Loss: 0.0726, Valid Loss: 0.1614, LR: 0.0001
Epoch: 25, Train Loss: 0.0621, Valid Loss: 0.1556, LR: 0.0001
Epoch: 26, Train Loss: 0.0570, Valid Loss: 0.1496, LR: 0.0001
Epoch: 27, Train Loss: 0.0569, Valid Loss: 0.1559, LR: 0.0001
Epoch: 28, Train Loss: 0.0506, Valid Loss: 0.1550, LR: 0.0001
Epoch: 29, Train Loss: 0.0538, Valid Loss: 0.1464, LR: 0.0001
Epoch: 30, Train Loss: 0.0528, Valid Loss: 0.1483, LR: 0.0001
Epoch: 31, Train Loss: 0.0524, Valid Loss: 0.1524, LR: 0.0001
Epoch: 32, Train Loss: 0.0477, Valid Loss: 0.1515, LR: 0.0001
Epoch: 33, Train Loss: 0.0483, Valid Loss: 0.1517, LR: 0.0001
Epoch: 34, Train Loss: 0.0500, Valid Loss: 0.1527, LR: 1e-05
Epoch: 35, Train Loss: 0.0480, Valid Loss: 0.1609, LR: 1e-05
Epoch: 36, Train Loss: 0.0443, Valid Loss: 0.1577, LR: 1e-05
Epoch: 37, Train Loss: 0.0438, Valid Loss: 0.1512, LR: 1e-05
Epoch: 38, Train Loss: 0.0474, Valid Loss: 0.1587, LR: 1e-05
Epoch: 39, Train Loss: 0.0477, Valid Loss: 0.1515, LR: 1e-05
Epoch: 40, Train Loss: 0.0470, Valid Loss: 0.1563, LR: 1e-05
Epoch: 41, Train Loss: 0.0496, Valid Loss: 0.1573, LR: 1e-05
Epoch: 42, Train Loss: 0.0438, Valid Loss: 0.1558, LR: 1e-05
Epoch: 43, Train Loss: 0.0437, Valid Loss: 0.1583, LR: 1e-05
Epoch: 44, Train Loss: 0.0452, Valid Loss: 0.1616, LR: 1e-05
Epoch: 45, Train Loss: 0.0460, Valid Loss: 0.1562, LR: 1.0000000000000002e-06
Epoch: 46, Train Loss: 0.0444, Valid Loss: 0.1493, LR: 1.0000000000000002e-06
Epoch: 47, Train Loss: 0.0461, Valid Loss: 0.1547, LR: 1.0000000000000002e-06
Epoch: 48, Train Loss: 0.0460, Valid Loss: 0.1542, LR: 1.0000000000000002e-06
Epoch: 49, Train Loss: 0.0454, Valid Loss: 0.1515, LR: 1.0000000000000002e-06
Epoch: 50, Train Loss: 0.0444, Valid Loss: 0.1547, LR: 1.0000000000000002e-06
Epoch: 51, Train Loss: 0.0468, Valid Loss: 0.1532, LR: 1.0000000000000002e-06
Epoch: 52, Train Loss: 0.0476, Valid Loss: 0.1514, LR: 1.0000000000000002e-06
Epoch: 53, Train Loss: 0.0427, Valid Loss: 0.1527, LR: 1.0000000000000002e-06
Epoch: 54, Train Loss: 0.0413, Valid Loss: 0.1494, LR: 1.0000000000000002e-06
Epoch: 55, Train Loss: 0.0485, Valid Loss: 0.1565, LR: 1.0000000000000002e-06
Epoch: 56, Train Loss: 0.0495, Valid Loss: 0.1599, LR: 1.0000000000000002e-07
Epoch: 57, Train Loss: 0.0447, Valid Loss: 0.1550, LR: 1.0000000000000002e-07
Epoch: 58, Train Loss: 0.0445, Valid Loss: 0.1504, LR: 1.0000000000000002e-07
Epoch: 59, Train Loss: 0.0404, Valid Loss: 0.1584, LR: 1.0000000000000002e-07
Epoch: 60, Train Loss: 0.0454, Valid Loss: 0.1611, LR: 1.0000000000000002e-07
Epoch: 61, Train Loss: 0.0450, Valid Loss: 0.1599, LR: 1.0000000000000002e-07
Epoch: 62, Train Loss: 0.0468, Valid Loss: 0.1578, LR: 1.0000000000000002e-07
Epoch: 63, Train Loss: 0.0445, Valid Loss: 0.1569, LR: 1.0000000000000002e-07
Epoch: 64, Train Loss: 0.0461, Valid Loss: 0.1575, LR: 1.0000000000000002e-07
Epoch: 65, Train Loss: 0.0416, Valid Loss: 0.1560, LR: 1.0000000000000002e-07
Epoch: 66, Train Loss: 0.0447, Valid Loss: 0.1529, LR: 1.0000000000000002e-07
Epoch: 67, Train Loss: 0.0448, Valid Loss: 0.1652, LR: 1.0000000000000004e-08
Epoch: 68, Train Loss: 0.0471, Valid Loss: 0.1567, LR: 1.0000000000000004e-08
Epoch: 69, Train Loss: 0.0424, Valid Loss: 0.1502, LR: 1.0000000000000004e-08
Epoch: 70, Train Loss: 0.0457, Valid Loss: 0.1525, LR: 1.0000000000000004e-08
Epoch: 71, Train Loss: 0.0456, Valid Loss: 0.1545, LR: 1.0000000000000004e-08
Epoch: 72, Train Loss: 0.0421, Valid Loss: 0.1486, LR: 1.0000000000000004e-08
Epoch: 73, Train Loss: 0.0449, Valid Loss: 0.1550, LR: 1.0000000000000004e-08
Epoch: 74, Train Loss: 0.0413, Valid Loss: 0.1541, LR: 1.0000000000000004e-08
Epoch: 75, Train Loss: 0.0422, Valid Loss: 0.1569, LR: 1.0000000000000004e-08
Epoch: 76, Train Loss: 0.0455, Valid Loss: 0.1579, LR: 1.0000000000000004e-08
Epoch: 77, Train Loss: 0.0427, Valid Loss: 0.1557, LR: 1.0000000000000004e-08
Epoch: 78, Train Loss: 0.0434, Valid Loss: 0.1585, LR: 1.0000000000000004e-08
Epoch: 79, Train Loss: 0.0433, Valid Loss: 0.1525, LR: 1.0000000000000004e-08
Epoch: 80, Train Loss: 0.0448, Valid Loss: 0.1559, LR: 1.0000000000000004e-08
Epoch: 81, Train Loss: 0.0479, Valid Loss: 0.1553, LR: 1.0000000000000004e-08
Epoch: 82, Train Loss: 0.0479, Valid Loss: 0.1576, LR: 1.0000000000000004e-08
Epoch: 83, Train Loss: 0.0473, Valid Loss: 0.1577, LR: 1.0000000000000004e-08
Epoch: 84, Train Loss: 0.0458, Valid Loss: 0.1561, LR: 1.0000000000000004e-08
Epoch: 85, Train Loss: 0.0451, Valid Loss: 0.1525, LR: 1.0000000000000004e-08
Epoch: 86, Train Loss: 0.0474, Valid Loss: 0.1535, LR: 1.0000000000000004e-08
Epoch: 87, Train Loss: 0.0415, Valid Loss: 0.1572, LR: 1.0000000000000004e-08
Epoch: 88, Train Loss: 0.0490, Valid Loss: 0.1554, LR: 1.0000000000000004e-08
Epoch: 89, Train Loss: 0.0423, Valid Loss: 0.1542, LR: 1.0000000000000004e-08
Epoch: 90, Train Loss: 0.0428, Valid Loss: 0.1506, LR: 1.0000000000000004e-08
Epoch: 91, Train Loss: 0.0429, Valid Loss: 0.1533, LR: 1.0000000000000004e-08
Epoch: 92, Train Loss: 0.0465, Valid Loss: 0.1588, LR: 1.0000000000000004e-08
Epoch: 93, Train Loss: 0.0431, Valid Loss: 0.1512, LR: 1.0000000000000004e-08
Epoch: 94, Train Loss: 0.0429, Valid Loss: 0.1525, LR: 1.0000000000000004e-08
Epoch: 95, Train Loss: 0.0461, Valid Loss: 0.1561, LR: 1.0000000000000004e-08
Epoch: 96, Train Loss: 0.0415, Valid Loss: 0.1557, LR: 1.0000000000000004e-08
Epoch: 97, Train Loss: 0.0438, Valid Loss: 0.1557, LR: 1.0000000000000004e-08
Epoch: 98, Train Loss: 0.0448, Valid Loss: 0.1541, LR: 1.0000000000000004e-08
Epoch: 99, Train Loss: 0.0436, Valid Loss: 0.1540, LR: 1.0000000000000004e-08
Epoch: 100, Train Loss: 0.0411, Valid Loss: 0.1516, LR: 1.0000000000000004e-08
Test Loss: 0.1581
Train: torch.Size([14031, 5, 64, 32]), Valid: torch.Size([4677, 5, 64, 32]), Test: torch.Size([4678, 5, 64, 32])
Starting Downstream Task
Running context window: 5 with stride: 5 with seed: 0
Shape: (5, 144, 72)
Epoch: 0, Train Loss: 0.00554, Valid Loss: 0.00428, EPS: 0.991
Epoch: 1, Train Loss: 0.00385, Valid Loss: 0.00374, EPS: 0.982
Epoch: 2, Train Loss: 0.00329, Valid Loss: 0.00344, EPS: 0.973
Epoch: 3, Train Loss: 0.00301, Valid Loss: 0.00329, EPS: 0.964
Epoch: 4, Train Loss: 0.00288, Valid Loss: 0.00323, EPS: 0.955
Epoch: 5, Train Loss: 0.00280, Valid Loss: 0.00319, EPS: 0.946
Epoch: 6, Train Loss: 0.00277, Valid Loss: 0.00317, EPS: 0.9369999999999999
Epoch: 7, Train Loss: 0.00274, Valid Loss: 0.00316, EPS: 0.928
Epoch: 8, Train Loss: 0.00273, Valid Loss: 0.00316, EPS: 0.919
Epoch: 9, Train Loss: 0.00272, Valid Loss: 0.00315, EPS: 0.91
Epoch: 10, Train Loss: 0.00270, Valid Loss: 0.00315, EPS: 0.901
Epoch: 11, Train Loss: 0.00269, Valid Loss: 0.00313, EPS: 0.892
Epoch: 12, Train Loss: 0.00269, Valid Loss: 0.00314, EPS: 0.883
Epoch: 13, Train Loss: 0.00268, Valid Loss: 0.00312, EPS: 0.874
Epoch: 14, Train Loss: 0.00267, Valid Loss: 0.00311, EPS: 0.865
Epoch: 15, Train Loss: 0.00266, Valid Loss: 0.00314, EPS: 0.856
Epoch: 16, Train Loss: 0.00265, Valid Loss: 0.00310, EPS: 0.847
Epoch: 17, Train Loss: 0.00263, Valid Loss: 0.00311, EPS: 0.8380000000000001
Epoch: 18, Train Loss: 0.00264, Valid Loss: 0.00312, EPS: 0.8290000000000001
Epoch: 19, Train Loss: 0.00264, Valid Loss: 0.00312, EPS: 0.8200000000000001
Epoch: 20, Train Loss: 0.00263, Valid Loss: 0.00311, EPS: 0.811
Epoch: 21, Train Loss: 0.00261, Valid Loss: 0.00309, EPS: 0.802
Epoch: 22, Train Loss: 0.00262, Valid Loss: 0.00311, EPS: 0.793
Epoch: 23, Train Loss: 0.00261, Valid Loss: 0.00310, EPS: 0.784
Epoch: 24, Train Loss: 0.00261, Valid Loss: 0.00309, EPS: 0.775
Epoch: 25, Train Loss: 0.00260, Valid Loss: 0.00309, EPS: 0.766
Epoch: 26, Train Loss: 0.00259, Valid Loss: 0.00306, EPS: 0.757
Epoch: 27, Train Loss: 0.00258, Valid Loss: 0.00311, EPS: 0.748
Epoch: 28, Train Loss: 0.00258, Valid Loss: 0.00307, EPS: 0.739
Epoch: 29, Train Loss: 0.00258, Valid Loss: 0.00309, EPS: 0.73
Epoch: 30, Train Loss: 0.00258, Valid Loss: 0.00307, EPS: 0.721
Epoch: 31, Train Loss: 0.00259, Valid Loss: 0.00308, EPS: 0.712
Epoch: 32, Train Loss: 0.00257, Valid Loss: 0.00308, EPS: 0.703
Epoch: 33, Train Loss: 0.00257, Valid Loss: 0.00306, EPS: 0.694
Epoch: 34, Train Loss: 0.00257, Valid Loss: 0.00307, EPS: 0.685
Epoch: 35, Train Loss: 0.00257, Valid Loss: 0.00306, EPS: 0.676
Epoch: 36, Train Loss: 0.00256, Valid Loss: 0.00306, EPS: 0.667
Epoch: 37, Train Loss: 0.00255, Valid Loss: 0.00309, EPS: 0.658
Epoch: 38, Train Loss: 0.00257, Valid Loss: 0.00306, EPS: 0.649
Epoch: 39, Train Loss: 0.00256, Valid Loss: 0.00308, EPS: 0.64
Epoch: 40, Train Loss: 0.00255, Valid Loss: 0.00307, EPS: 0.6310000000000001
Epoch: 41, Train Loss: 0.00255, Valid Loss: 0.00307, EPS: 0.6220000000000001
Epoch: 42, Train Loss: 0.00255, Valid Loss: 0.00308, EPS: 0.6130000000000001
Epoch: 43, Train Loss: 0.00256, Valid Loss: 0.00307, EPS: 0.6040000000000001
Epoch: 44, Train Loss: 0.00255, Valid Loss: 0.00307, EPS: 0.5950000000000001
Epoch: 45, Train Loss: 0.00235, Valid Loss: 0.00298, EPS: 0.5860000000000001
Epoch: 46, Train Loss: 0.00226, Valid Loss: 0.00294, EPS: 0.5770000000000001
Epoch: 47, Train Loss: 0.00220, Valid Loss: 0.00291, EPS: 0.5680000000000001
Epoch: 48, Train Loss: 0.00217, Valid Loss: 0.00290, EPS: 0.559
Epoch: 49, Train Loss: 0.00216, Valid Loss: 0.00289, EPS: 0.55
Epoch: 50, Train Loss: 0.00215, Valid Loss: 0.00288, EPS: 0.541
Epoch: 51, Train Loss: 0.00213, Valid Loss: 0.00288, EPS: 0.532
Epoch: 52, Train Loss: 0.00213, Valid Loss: 0.00288, EPS: 0.523
Epoch: 53, Train Loss: 0.00212, Valid Loss: 0.00287, EPS: 0.514
Epoch: 54, Train Loss: 0.00211, Valid Loss: 0.00287, EPS: 0.505
Epoch: 55, Train Loss: 0.00210, Valid Loss: 0.00286, EPS: 0.496
Epoch: 56, Train Loss: 0.00210, Valid Loss: 0.00287, EPS: 0.4870000000000001
Epoch: 57, Train Loss: 0.00209, Valid Loss: 0.00288, EPS: 0.4780000000000001
Epoch: 58, Train Loss: 0.00208, Valid Loss: 0.00286, EPS: 0.4690000000000001
Epoch: 59, Train Loss: 0.00208, Valid Loss: 0.00286, EPS: 0.4600000000000001
Epoch: 60, Train Loss: 0.00207, Valid Loss: 0.00286, EPS: 0.45100000000000007
Epoch: 61, Train Loss: 0.00205, Valid Loss: 0.00286, EPS: 0.44200000000000006
Epoch: 62, Train Loss: 0.00202, Valid Loss: 0.00286, EPS: 0.43300000000000005
Epoch: 63, Train Loss: 0.00200, Valid Loss: 0.00285, EPS: 0.42400000000000004
Epoch: 64, Train Loss: 0.00198, Valid Loss: 0.00285, EPS: 0.41500000000000004
Epoch: 65, Train Loss: 0.00197, Valid Loss: 0.00285, EPS: 0.406
Epoch: 66, Train Loss: 0.00197, Valid Loss: 0.00287, EPS: 0.397
Epoch: 67, Train Loss: 0.00197, Valid Loss: 0.00287, EPS: 0.388
Epoch: 68, Train Loss: 0.00196, Valid Loss: 0.00287, EPS: 0.3790000000000001
Epoch: 69, Train Loss: 0.00196, Valid Loss: 0.00288, EPS: 0.3700000000000001
Epoch: 70, Train Loss: 0.00196, Valid Loss: 0.00288, EPS: 0.3610000000000001
Epoch: 71, Train Loss: 0.00196, Valid Loss: 0.00288, EPS: 0.3520000000000001
Epoch: 72, Train Loss: 0.00195, Valid Loss: 0.00288, EPS: 0.343
Epoch: 73, Train Loss: 0.00195, Valid Loss: 0.00288, EPS: 0.334
Epoch: 74, Train Loss: 0.00195, Valid Loss: 0.00288, EPS: 0.325
Epoch: 75, Train Loss: 0.00195, Valid Loss: 0.00289, EPS: 0.316
Epoch: 76, Train Loss: 0.00194, Valid Loss: 0.00290, EPS: 0.307
Epoch: 77, Train Loss: 0.00189, Valid Loss: 0.00287, EPS: 0.298
Epoch: 78, Train Loss: 0.00187, Valid Loss: 0.00287, EPS: 0.289
Epoch: 79, Train Loss: 0.00186, Valid Loss: 0.00288, EPS: 0.27999999999999997
Epoch: 80, Train Loss: 0.00185, Valid Loss: 0.00287, EPS: 0.27099999999999996
Epoch: 81, Train Loss: 0.00185, Valid Loss: 0.00287, EPS: 0.26200000000000007
Epoch: 82, Train Loss: 0.00185, Valid Loss: 0.00287, EPS: 0.25300000000000006
Epoch: 83, Train Loss: 0.00184, Valid Loss: 0.00286, EPS: 0.24400000000000005
Epoch: 84, Train Loss: 0.00185, Valid Loss: 0.00288, EPS: 0.23500000000000004
Epoch: 85, Train Loss: 0.00185, Valid Loss: 0.00287, EPS: 0.22600000000000003
Epoch: 86, Train Loss: 0.00184, Valid Loss: 0.00287, EPS: 0.21700000000000003
Epoch: 87, Train Loss: 0.00184, Valid Loss: 0.00287, EPS: 0.20800000000000002
Epoch: 88, Train Loss: 0.00184, Valid Loss: 0.00287, EPS: 0.199
Epoch: 89, Train Loss: 0.00183, Valid Loss: 0.00288, EPS: 0.19
Epoch: 90, Train Loss: 0.00184, Valid Loss: 0.00288, EPS: 0.181
Epoch: 91, Train Loss: 0.00183, Valid Loss: 0.00287, EPS: 0.172
Epoch: 92, Train Loss: 0.00183, Valid Loss: 0.00287, EPS: 0.16299999999999998
Epoch: 93, Train Loss: 0.00183, Valid Loss: 0.00287, EPS: 0.15400000000000005
Epoch: 94, Train Loss: 0.00184, Valid Loss: 0.00287, EPS: 0.14500000000000005
Epoch: 95, Train Loss: 0.00184, Valid Loss: 0.00288, EPS: 0.13600000000000004
Epoch: 96, Train Loss: 0.00184, Valid Loss: 0.00287, EPS: 0.12700000000000003
Epoch: 97, Train Loss: 0.00183, Valid Loss: 0.00287, EPS: 0.11800000000000002
Epoch: 98, Train Loss: 0.00183, Valid Loss: 0.00288, EPS: 0.10900000000000001
Epoch: 99, Train Loss: 0.00183, Valid Loss: 0.00287, EPS: 0.1
Test Loss: 0.00287
Test Loss: 0.00286
Running context window: 5 with stride: 10 with seed: 0
Shape: (5, 144, 72)
Epoch: 0, Train Loss: 0.00664, Valid Loss: 0.00513, EPS: 0.991
Epoch: 1, Train Loss: 0.00449, Valid Loss: 0.00427, EPS: 0.982
Epoch: 2, Train Loss: 0.00385, Valid Loss: 0.00397, EPS: 0.973
Epoch: 3, Train Loss: 0.00338, Valid Loss: 0.00374, EPS: 0.964
Epoch: 4, Train Loss: 0.00304, Valid Loss: 0.00355, EPS: 0.955
Epoch: 5, Train Loss: 0.00281, Valid Loss: 0.00346, EPS: 0.946
Epoch: 6, Train Loss: 0.00265, Valid Loss: 0.00340, EPS: 0.9369999999999999
Epoch: 7, Train Loss: 0.00253, Valid Loss: 0.00336, EPS: 0.928
Epoch: 8, Train Loss: 0.00243, Valid Loss: 0.00332, EPS: 0.919
Epoch: 9, Train Loss: 0.00237, Valid Loss: 0.00329, EPS: 0.91
Epoch: 10, Train Loss: 0.00234, Valid Loss: 0.00326, EPS: 0.901
Epoch: 11, Train Loss: 0.00229, Valid Loss: 0.00324, EPS: 0.892
Epoch: 12, Train Loss: 0.00226, Valid Loss: 0.00323, EPS: 0.883
Epoch: 13, Train Loss: 0.00222, Valid Loss: 0.00323, EPS: 0.874
Epoch: 14, Train Loss: 0.00220, Valid Loss: 0.00318, EPS: 0.865
Epoch: 15, Train Loss: 0.00219, Valid Loss: 0.00322, EPS: 0.856
Epoch: 16, Train Loss: 0.00219, Valid Loss: 0.00323, EPS: 0.847
Epoch: 17, Train Loss: 0.00216, Valid Loss: 0.00322, EPS: 0.8380000000000001
Epoch: 18, Train Loss: 0.00215, Valid Loss: 0.00319, EPS: 0.8290000000000001
Epoch: 19, Train Loss: 0.00215, Valid Loss: 0.00321, EPS: 0.8200000000000001
Epoch: 20, Train Loss: 0.00216, Valid Loss: 0.00320, EPS: 0.811
Epoch: 21, Train Loss: 0.00216, Valid Loss: 0.00321, EPS: 0.802
Epoch: 22, Train Loss: 0.00211, Valid Loss: 0.00319, EPS: 0.793
Epoch: 23, Train Loss: 0.00212, Valid Loss: 0.00322, EPS: 0.784
Epoch: 24, Train Loss: 0.00212, Valid Loss: 0.00319, EPS: 0.775
Epoch: 25, Train Loss: 0.00212, Valid Loss: 0.00319, EPS: 0.766
Epoch: 26, Train Loss: 0.00195, Valid Loss: 0.00315, EPS: 0.757
Epoch: 27, Train Loss: 0.00188, Valid Loss: 0.00309, EPS: 0.748
Epoch: 28, Train Loss: 0.00182, Valid Loss: 0.00307, EPS: 0.739
Epoch: 29, Train Loss: 0.00178, Valid Loss: 0.00305, EPS: 0.73
Epoch: 30, Train Loss: 0.00175, Valid Loss: 0.00305, EPS: 0.721
Epoch: 31, Train Loss: 0.00173, Valid Loss: 0.00304, EPS: 0.712
Epoch: 32, Train Loss: 0.00170, Valid Loss: 0.00303, EPS: 0.703
Epoch: 33, Train Loss: 0.00169, Valid Loss: 0.00302, EPS: 0.694
Epoch: 34, Train Loss: 0.00169, Valid Loss: 0.00302, EPS: 0.685
Epoch: 35, Train Loss: 0.00167, Valid Loss: 0.00303, EPS: 0.676
Epoch: 36, Train Loss: 0.00166, Valid Loss: 0.00302, EPS: 0.667
Epoch: 37, Train Loss: 0.00166, Valid Loss: 0.00301, EPS: 0.658
Epoch: 38, Train Loss: 0.00165, Valid Loss: 0.00302, EPS: 0.649
Epoch: 39, Train Loss: 0.00163, Valid Loss: 0.00303, EPS: 0.64
Epoch: 40, Train Loss: 0.00163, Valid Loss: 0.00302, EPS: 0.6310000000000001
Epoch: 41, Train Loss: 0.00161, Valid Loss: 0.00303, EPS: 0.6220000000000001
Epoch: 42, Train Loss: 0.00160, Valid Loss: 0.00302, EPS: 0.6130000000000001
Epoch: 43, Train Loss: 0.00159, Valid Loss: 0.00302, EPS: 0.6040000000000001
Epoch: 44, Train Loss: 0.00159, Valid Loss: 0.00302, EPS: 0.5950000000000001
Epoch: 45, Train Loss: 0.00156, Valid Loss: 0.00303, EPS: 0.5860000000000001
Epoch: 46, Train Loss: 0.00155, Valid Loss: 0.00304, EPS: 0.5770000000000001
Epoch: 47, Train Loss: 0.00153, Valid Loss: 0.00304, EPS: 0.5680000000000001
Epoch: 48, Train Loss: 0.00153, Valid Loss: 0.00305, EPS: 0.559
Epoch: 49, Train Loss: 0.00149, Valid Loss: 0.00304, EPS: 0.55
Epoch: 50, Train Loss: 0.00147, Valid Loss: 0.00304, EPS: 0.541
Epoch: 51, Train Loss: 0.00148, Valid Loss: 0.00303, EPS: 0.532
Epoch: 52, Train Loss: 0.00146, Valid Loss: 0.00303, EPS: 0.523
Epoch: 53, Train Loss: 0.00146, Valid Loss: 0.00304, EPS: 0.514
Epoch: 54, Train Loss: 0.00147, Valid Loss: 0.00303, EPS: 0.505
Epoch: 55, Train Loss: 0.00146, Valid Loss: 0.00303, EPS: 0.496
Epoch: 56, Train Loss: 0.00146, Valid Loss: 0.00304, EPS: 0.4870000000000001
Epoch: 57, Train Loss: 0.00145, Valid Loss: 0.00303, EPS: 0.4780000000000001
Epoch: 58, Train Loss: 0.00145, Valid Loss: 0.00303, EPS: 0.4690000000000001
Epoch: 59, Train Loss: 0.00145, Valid Loss: 0.00303, EPS: 0.4600000000000001
Epoch: 60, Train Loss: 0.00144, Valid Loss: 0.00303, EPS: 0.45100000000000007
Epoch: 61, Train Loss: 0.00144, Valid Loss: 0.00305, EPS: 0.44200000000000006
Epoch: 62, Train Loss: 0.00144, Valid Loss: 0.00304, EPS: 0.43300000000000005
Epoch: 63, Train Loss: 0.00144, Valid Loss: 0.00304, EPS: 0.42400000000000004
Epoch: 64, Train Loss: 0.00144, Valid Loss: 0.00304, EPS: 0.41500000000000004
Epoch: 65, Train Loss: 0.00144, Valid Loss: 0.00303, EPS: 0.406
Epoch: 66, Train Loss: 0.00143, Valid Loss: 0.00304, EPS: 0.397
Epoch: 67, Train Loss: 0.00143, Valid Loss: 0.00305, EPS: 0.388
Epoch: 68, Train Loss: 0.00144, Valid Loss: 0.00304, EPS: 0.3790000000000001
Epoch: 69, Train Loss: 0.00143, Valid Loss: 0.00304, EPS: 0.3700000000000001
Epoch: 70, Train Loss: 0.00143, Valid Loss: 0.00303, EPS: 0.3610000000000001
Epoch: 71, Train Loss: 0.00144, Valid Loss: 0.00303, EPS: 0.3520000000000001
Epoch: 72, Train Loss: 0.00144, Valid Loss: 0.00304, EPS: 0.343
Epoch: 73, Train Loss: 0.00144, Valid Loss: 0.00305, EPS: 0.334
Epoch: 74, Train Loss: 0.00143, Valid Loss: 0.00304, EPS: 0.325
Epoch: 75, Train Loss: 0.00143, Valid Loss: 0.00303, EPS: 0.316
Epoch: 76, Train Loss: 0.00144, Valid Loss: 0.00304, EPS: 0.307
Epoch: 77, Train Loss: 0.00144, Valid Loss: 0.00303, EPS: 0.298
Epoch: 78, Train Loss: 0.00144, Valid Loss: 0.00303, EPS: 0.289
Epoch: 79, Train Loss: 0.00144, Valid Loss: 0.00304, EPS: 0.27999999999999997
Epoch: 80, Train Loss: 0.00143, Valid Loss: 0.00305, EPS: 0.27099999999999996
Epoch: 81, Train Loss: 0.00143, Valid Loss: 0.00304, EPS: 0.26200000000000007
Epoch: 82, Train Loss: 0.00143, Valid Loss: 0.00304, EPS: 0.25300000000000006
Epoch: 83, Train Loss: 0.00143, Valid Loss: 0.00303, EPS: 0.24400000000000005
Epoch: 84, Train Loss: 0.00144, Valid Loss: 0.00304, EPS: 0.23500000000000004
Epoch: 85, Train Loss: 0.00144, Valid Loss: 0.00303, EPS: 0.22600000000000003
Epoch: 86, Train Loss: 0.00144, Valid Loss: 0.00305, EPS: 0.21700000000000003
Epoch: 87, Train Loss: 0.00143, Valid Loss: 0.00305, EPS: 0.20800000000000002
Epoch: 88, Train Loss: 0.00143, Valid Loss: 0.00304, EPS: 0.199
Epoch: 89, Train Loss: 0.00144, Valid Loss: 0.00304, EPS: 0.19
Epoch: 90, Train Loss: 0.00143, Valid Loss: 0.00304, EPS: 0.181
Epoch: 91, Train Loss: 0.00144, Valid Loss: 0.00304, EPS: 0.172
Epoch: 92, Train Loss: 0.00144, Valid Loss: 0.00304, EPS: 0.16299999999999998
Epoch: 93, Train Loss: 0.00143, Valid Loss: 0.00304, EPS: 0.15400000000000005
Epoch: 94, Train Loss: 0.00143, Valid Loss: 0.00304, EPS: 0.14500000000000005
Epoch: 95, Train Loss: 0.00144, Valid Loss: 0.00304, EPS: 0.13600000000000004
Epoch: 96, Train Loss: 0.00143, Valid Loss: 0.00304, EPS: 0.12700000000000003
Epoch: 97, Train Loss: 0.00144, Valid Loss: 0.00304, EPS: 0.11800000000000002
Epoch: 98, Train Loss: 0.00143, Valid Loss: 0.00304, EPS: 0.10900000000000001
Epoch: 99, Train Loss: 0.00143, Valid Loss: 0.00305, EPS: 0.1
Test Loss: 0.00305
Test Loss: 0.00303
Running context window: 5 with stride: 20 with seed: 0
Shape: (5, 144, 72)
Epoch: 0, Train Loss: 0.00754, Valid Loss: 0.00503, EPS: 0.991
Epoch: 1, Train Loss: 0.00503, Valid Loss: 0.00485, EPS: 0.982
Epoch: 2, Train Loss: 0.00442, Valid Loss: 0.00439, EPS: 0.973
Epoch: 3, Train Loss: 0.00372, Valid Loss: 0.00425, EPS: 0.964
Epoch: 4, Train Loss: 0.00338, Valid Loss: 0.00412, EPS: 0.955
Epoch: 5, Train Loss: 0.00313, Valid Loss: 0.00397, EPS: 0.946
Epoch: 6, Train Loss: 0.00281, Valid Loss: 0.00385, EPS: 0.9369999999999999
Epoch: 7, Train Loss: 0.00266, Valid Loss: 0.00379, EPS: 0.928
Epoch: 8, Train Loss: 0.00250, Valid Loss: 0.00372, EPS: 0.919
Epoch: 9, Train Loss: 0.00237, Valid Loss: 0.00371, EPS: 0.91
Epoch: 10, Train Loss: 0.00221, Valid Loss: 0.00371, EPS: 0.901
Epoch: 11, Train Loss: 0.00213, Valid Loss: 0.00367, EPS: 0.892
Epoch: 12, Train Loss: 0.00203, Valid Loss: 0.00365, EPS: 0.883
Epoch: 13, Train Loss: 0.00203, Valid Loss: 0.00362, EPS: 0.874
Epoch: 14, Train Loss: 0.00189, Valid Loss: 0.00361, EPS: 0.865
Epoch: 15, Train Loss: 0.00197, Valid Loss: 0.00360, EPS: 0.856
Epoch: 16, Train Loss: 0.00187, Valid Loss: 0.00359, EPS: 0.847
Epoch: 17, Train Loss: 0.00186, Valid Loss: 0.00360, EPS: 0.8380000000000001
Epoch: 18, Train Loss: 0.00184, Valid Loss: 0.00359, EPS: 0.8290000000000001
Epoch: 19, Train Loss: 0.00181, Valid Loss: 0.00361, EPS: 0.8200000000000001
Epoch: 20, Train Loss: 0.00177, Valid Loss: 0.00360, EPS: 0.811
Epoch: 21, Train Loss: 0.00177, Valid Loss: 0.00359, EPS: 0.802
Epoch: 22, Train Loss: 0.00176, Valid Loss: 0.00362, EPS: 0.793
Epoch: 23, Train Loss: 0.00182, Valid Loss: 0.00359, EPS: 0.784
Epoch: 24, Train Loss: 0.00177, Valid Loss: 0.00360, EPS: 0.775
Epoch: 25, Train Loss: 0.00174, Valid Loss: 0.00362, EPS: 0.766
Epoch: 26, Train Loss: 0.00178, Valid Loss: 0.00362, EPS: 0.757
Epoch: 27, Train Loss: 0.00173, Valid Loss: 0.00361, EPS: 0.748
Epoch: 28, Train Loss: 0.00167, Valid Loss: 0.00360, EPS: 0.739
Epoch: 29, Train Loss: 0.00157, Valid Loss: 0.00355, EPS: 0.73
Epoch: 30, Train Loss: 0.00156, Valid Loss: 0.00349, EPS: 0.721
Epoch: 31, Train Loss: 0.00144, Valid Loss: 0.00349, EPS: 0.712
Epoch: 32, Train Loss: 0.00140, Valid Loss: 0.00346, EPS: 0.703
Epoch: 33, Train Loss: 0.00142, Valid Loss: 0.00346, EPS: 0.694
Epoch: 34, Train Loss: 0.00134, Valid Loss: 0.00345, EPS: 0.685
Epoch: 35, Train Loss: 0.00133, Valid Loss: 0.00344, EPS: 0.676
Epoch: 36, Train Loss: 0.00132, Valid Loss: 0.00344, EPS: 0.667
Epoch: 37, Train Loss: 0.00127, Valid Loss: 0.00343, EPS: 0.658
Epoch: 38, Train Loss: 0.00129, Valid Loss: 0.00343, EPS: 0.649
Epoch: 39, Train Loss: 0.00125, Valid Loss: 0.00341, EPS: 0.64
Epoch: 40, Train Loss: 0.00123, Valid Loss: 0.00342, EPS: 0.6310000000000001
Epoch: 41, Train Loss: 0.00123, Valid Loss: 0.00342, EPS: 0.6220000000000001
Epoch: 42, Train Loss: 0.00119, Valid Loss: 0.00340, EPS: 0.6130000000000001
Epoch: 43, Train Loss: 0.00120, Valid Loss: 0.00341, EPS: 0.6040000000000001
Epoch: 44, Train Loss: 0.00119, Valid Loss: 0.00341, EPS: 0.5950000000000001
Epoch: 45, Train Loss: 0.00114, Valid Loss: 0.00342, EPS: 0.5860000000000001
Epoch: 46, Train Loss: 0.00114, Valid Loss: 0.00341, EPS: 0.5770000000000001
Epoch: 47, Train Loss: 0.00118, Valid Loss: 0.00342, EPS: 0.5680000000000001
Epoch: 48, Train Loss: 0.00113, Valid Loss: 0.00341, EPS: 0.559
Epoch: 49, Train Loss: 0.00114, Valid Loss: 0.00342, EPS: 0.55
Epoch: 50, Train Loss: 0.00111, Valid Loss: 0.00342, EPS: 0.541
Epoch: 51, Train Loss: 0.00114, Valid Loss: 0.00342, EPS: 0.532
Epoch: 52, Train Loss: 0.00110, Valid Loss: 0.00343, EPS: 0.523
Epoch: 53, Train Loss: 0.00111, Valid Loss: 0.00343, EPS: 0.514
Epoch: 54, Train Loss: 0.00112, Valid Loss: 0.00342, EPS: 0.505
Epoch: 55, Train Loss: 0.00114, Valid Loss: 0.00344, EPS: 0.496
Epoch: 56, Train Loss: 0.00110, Valid Loss: 0.00344, EPS: 0.4870000000000001
Epoch: 57, Train Loss: 0.00109, Valid Loss: 0.00344, EPS: 0.4780000000000001
Epoch: 58, Train Loss: 0.00112, Valid Loss: 0.00342, EPS: 0.4690000000000001
Epoch: 59, Train Loss: 0.00108, Valid Loss: 0.00341, EPS: 0.4600000000000001
Epoch: 60, Train Loss: 0.00112, Valid Loss: 0.00341, EPS: 0.45100000000000007
Epoch: 61, Train Loss: 0.00111, Valid Loss: 0.00342, EPS: 0.44200000000000006
Epoch: 62, Train Loss: 0.00113, Valid Loss: 0.00342, EPS: 0.43300000000000005
Epoch: 63, Train Loss: 0.00110, Valid Loss: 0.00341, EPS: 0.42400000000000004
Epoch: 64, Train Loss: 0.00109, Valid Loss: 0.00342, EPS: 0.41500000000000004
Epoch: 65, Train Loss: 0.00108, Valid Loss: 0.00342, EPS: 0.406
Epoch: 66, Train Loss: 0.00109, Valid Loss: 0.00341, EPS: 0.397
Epoch: 67, Train Loss: 0.00109, Valid Loss: 0.00343, EPS: 0.388
Epoch: 68, Train Loss: 0.00107, Valid Loss: 0.00342, EPS: 0.3790000000000001
Epoch: 69, Train Loss: 0.00109, Valid Loss: 0.00344, EPS: 0.3700000000000001
Epoch: 70, Train Loss: 0.00108, Valid Loss: 0.00342, EPS: 0.3610000000000001
Epoch: 71, Train Loss: 0.00109, Valid Loss: 0.00343, EPS: 0.3520000000000001
Epoch: 72, Train Loss: 0.00106, Valid Loss: 0.00341, EPS: 0.343
Epoch: 73, Train Loss: 0.00109, Valid Loss: 0.00342, EPS: 0.334
Epoch: 74, Train Loss: 0.00108, Valid Loss: 0.00343, EPS: 0.325
Epoch: 75, Train Loss: 0.00108, Valid Loss: 0.00343, EPS: 0.316
Epoch: 76, Train Loss: 0.00107, Valid Loss: 0.00342, EPS: 0.307
Epoch: 77, Train Loss: 0.00112, Valid Loss: 0.00341, EPS: 0.298
Epoch: 78, Train Loss: 0.00108, Valid Loss: 0.00343, EPS: 0.289
Epoch: 79, Train Loss: 0.00108, Valid Loss: 0.00341, EPS: 0.27999999999999997
Epoch: 80, Train Loss: 0.00109, Valid Loss: 0.00343, EPS: 0.27099999999999996
Epoch: 81, Train Loss: 0.00112, Valid Loss: 0.00342, EPS: 0.26200000000000007
Epoch: 82, Train Loss: 0.00110, Valid Loss: 0.00343, EPS: 0.25300000000000006
Epoch: 83, Train Loss: 0.00107, Valid Loss: 0.00342, EPS: 0.24400000000000005
Epoch: 84, Train Loss: 0.00109, Valid Loss: 0.00341, EPS: 0.23500000000000004
Epoch: 85, Train Loss: 0.00110, Valid Loss: 0.00343, EPS: 0.22600000000000003
Epoch: 86, Train Loss: 0.00110, Valid Loss: 0.00342, EPS: 0.21700000000000003
Epoch: 87, Train Loss: 0.00108, Valid Loss: 0.00343, EPS: 0.20800000000000002
Epoch: 88, Train Loss: 0.00107, Valid Loss: 0.00343, EPS: 0.199
Epoch: 89, Train Loss: 0.00109, Valid Loss: 0.00342, EPS: 0.19
Epoch: 90, Train Loss: 0.00111, Valid Loss: 0.00342, EPS: 0.181
Epoch: 91, Train Loss: 0.00109, Valid Loss: 0.00343, EPS: 0.172
Epoch: 92, Train Loss: 0.00111, Valid Loss: 0.00341, EPS: 0.16299999999999998
Epoch: 93, Train Loss: 0.00110, Valid Loss: 0.00340, EPS: 0.15400000000000005
Epoch: 94, Train Loss: 0.00108, Valid Loss: 0.00342, EPS: 0.14500000000000005
Epoch: 95, Train Loss: 0.00109, Valid Loss: 0.00342, EPS: 0.13600000000000004
Epoch: 96, Train Loss: 0.00111, Valid Loss: 0.00343, EPS: 0.12700000000000003
Epoch: 97, Train Loss: 0.00110, Valid Loss: 0.00343, EPS: 0.11800000000000002
Epoch: 98, Train Loss: 0.00107, Valid Loss: 0.00343, EPS: 0.10900000000000001
Epoch: 99, Train Loss: 0.00109, Valid Loss: 0.00341, EPS: 0.1
Test Loss: 0.00343
Test Loss: 0.00330
Running context window: 5 with stride: 5 with seed: 42
Shape: (5, 144, 72)
Epoch: 0, Train Loss: 0.00564, Valid Loss: 0.00434, EPS: 0.991
Epoch: 1, Train Loss: 0.00386, Valid Loss: 0.00377, EPS: 0.982
Epoch: 2, Train Loss: 0.00332, Valid Loss: 0.00346, EPS: 0.973
Epoch: 3, Train Loss: 0.00304, Valid Loss: 0.00331, EPS: 0.964
Epoch: 4, Train Loss: 0.00290, Valid Loss: 0.00322, EPS: 0.955
Epoch: 5, Train Loss: 0.00281, Valid Loss: 0.00319, EPS: 0.946
Epoch: 6, Train Loss: 0.00278, Valid Loss: 0.00319, EPS: 0.9369999999999999
Epoch: 7, Train Loss: 0.00274, Valid Loss: 0.00315, EPS: 0.928
Epoch: 8, Train Loss: 0.00272, Valid Loss: 0.00316, EPS: 0.919
Epoch: 9, Train Loss: 0.00273, Valid Loss: 0.00316, EPS: 0.91
Epoch: 10, Train Loss: 0.00270, Valid Loss: 0.00311, EPS: 0.901
Epoch: 11, Train Loss: 0.00268, Valid Loss: 0.00311, EPS: 0.892
Epoch: 12, Train Loss: 0.00268, Valid Loss: 0.00313, EPS: 0.883
Epoch: 13, Train Loss: 0.00265, Valid Loss: 0.00310, EPS: 0.874
Epoch: 14, Train Loss: 0.00266, Valid Loss: 0.00312, EPS: 0.865
Epoch: 15, Train Loss: 0.00266, Valid Loss: 0.00313, EPS: 0.856
Epoch: 16, Train Loss: 0.00265, Valid Loss: 0.00311, EPS: 0.847
Epoch: 17, Train Loss: 0.00265, Valid Loss: 0.00310, EPS: 0.8380000000000001
Epoch: 18, Train Loss: 0.00264, Valid Loss: 0.00310, EPS: 0.8290000000000001
Epoch: 19, Train Loss: 0.00262, Valid Loss: 0.00307, EPS: 0.8200000000000001
Epoch: 20, Train Loss: 0.00261, Valid Loss: 0.00309, EPS: 0.811
Epoch: 21, Train Loss: 0.00259, Valid Loss: 0.00307, EPS: 0.802
Epoch: 22, Train Loss: 0.00259, Valid Loss: 0.00308, EPS: 0.793
Epoch: 23, Train Loss: 0.00260, Valid Loss: 0.00310, EPS: 0.784
Epoch: 24, Train Loss: 0.00260, Valid Loss: 0.00310, EPS: 0.775
Epoch: 25, Train Loss: 0.00260, Valid Loss: 0.00309, EPS: 0.766
Epoch: 26, Train Loss: 0.00260, Valid Loss: 0.00309, EPS: 0.757
Epoch: 27, Train Loss: 0.00258, Valid Loss: 0.00309, EPS: 0.748
Epoch: 28, Train Loss: 0.00259, Valid Loss: 0.00310, EPS: 0.739
Epoch: 29, Train Loss: 0.00259, Valid Loss: 0.00307, EPS: 0.73
Epoch: 30, Train Loss: 0.00258, Valid Loss: 0.00308, EPS: 0.721
Epoch: 31, Train Loss: 0.00237, Valid Loss: 0.00298, EPS: 0.712
Epoch: 32, Train Loss: 0.00227, Valid Loss: 0.00294, EPS: 0.703
Epoch: 33, Train Loss: 0.00222, Valid Loss: 0.00291, EPS: 0.694
Epoch: 34, Train Loss: 0.00218, Valid Loss: 0.00290, EPS: 0.685
Epoch: 35, Train Loss: 0.00216, Valid Loss: 0.00289, EPS: 0.676
Epoch: 36, Train Loss: 0.00215, Valid Loss: 0.00289, EPS: 0.667
Epoch: 37, Train Loss: 0.00214, Valid Loss: 0.00287, EPS: 0.658
Epoch: 38, Train Loss: 0.00213, Valid Loss: 0.00287, EPS: 0.649
Epoch: 39, Train Loss: 0.00212, Valid Loss: 0.00287, EPS: 0.64
Epoch: 40, Train Loss: 0.00211, Valid Loss: 0.00287, EPS: 0.6310000000000001
Epoch: 41, Train Loss: 0.00210, Valid Loss: 0.00287, EPS: 0.6220000000000001
Epoch: 42, Train Loss: 0.00210, Valid Loss: 0.00286, EPS: 0.6130000000000001
Epoch: 43, Train Loss: 0.00209, Valid Loss: 0.00286, EPS: 0.6040000000000001
Epoch: 44, Train Loss: 0.00208, Valid Loss: 0.00286, EPS: 0.5950000000000001
Epoch: 45, Train Loss: 0.00207, Valid Loss: 0.00286, EPS: 0.5860000000000001
Epoch: 46, Train Loss: 0.00206, Valid Loss: 0.00285, EPS: 0.5770000000000001
Epoch: 47, Train Loss: 0.00204, Valid Loss: 0.00285, EPS: 0.5680000000000001
Epoch: 48, Train Loss: 0.00201, Valid Loss: 0.00285, EPS: 0.559
Epoch: 49, Train Loss: 0.00199, Valid Loss: 0.00286, EPS: 0.55
Epoch: 50, Train Loss: 0.00198, Valid Loss: 0.00285, EPS: 0.541
Epoch: 51, Train Loss: 0.00197, Valid Loss: 0.00285, EPS: 0.532
Epoch: 52, Train Loss: 0.00196, Valid Loss: 0.00284, EPS: 0.523
Epoch: 53, Train Loss: 0.00195, Valid Loss: 0.00286, EPS: 0.514
Epoch: 54, Train Loss: 0.00195, Valid Loss: 0.00288, EPS: 0.505
Epoch: 55, Train Loss: 0.00194, Valid Loss: 0.00285, EPS: 0.496
Epoch: 56, Train Loss: 0.00193, Valid Loss: 0.00286, EPS: 0.4870000000000001
Epoch: 57, Train Loss: 0.00193, Valid Loss: 0.00288, EPS: 0.4780000000000001
Epoch: 58, Train Loss: 0.00193, Valid Loss: 0.00287, EPS: 0.4690000000000001
Epoch: 59, Train Loss: 0.00193, Valid Loss: 0.00287, EPS: 0.4600000000000001
Epoch: 60, Train Loss: 0.00192, Valid Loss: 0.00286, EPS: 0.45100000000000007
Epoch: 61, Train Loss: 0.00191, Valid Loss: 0.00286, EPS: 0.44200000000000006
Epoch: 62, Train Loss: 0.00191, Valid Loss: 0.00287, EPS: 0.43300000000000005
Epoch: 63, Train Loss: 0.00190, Valid Loss: 0.00288, EPS: 0.42400000000000004
Epoch: 64, Train Loss: 0.00185, Valid Loss: 0.00285, EPS: 0.41500000000000004
Epoch: 65, Train Loss: 0.00183, Valid Loss: 0.00284, EPS: 0.406
Epoch: 66, Train Loss: 0.00182, Valid Loss: 0.00284, EPS: 0.397
Epoch: 67, Train Loss: 0.00181, Valid Loss: 0.00285, EPS: 0.388
Epoch: 68, Train Loss: 0.00181, Valid Loss: 0.00284, EPS: 0.3790000000000001
Epoch: 69, Train Loss: 0.00181, Valid Loss: 0.00285, EPS: 0.3700000000000001
Epoch: 70, Train Loss: 0.00181, Valid Loss: 0.00285, EPS: 0.3610000000000001
Epoch: 71, Train Loss: 0.00181, Valid Loss: 0.00285, EPS: 0.3520000000000001
Epoch: 72, Train Loss: 0.00180, Valid Loss: 0.00284, EPS: 0.343
Epoch: 73, Train Loss: 0.00180, Valid Loss: 0.00284, EPS: 0.334
Epoch: 74, Train Loss: 0.00180, Valid Loss: 0.00284, EPS: 0.325
Epoch: 75, Train Loss: 0.00180, Valid Loss: 0.00285, EPS: 0.316
Epoch: 76, Train Loss: 0.00180, Valid Loss: 0.00284, EPS: 0.307
Epoch: 77, Train Loss: 0.00180, Valid Loss: 0.00284, EPS: 0.298
Epoch: 78, Train Loss: 0.00180, Valid Loss: 0.00285, EPS: 0.289
Epoch: 79, Train Loss: 0.00180, Valid Loss: 0.00284, EPS: 0.27999999999999997
Epoch: 80, Train Loss: 0.00179, Valid Loss: 0.00284, EPS: 0.27099999999999996
Epoch: 81, Train Loss: 0.00179, Valid Loss: 0.00285, EPS: 0.26200000000000007
Epoch: 82, Train Loss: 0.00179, Valid Loss: 0.00284, EPS: 0.25300000000000006
Epoch: 83, Train Loss: 0.00179, Valid Loss: 0.00285, EPS: 0.24400000000000005
Epoch: 84, Train Loss: 0.00179, Valid Loss: 0.00284, EPS: 0.23500000000000004
Epoch: 85, Train Loss: 0.00179, Valid Loss: 0.00284, EPS: 0.22600000000000003
Epoch: 86, Train Loss: 0.00179, Valid Loss: 0.00285, EPS: 0.21700000000000003
Epoch: 87, Train Loss: 0.00179, Valid Loss: 0.00285, EPS: 0.20800000000000002
Epoch: 88, Train Loss: 0.00179, Valid Loss: 0.00285, EPS: 0.199
Epoch: 89, Train Loss: 0.00179, Valid Loss: 0.00284, EPS: 0.19
Epoch: 90, Train Loss: 0.00179, Valid Loss: 0.00284, EPS: 0.181
Epoch: 91, Train Loss: 0.00179, Valid Loss: 0.00284, EPS: 0.172
Epoch: 92, Train Loss: 0.00179, Valid Loss: 0.00285, EPS: 0.16299999999999998
Epoch: 93, Train Loss: 0.00179, Valid Loss: 0.00285, EPS: 0.15400000000000005
Epoch: 94, Train Loss: 0.00179, Valid Loss: 0.00285, EPS: 0.14500000000000005
Epoch: 95, Train Loss: 0.00179, Valid Loss: 0.00285, EPS: 0.13600000000000004
Epoch: 96, Train Loss: 0.00179, Valid Loss: 0.00285, EPS: 0.12700000000000003
Epoch: 97, Train Loss: 0.00179, Valid Loss: 0.00284, EPS: 0.11800000000000002
Epoch: 98, Train Loss: 0.00179, Valid Loss: 0.00284, EPS: 0.10900000000000001
Epoch: 99, Train Loss: 0.00179, Valid Loss: 0.00284, EPS: 0.1
Test Loss: 0.00284
Test Loss: 0.00285
Running context window: 5 with stride: 10 with seed: 42
Shape: (5, 144, 72)
Epoch: 0, Train Loss: 0.00669, Valid Loss: 0.00502, EPS: 0.991
Epoch: 1, Train Loss: 0.00457, Valid Loss: 0.00426, EPS: 0.982
Epoch: 2, Train Loss: 0.00383, Valid Loss: 0.00395, EPS: 0.973
Epoch: 3, Train Loss: 0.00337, Valid Loss: 0.00370, EPS: 0.964
Epoch: 4, Train Loss: 0.00304, Valid Loss: 0.00355, EPS: 0.955
Epoch: 5, Train Loss: 0.00278, Valid Loss: 0.00346, EPS: 0.946
Epoch: 6, Train Loss: 0.00263, Valid Loss: 0.00336, EPS: 0.9369999999999999
Epoch: 7, Train Loss: 0.00251, Valid Loss: 0.00333, EPS: 0.928
Epoch: 8, Train Loss: 0.00245, Valid Loss: 0.00330, EPS: 0.919
Epoch: 9, Train Loss: 0.00239, Valid Loss: 0.00327, EPS: 0.91
Epoch: 10, Train Loss: 0.00234, Valid Loss: 0.00325, EPS: 0.901
Epoch: 11, Train Loss: 0.00227, Valid Loss: 0.00326, EPS: 0.892
Epoch: 12, Train Loss: 0.00226, Valid Loss: 0.00322, EPS: 0.883
Epoch: 13, Train Loss: 0.00224, Valid Loss: 0.00323, EPS: 0.874
Epoch: 14, Train Loss: 0.00219, Valid Loss: 0.00322, EPS: 0.865
Epoch: 15, Train Loss: 0.00219, Valid Loss: 0.00321, EPS: 0.856
Epoch: 16, Train Loss: 0.00219, Valid Loss: 0.00324, EPS: 0.847
Epoch: 17, Train Loss: 0.00217, Valid Loss: 0.00323, EPS: 0.8380000000000001
Epoch: 18, Train Loss: 0.00216, Valid Loss: 0.00321, EPS: 0.8290000000000001
Epoch: 19, Train Loss: 0.00216, Valid Loss: 0.00321, EPS: 0.8200000000000001
Epoch: 20, Train Loss: 0.00214, Valid Loss: 0.00321, EPS: 0.811
Epoch: 21, Train Loss: 0.00214, Valid Loss: 0.00322, EPS: 0.802
Epoch: 22, Train Loss: 0.00214, Valid Loss: 0.00320, EPS: 0.793
Epoch: 23, Train Loss: 0.00212, Valid Loss: 0.00319, EPS: 0.784
Epoch: 24, Train Loss: 0.00210, Valid Loss: 0.00317, EPS: 0.775
Epoch: 25, Train Loss: 0.00211, Valid Loss: 0.00321, EPS: 0.766
Epoch: 26, Train Loss: 0.00210, Valid Loss: 0.00319, EPS: 0.757
Epoch: 27, Train Loss: 0.00206, Valid Loss: 0.00319, EPS: 0.748
Epoch: 28, Train Loss: 0.00208, Valid Loss: 0.00318, EPS: 0.739
Epoch: 29, Train Loss: 0.00209, Valid Loss: 0.00320, EPS: 0.73
Epoch: 30, Train Loss: 0.00208, Valid Loss: 0.00317, EPS: 0.721
Epoch: 31, Train Loss: 0.00208, Valid Loss: 0.00319, EPS: 0.712
Epoch: 32, Train Loss: 0.00208, Valid Loss: 0.00318, EPS: 0.703
Epoch: 33, Train Loss: 0.00208, Valid Loss: 0.00321, EPS: 0.694
Epoch: 34, Train Loss: 0.00208, Valid Loss: 0.00318, EPS: 0.685
Epoch: 35, Train Loss: 0.00207, Valid Loss: 0.00319, EPS: 0.676
Epoch: 36, Train Loss: 0.00191, Valid Loss: 0.00313, EPS: 0.667
Epoch: 37, Train Loss: 0.00183, Valid Loss: 0.00308, EPS: 0.658
Epoch: 38, Train Loss: 0.00179, Valid Loss: 0.00306, EPS: 0.649
Epoch: 39, Train Loss: 0.00175, Valid Loss: 0.00305, EPS: 0.64
Epoch: 40, Train Loss: 0.00172, Valid Loss: 0.00303, EPS: 0.6310000000000001
Epoch: 41, Train Loss: 0.00170, Valid Loss: 0.00302, EPS: 0.6220000000000001
Epoch: 42, Train Loss: 0.00169, Valid Loss: 0.00303, EPS: 0.6130000000000001
Epoch: 43, Train Loss: 0.00167, Valid Loss: 0.00301, EPS: 0.6040000000000001
Epoch: 44, Train Loss: 0.00165, Valid Loss: 0.00302, EPS: 0.5950000000000001
Epoch: 45, Train Loss: 0.00163, Valid Loss: 0.00301, EPS: 0.5860000000000001
Epoch: 46, Train Loss: 0.00162, Valid Loss: 0.00301, EPS: 0.5770000000000001
Epoch: 47, Train Loss: 0.00161, Valid Loss: 0.00302, EPS: 0.5680000000000001
Epoch: 48, Train Loss: 0.00160, Valid Loss: 0.00302, EPS: 0.559
Epoch: 49, Train Loss: 0.00158, Valid Loss: 0.00302, EPS: 0.55
Epoch: 50, Train Loss: 0.00155, Valid Loss: 0.00301, EPS: 0.541
Epoch: 51, Train Loss: 0.00154, Valid Loss: 0.00302, EPS: 0.532
Epoch: 52, Train Loss: 0.00152, Valid Loss: 0.00303, EPS: 0.523
Epoch: 53, Train Loss: 0.00151, Valid Loss: 0.00304, EPS: 0.514
Epoch: 54, Train Loss: 0.00150, Valid Loss: 0.00303, EPS: 0.505
Epoch: 55, Train Loss: 0.00148, Valid Loss: 0.00304, EPS: 0.496
Epoch: 56, Train Loss: 0.00146, Valid Loss: 0.00305, EPS: 0.4870000000000001
Epoch: 57, Train Loss: 0.00145, Valid Loss: 0.00308, EPS: 0.4780000000000001
Epoch: 58, Train Loss: 0.00142, Valid Loss: 0.00306, EPS: 0.4690000000000001
Epoch: 59, Train Loss: 0.00140, Valid Loss: 0.00305, EPS: 0.4600000000000001
Epoch: 60, Train Loss: 0.00140, Valid Loss: 0.00306, EPS: 0.45100000000000007
Epoch: 61, Train Loss: 0.00138, Valid Loss: 0.00305, EPS: 0.44200000000000006
Epoch: 62, Train Loss: 0.00138, Valid Loss: 0.00306, EPS: 0.43300000000000005
Epoch: 63, Train Loss: 0.00139, Valid Loss: 0.00307, EPS: 0.42400000000000004
Epoch: 64, Train Loss: 0.00138, Valid Loss: 0.00305, EPS: 0.41500000000000004
Epoch: 65, Train Loss: 0.00136, Valid Loss: 0.00305, EPS: 0.406
Epoch: 66, Train Loss: 0.00137, Valid Loss: 0.00305, EPS: 0.397
Epoch: 67, Train Loss: 0.00137, Valid Loss: 0.00306, EPS: 0.388
Epoch: 68, Train Loss: 0.00137, Valid Loss: 0.00305, EPS: 0.3790000000000001
Epoch: 69, Train Loss: 0.00137, Valid Loss: 0.00305, EPS: 0.3700000000000001
Epoch: 70, Train Loss: 0.00136, Valid Loss: 0.00305, EPS: 0.3610000000000001
Epoch: 71, Train Loss: 0.00137, Valid Loss: 0.00305, EPS: 0.3520000000000001
Epoch: 72, Train Loss: 0.00136, Valid Loss: 0.00305, EPS: 0.343
Epoch: 73, Train Loss: 0.00136, Valid Loss: 0.00305, EPS: 0.334
Epoch: 74, Train Loss: 0.00137, Valid Loss: 0.00306, EPS: 0.325
Epoch: 75, Train Loss: 0.00136, Valid Loss: 0.00306, EPS: 0.316
Epoch: 76, Train Loss: 0.00136, Valid Loss: 0.00305, EPS: 0.307
Epoch: 77, Train Loss: 0.00137, Valid Loss: 0.00305, EPS: 0.298
Epoch: 78, Train Loss: 0.00135, Valid Loss: 0.00306, EPS: 0.289
Epoch: 79, Train Loss: 0.00136, Valid Loss: 0.00306, EPS: 0.27999999999999997
Epoch: 80, Train Loss: 0.00137, Valid Loss: 0.00306, EPS: 0.27099999999999996
Epoch: 81, Train Loss: 0.00136, Valid Loss: 0.00306, EPS: 0.26200000000000007
Epoch: 82, Train Loss: 0.00136, Valid Loss: 0.00305, EPS: 0.25300000000000006
Epoch: 83, Train Loss: 0.00136, Valid Loss: 0.00306, EPS: 0.24400000000000005
Epoch: 84, Train Loss: 0.00136, Valid Loss: 0.00306, EPS: 0.23500000000000004
Epoch: 85, Train Loss: 0.00135, Valid Loss: 0.00305, EPS: 0.22600000000000003
Epoch: 86, Train Loss: 0.00136, Valid Loss: 0.00306, EPS: 0.21700000000000003
Epoch: 87, Train Loss: 0.00135, Valid Loss: 0.00305, EPS: 0.20800000000000002
Epoch: 88, Train Loss: 0.00136, Valid Loss: 0.00305, EPS: 0.199
Epoch: 89, Train Loss: 0.00135, Valid Loss: 0.00306, EPS: 0.19
Epoch: 90, Train Loss: 0.00137, Valid Loss: 0.00305, EPS: 0.181
Epoch: 91, Train Loss: 0.00136, Valid Loss: 0.00306, EPS: 0.172
Epoch: 92, Train Loss: 0.00136, Valid Loss: 0.00306, EPS: 0.16299999999999998
Epoch: 93, Train Loss: 0.00136, Valid Loss: 0.00305, EPS: 0.15400000000000005
Epoch: 94, Train Loss: 0.00136, Valid Loss: 0.00306, EPS: 0.14500000000000005
Epoch: 95, Train Loss: 0.00135, Valid Loss: 0.00306, EPS: 0.13600000000000004
Epoch: 96, Train Loss: 0.00136, Valid Loss: 0.00305, EPS: 0.12700000000000003
Epoch: 97, Train Loss: 0.00136, Valid Loss: 0.00305, EPS: 0.11800000000000002
Epoch: 98, Train Loss: 0.00136, Valid Loss: 0.00305, EPS: 0.10900000000000001
Epoch: 99, Train Loss: 0.00136, Valid Loss: 0.00306, EPS: 0.1
Test Loss: 0.00305
Test Loss: 0.00304
Running context window: 5 with stride: 20 with seed: 42
Shape: (5, 144, 72)
Epoch: 0, Train Loss: 0.00768, Valid Loss: 0.00526, EPS: 0.991
Epoch: 1, Train Loss: 0.00543, Valid Loss: 0.00492, EPS: 0.982
Epoch: 2, Train Loss: 0.00440, Valid Loss: 0.00443, EPS: 0.973
Epoch: 3, Train Loss: 0.00377, Valid Loss: 0.00430, EPS: 0.964
Epoch: 4, Train Loss: 0.00343, Valid Loss: 0.00412, EPS: 0.955
Epoch: 5, Train Loss: 0.00317, Valid Loss: 0.00395, EPS: 0.946
Epoch: 6, Train Loss: 0.00291, Valid Loss: 0.00388, EPS: 0.9369999999999999
Epoch: 7, Train Loss: 0.00263, Valid Loss: 0.00383, EPS: 0.928
Epoch: 8, Train Loss: 0.00247, Valid Loss: 0.00377, EPS: 0.919
Epoch: 9, Train Loss: 0.00237, Valid Loss: 0.00372, EPS: 0.91
Epoch: 10, Train Loss: 0.00227, Valid Loss: 0.00370, EPS: 0.901
Epoch: 11, Train Loss: 0.00213, Valid Loss: 0.00365, EPS: 0.892
Epoch: 12, Train Loss: 0.00207, Valid Loss: 0.00362, EPS: 0.883
Epoch: 13, Train Loss: 0.00207, Valid Loss: 0.00362, EPS: 0.874
Epoch: 14, Train Loss: 0.00196, Valid Loss: 0.00361, EPS: 0.865
Epoch: 15, Train Loss: 0.00195, Valid Loss: 0.00363, EPS: 0.856
Epoch: 16, Train Loss: 0.00191, Valid Loss: 0.00362, EPS: 0.847
Epoch: 17, Train Loss: 0.00188, Valid Loss: 0.00362, EPS: 0.8380000000000001
Epoch: 18, Train Loss: 0.00181, Valid Loss: 0.00361, EPS: 0.8290000000000001
Epoch: 19, Train Loss: 0.00183, Valid Loss: 0.00363, EPS: 0.8200000000000001
Epoch: 20, Train Loss: 0.00177, Valid Loss: 0.00361, EPS: 0.811
Epoch: 21, Train Loss: 0.00176, Valid Loss: 0.00355, EPS: 0.802
Epoch: 22, Train Loss: 0.00171, Valid Loss: 0.00354, EPS: 0.793
Epoch: 23, Train Loss: 0.00173, Valid Loss: 0.00357, EPS: 0.784
Epoch: 24, Train Loss: 0.00176, Valid Loss: 0.00357, EPS: 0.775
Epoch: 25, Train Loss: 0.00171, Valid Loss: 0.00361, EPS: 0.766
Epoch: 26, Train Loss: 0.00166, Valid Loss: 0.00361, EPS: 0.757
Epoch: 27, Train Loss: 0.00167, Valid Loss: 0.00360, EPS: 0.748
Epoch: 28, Train Loss: 0.00169, Valid Loss: 0.00361, EPS: 0.739
Epoch: 29, Train Loss: 0.00167, Valid Loss: 0.00357, EPS: 0.73
Epoch: 30, Train Loss: 0.00166, Valid Loss: 0.00358, EPS: 0.721
Epoch: 31, Train Loss: 0.00173, Valid Loss: 0.00361, EPS: 0.712
Epoch: 32, Train Loss: 0.00169, Valid Loss: 0.00360, EPS: 0.703
Epoch: 33, Train Loss: 0.00170, Valid Loss: 0.00362, EPS: 0.694
Epoch: 34, Train Loss: 0.00155, Valid Loss: 0.00361, EPS: 0.685
Epoch: 35, Train Loss: 0.00156, Valid Loss: 0.00357, EPS: 0.676
Epoch: 36, Train Loss: 0.00147, Valid Loss: 0.00353, EPS: 0.667
Epoch: 37, Train Loss: 0.00141, Valid Loss: 0.00349, EPS: 0.658
Epoch: 38, Train Loss: 0.00134, Valid Loss: 0.00347, EPS: 0.649
Epoch: 39, Train Loss: 0.00126, Valid Loss: 0.00345, EPS: 0.64
Epoch: 40, Train Loss: 0.00128, Valid Loss: 0.00345, EPS: 0.6310000000000001
Epoch: 41, Train Loss: 0.00127, Valid Loss: 0.00344, EPS: 0.6220000000000001
Epoch: 42, Train Loss: 0.00126, Valid Loss: 0.00343, EPS: 0.6130000000000001
Epoch: 43, Train Loss: 0.00124, Valid Loss: 0.00342, EPS: 0.6040000000000001
Epoch: 44, Train Loss: 0.00119, Valid Loss: 0.00342, EPS: 0.5950000000000001
Epoch: 45, Train Loss: 0.00115, Valid Loss: 0.00341, EPS: 0.5860000000000001
Epoch: 46, Train Loss: 0.00116, Valid Loss: 0.00342, EPS: 0.5770000000000001
Epoch: 47, Train Loss: 0.00119, Valid Loss: 0.00342, EPS: 0.5680000000000001
Epoch: 48, Train Loss: 0.00118, Valid Loss: 0.00342, EPS: 0.559
Epoch: 49, Train Loss: 0.00112, Valid Loss: 0.00342, EPS: 0.55
Epoch: 50, Train Loss: 0.00108, Valid Loss: 0.00342, EPS: 0.541
Epoch: 51, Train Loss: 0.00112, Valid Loss: 0.00342, EPS: 0.532
Epoch: 52, Train Loss: 0.00111, Valid Loss: 0.00342, EPS: 0.523
Epoch: 53, Train Loss: 0.00110, Valid Loss: 0.00340, EPS: 0.514
Epoch: 54, Train Loss: 0.00111, Valid Loss: 0.00341, EPS: 0.505
Epoch: 55, Train Loss: 0.00110, Valid Loss: 0.00342, EPS: 0.496
Epoch: 56, Train Loss: 0.00108, Valid Loss: 0.00341, EPS: 0.4870000000000001
Epoch: 57, Train Loss: 0.00109, Valid Loss: 0.00342, EPS: 0.4780000000000001
Epoch: 58, Train Loss: 0.00106, Valid Loss: 0.00341, EPS: 0.4690000000000001
Epoch: 59, Train Loss: 0.00108, Valid Loss: 0.00342, EPS: 0.4600000000000001
Epoch: 60, Train Loss: 0.00107, Valid Loss: 0.00341, EPS: 0.45100000000000007
Epoch: 61, Train Loss: 0.00107, Valid Loss: 0.00341, EPS: 0.44200000000000006
Epoch: 62, Train Loss: 0.00104, Valid Loss: 0.00341, EPS: 0.43300000000000005
Epoch: 63, Train Loss: 0.00102, Valid Loss: 0.00343, EPS: 0.42400000000000004
Epoch: 64, Train Loss: 0.00103, Valid Loss: 0.00342, EPS: 0.41500000000000004
Epoch: 65, Train Loss: 0.00107, Valid Loss: 0.00343, EPS: 0.406
Epoch: 66, Train Loss: 0.00102, Valid Loss: 0.00342, EPS: 0.397
Epoch: 67, Train Loss: 0.00106, Valid Loss: 0.00342, EPS: 0.388
Epoch: 68, Train Loss: 0.00103, Valid Loss: 0.00342, EPS: 0.3790000000000001
Epoch: 69, Train Loss: 0.00103, Valid Loss: 0.00343, EPS: 0.3700000000000001
Epoch: 70, Train Loss: 0.00101, Valid Loss: 0.00342, EPS: 0.3610000000000001
Epoch: 71, Train Loss: 0.00100, Valid Loss: 0.00341, EPS: 0.3520000000000001
Epoch: 72, Train Loss: 0.00102, Valid Loss: 0.00342, EPS: 0.343
Epoch: 73, Train Loss: 0.00102, Valid Loss: 0.00340, EPS: 0.334
Epoch: 74, Train Loss: 0.00101, Valid Loss: 0.00342, EPS: 0.325
Epoch: 75, Train Loss: 0.00101, Valid Loss: 0.00342, EPS: 0.316
Epoch: 76, Train Loss: 0.00101, Valid Loss: 0.00342, EPS: 0.307
Epoch: 77, Train Loss: 0.00102, Valid Loss: 0.00343, EPS: 0.298
Epoch: 78, Train Loss: 0.00099, Valid Loss: 0.00342, EPS: 0.289
Epoch: 79, Train Loss: 0.00099, Valid Loss: 0.00342, EPS: 0.27999999999999997
Epoch: 80, Train Loss: 0.00098, Valid Loss: 0.00344, EPS: 0.27099999999999996
Epoch: 81, Train Loss: 0.00097, Valid Loss: 0.00342, EPS: 0.26200000000000007
Epoch: 82, Train Loss: 0.00101, Valid Loss: 0.00342, EPS: 0.25300000000000006
Epoch: 83, Train Loss: 0.00100, Valid Loss: 0.00342, EPS: 0.24400000000000005
Epoch: 84, Train Loss: 0.00100, Valid Loss: 0.00343, EPS: 0.23500000000000004
Epoch: 85, Train Loss: 0.00100, Valid Loss: 0.00342, EPS: 0.22600000000000003
Epoch: 86, Train Loss: 0.00097, Valid Loss: 0.00342, EPS: 0.21700000000000003
Epoch: 87, Train Loss: 0.00097, Valid Loss: 0.00342, EPS: 0.20800000000000002
Epoch: 88, Train Loss: 0.00101, Valid Loss: 0.00342, EPS: 0.199
Epoch: 89, Train Loss: 0.00100, Valid Loss: 0.00343, EPS: 0.19
Epoch: 90, Train Loss: 0.00098, Valid Loss: 0.00340, EPS: 0.181
Epoch: 91, Train Loss: 0.00100, Valid Loss: 0.00342, EPS: 0.172
Epoch: 92, Train Loss: 0.00102, Valid Loss: 0.00343, EPS: 0.16299999999999998
Epoch: 93, Train Loss: 0.00098, Valid Loss: 0.00343, EPS: 0.15400000000000005
Epoch: 94, Train Loss: 0.00099, Valid Loss: 0.00342, EPS: 0.14500000000000005
Epoch: 95, Train Loss: 0.00099, Valid Loss: 0.00343, EPS: 0.13600000000000004
Epoch: 96, Train Loss: 0.00100, Valid Loss: 0.00343, EPS: 0.12700000000000003
Epoch: 97, Train Loss: 0.00099, Valid Loss: 0.00342, EPS: 0.11800000000000002
Epoch: 98, Train Loss: 0.00101, Valid Loss: 0.00342, EPS: 0.10900000000000001
Epoch: 99, Train Loss: 0.00099, Valid Loss: 0.00343, EPS: 0.1
Test Loss: 0.00342
Test Loss: 0.00333
Running context window: 5 with stride: 5 with seed: 123
Shape: (5, 144, 72)
Epoch: 0, Train Loss: 0.00578, Valid Loss: 0.00427, EPS: 0.991
Epoch: 1, Train Loss: 0.00393, Valid Loss: 0.00382, EPS: 0.982
Epoch: 2, Train Loss: 0.00337, Valid Loss: 0.00348, EPS: 0.973
Epoch: 3, Train Loss: 0.00306, Valid Loss: 0.00333, EPS: 0.964
Epoch: 4, Train Loss: 0.00290, Valid Loss: 0.00324, EPS: 0.955
Epoch: 5, Train Loss: 0.00282, Valid Loss: 0.00322, EPS: 0.946
Epoch: 6, Train Loss: 0.00277, Valid Loss: 0.00318, EPS: 0.9369999999999999
Epoch: 7, Train Loss: 0.00273, Valid Loss: 0.00316, EPS: 0.928
Epoch: 8, Train Loss: 0.00271, Valid Loss: 0.00315, EPS: 0.919
Epoch: 9, Train Loss: 0.00270, Valid Loss: 0.00313, EPS: 0.91
Epoch: 10, Train Loss: 0.00267, Valid Loss: 0.00310, EPS: 0.901
Epoch: 11, Train Loss: 0.00269, Valid Loss: 0.00311, EPS: 0.892
Epoch: 12, Train Loss: 0.00268, Valid Loss: 0.00313, EPS: 0.883
Epoch: 13, Train Loss: 0.00267, Valid Loss: 0.00314, EPS: 0.874
Epoch: 14, Train Loss: 0.00266, Valid Loss: 0.00312, EPS: 0.865
Epoch: 15, Train Loss: 0.00264, Valid Loss: 0.00309, EPS: 0.856
Epoch: 16, Train Loss: 0.00263, Valid Loss: 0.00311, EPS: 0.847
Epoch: 17, Train Loss: 0.00263, Valid Loss: 0.00309, EPS: 0.8380000000000001
Epoch: 18, Train Loss: 0.00262, Valid Loss: 0.00310, EPS: 0.8290000000000001
Epoch: 19, Train Loss: 0.00263, Valid Loss: 0.00310, EPS: 0.8200000000000001
Epoch: 20, Train Loss: 0.00262, Valid Loss: 0.00311, EPS: 0.811
Epoch: 21, Train Loss: 0.00261, Valid Loss: 0.00309, EPS: 0.802
Epoch: 22, Train Loss: 0.00261, Valid Loss: 0.00309, EPS: 0.793
Epoch: 23, Train Loss: 0.00261, Valid Loss: 0.00308, EPS: 0.784
Epoch: 24, Train Loss: 0.00259, Valid Loss: 0.00309, EPS: 0.775
Epoch: 25, Train Loss: 0.00260, Valid Loss: 0.00310, EPS: 0.766
Epoch: 26, Train Loss: 0.00260, Valid Loss: 0.00309, EPS: 0.757
Epoch: 27, Train Loss: 0.00259, Valid Loss: 0.00307, EPS: 0.748
Epoch: 28, Train Loss: 0.00258, Valid Loss: 0.00307, EPS: 0.739
Epoch: 29, Train Loss: 0.00256, Valid Loss: 0.00305, EPS: 0.73
Epoch: 30, Train Loss: 0.00257, Valid Loss: 0.00307, EPS: 0.721
Epoch: 31, Train Loss: 0.00258, Valid Loss: 0.00305, EPS: 0.712
Epoch: 32, Train Loss: 0.00257, Valid Loss: 0.00307, EPS: 0.703
Epoch: 33, Train Loss: 0.00256, Valid Loss: 0.00307, EPS: 0.694
Epoch: 34, Train Loss: 0.00257, Valid Loss: 0.00307, EPS: 0.685
Epoch: 35, Train Loss: 0.00257, Valid Loss: 0.00306, EPS: 0.676
Epoch: 36, Train Loss: 0.00258, Valid Loss: 0.00305, EPS: 0.667
Epoch: 37, Train Loss: 0.00256, Valid Loss: 0.00307, EPS: 0.658
Epoch: 38, Train Loss: 0.00255, Valid Loss: 0.00306, EPS: 0.649
Epoch: 39, Train Loss: 0.00255, Valid Loss: 0.00306, EPS: 0.64
Epoch: 40, Train Loss: 0.00255, Valid Loss: 0.00306, EPS: 0.6310000000000001
Epoch: 41, Train Loss: 0.00256, Valid Loss: 0.00305, EPS: 0.6220000000000001
Epoch: 42, Train Loss: 0.00257, Valid Loss: 0.00308, EPS: 0.6130000000000001
Epoch: 43, Train Loss: 0.00256, Valid Loss: 0.00307, EPS: 0.6040000000000001
Epoch: 44, Train Loss: 0.00255, Valid Loss: 0.00306, EPS: 0.5950000000000001
Epoch: 45, Train Loss: 0.00254, Valid Loss: 0.00306, EPS: 0.5860000000000001
Epoch: 46, Train Loss: 0.00256, Valid Loss: 0.00307, EPS: 0.5770000000000001
Epoch: 47, Train Loss: 0.00256, Valid Loss: 0.00306, EPS: 0.5680000000000001
Epoch: 48, Train Loss: 0.00237, Valid Loss: 0.00298, EPS: 0.559
Epoch: 49, Train Loss: 0.00226, Valid Loss: 0.00294, EPS: 0.55
Epoch: 50, Train Loss: 0.00221, Valid Loss: 0.00291, EPS: 0.541
Epoch: 51, Train Loss: 0.00218, Valid Loss: 0.00290, EPS: 0.532
Epoch: 52, Train Loss: 0.00216, Valid Loss: 0.00289, EPS: 0.523
Epoch: 53, Train Loss: 0.00215, Valid Loss: 0.00288, EPS: 0.514
Epoch: 54, Train Loss: 0.00214, Valid Loss: 0.00288, EPS: 0.505
Epoch: 55, Train Loss: 0.00213, Valid Loss: 0.00287, EPS: 0.496
Epoch: 56, Train Loss: 0.00211, Valid Loss: 0.00287, EPS: 0.4870000000000001
Epoch: 57, Train Loss: 0.00211, Valid Loss: 0.00287, EPS: 0.4780000000000001
Epoch: 58, Train Loss: 0.00210, Valid Loss: 0.00287, EPS: 0.4690000000000001
Epoch: 59, Train Loss: 0.00209, Valid Loss: 0.00287, EPS: 0.4600000000000001
Epoch: 60, Train Loss: 0.00208, Valid Loss: 0.00286, EPS: 0.45100000000000007
Epoch: 61, Train Loss: 0.00208, Valid Loss: 0.00286, EPS: 0.44200000000000006
Epoch: 62, Train Loss: 0.00207, Valid Loss: 0.00286, EPS: 0.43300000000000005
Epoch: 63, Train Loss: 0.00206, Valid Loss: 0.00286, EPS: 0.42400000000000004
Epoch: 64, Train Loss: 0.00204, Valid Loss: 0.00285, EPS: 0.41500000000000004
Epoch: 65, Train Loss: 0.00202, Valid Loss: 0.00285, EPS: 0.406
Epoch: 66, Train Loss: 0.00201, Valid Loss: 0.00286, EPS: 0.397
Epoch: 67, Train Loss: 0.00200, Valid Loss: 0.00285, EPS: 0.388
Epoch: 68, Train Loss: 0.00199, Valid Loss: 0.00286, EPS: 0.3790000000000001
Epoch: 69, Train Loss: 0.00197, Valid Loss: 0.00287, EPS: 0.3700000000000001
Epoch: 70, Train Loss: 0.00197, Valid Loss: 0.00286, EPS: 0.3610000000000001
Epoch: 71, Train Loss: 0.00196, Valid Loss: 0.00287, EPS: 0.3520000000000001
Epoch: 72, Train Loss: 0.00197, Valid Loss: 0.00288, EPS: 0.343
Epoch: 73, Train Loss: 0.00197, Valid Loss: 0.00288, EPS: 0.334
Epoch: 74, Train Loss: 0.00195, Valid Loss: 0.00288, EPS: 0.325
Epoch: 75, Train Loss: 0.00196, Valid Loss: 0.00288, EPS: 0.316
Epoch: 76, Train Loss: 0.00196, Valid Loss: 0.00290, EPS: 0.307
Epoch: 77, Train Loss: 0.00191, Valid Loss: 0.00286, EPS: 0.298
Epoch: 78, Train Loss: 0.00189, Valid Loss: 0.00287, EPS: 0.289
Epoch: 79, Train Loss: 0.00188, Valid Loss: 0.00286, EPS: 0.27999999999999997
Epoch: 80, Train Loss: 0.00188, Valid Loss: 0.00287, EPS: 0.27099999999999996
Epoch: 81, Train Loss: 0.00187, Valid Loss: 0.00286, EPS: 0.26200000000000007
Epoch: 82, Train Loss: 0.00187, Valid Loss: 0.00286, EPS: 0.25300000000000006
Epoch: 83, Train Loss: 0.00187, Valid Loss: 0.00286, EPS: 0.24400000000000005
Epoch: 84, Train Loss: 0.00187, Valid Loss: 0.00287, EPS: 0.23500000000000004
Epoch: 85, Train Loss: 0.00186, Valid Loss: 0.00286, EPS: 0.22600000000000003
Epoch: 86, Train Loss: 0.00186, Valid Loss: 0.00286, EPS: 0.21700000000000003
Epoch: 87, Train Loss: 0.00186, Valid Loss: 0.00286, EPS: 0.20800000000000002
Epoch: 88, Train Loss: 0.00186, Valid Loss: 0.00287, EPS: 0.199
Epoch: 89, Train Loss: 0.00186, Valid Loss: 0.00286, EPS: 0.19
Epoch: 90, Train Loss: 0.00186, Valid Loss: 0.00286, EPS: 0.181
Epoch: 91, Train Loss: 0.00185, Valid Loss: 0.00286, EPS: 0.172
Epoch: 92, Train Loss: 0.00186, Valid Loss: 0.00286, EPS: 0.16299999999999998
Epoch: 93, Train Loss: 0.00186, Valid Loss: 0.00287, EPS: 0.15400000000000005
Epoch: 94, Train Loss: 0.00185, Valid Loss: 0.00287, EPS: 0.14500000000000005
Epoch: 95, Train Loss: 0.00186, Valid Loss: 0.00286, EPS: 0.13600000000000004
Epoch: 96, Train Loss: 0.00186, Valid Loss: 0.00286, EPS: 0.12700000000000003
Epoch: 97, Train Loss: 0.00186, Valid Loss: 0.00287, EPS: 0.11800000000000002
Epoch: 98, Train Loss: 0.00186, Valid Loss: 0.00286, EPS: 0.10900000000000001
Epoch: 99, Train Loss: 0.00185, Valid Loss: 0.00287, EPS: 0.1
Test Loss: 0.00286
Test Loss: 0.00286
Running context window: 5 with stride: 10 with seed: 123
Shape: (5, 144, 72)
Epoch: 0, Train Loss: 0.00651, Valid Loss: 0.00490, EPS: 0.991
Epoch: 1, Train Loss: 0.00449, Valid Loss: 0.00429, EPS: 0.982
Epoch: 2, Train Loss: 0.00383, Valid Loss: 0.00396, EPS: 0.973
Epoch: 3, Train Loss: 0.00337, Valid Loss: 0.00370, EPS: 0.964
Epoch: 4, Train Loss: 0.00301, Valid Loss: 0.00353, EPS: 0.955
Epoch: 5, Train Loss: 0.00278, Valid Loss: 0.00343, EPS: 0.946
Epoch: 6, Train Loss: 0.00263, Valid Loss: 0.00336, EPS: 0.9369999999999999
Epoch: 7, Train Loss: 0.00250, Valid Loss: 0.00334, EPS: 0.928
Epoch: 8, Train Loss: 0.00244, Valid Loss: 0.00330, EPS: 0.919
Epoch: 9, Train Loss: 0.00236, Valid Loss: 0.00327, EPS: 0.91
Epoch: 10, Train Loss: 0.00232, Valid Loss: 0.00328, EPS: 0.901
Epoch: 11, Train Loss: 0.00227, Valid Loss: 0.00325, EPS: 0.892
Epoch: 12, Train Loss: 0.00225, Valid Loss: 0.00324, EPS: 0.883
Epoch: 13, Train Loss: 0.00223, Valid Loss: 0.00327, EPS: 0.874
Epoch: 14, Train Loss: 0.00222, Valid Loss: 0.00323, EPS: 0.865
Epoch: 15, Train Loss: 0.00221, Valid Loss: 0.00324, EPS: 0.856
Epoch: 16, Train Loss: 0.00218, Valid Loss: 0.00323, EPS: 0.847
Epoch: 17, Train Loss: 0.00216, Valid Loss: 0.00320, EPS: 0.8380000000000001
Epoch: 18, Train Loss: 0.00217, Valid Loss: 0.00320, EPS: 0.8290000000000001
Epoch: 19, Train Loss: 0.00216, Valid Loss: 0.00320, EPS: 0.8200000000000001
Epoch: 20, Train Loss: 0.00215, Valid Loss: 0.00320, EPS: 0.811
Epoch: 21, Train Loss: 0.00216, Valid Loss: 0.00318, EPS: 0.802
Epoch: 22, Train Loss: 0.00214, Valid Loss: 0.00321, EPS: 0.793
Epoch: 23, Train Loss: 0.00213, Valid Loss: 0.00318, EPS: 0.784
Epoch: 24, Train Loss: 0.00212, Valid Loss: 0.00321, EPS: 0.775
Epoch: 25, Train Loss: 0.00213, Valid Loss: 0.00321, EPS: 0.766
Epoch: 26, Train Loss: 0.00211, Valid Loss: 0.00321, EPS: 0.757
Epoch: 27, Train Loss: 0.00211, Valid Loss: 0.00319, EPS: 0.748
Epoch: 28, Train Loss: 0.00210, Valid Loss: 0.00320, EPS: 0.739
Epoch: 29, Train Loss: 0.00208, Valid Loss: 0.00322, EPS: 0.73
Epoch: 30, Train Loss: 0.00208, Valid Loss: 0.00319, EPS: 0.721
Epoch: 31, Train Loss: 0.00207, Valid Loss: 0.00320, EPS: 0.712
Epoch: 32, Train Loss: 0.00206, Valid Loss: 0.00319, EPS: 0.703
Epoch: 33, Train Loss: 0.00192, Valid Loss: 0.00314, EPS: 0.694
Epoch: 34, Train Loss: 0.00186, Valid Loss: 0.00311, EPS: 0.685
Epoch: 35, Train Loss: 0.00179, Valid Loss: 0.00308, EPS: 0.676
Epoch: 36, Train Loss: 0.00175, Valid Loss: 0.00306, EPS: 0.667
Epoch: 37, Train Loss: 0.00173, Valid Loss: 0.00305, EPS: 0.658
Epoch: 38, Train Loss: 0.00169, Valid Loss: 0.00304, EPS: 0.649
Epoch: 39, Train Loss: 0.00167, Valid Loss: 0.00303, EPS: 0.64
Epoch: 40, Train Loss: 0.00166, Valid Loss: 0.00304, EPS: 0.6310000000000001
Epoch: 41, Train Loss: 0.00164, Valid Loss: 0.00303, EPS: 0.6220000000000001
Epoch: 42, Train Loss: 0.00163, Valid Loss: 0.00303, EPS: 0.6130000000000001
Epoch: 43, Train Loss: 0.00162, Valid Loss: 0.00303, EPS: 0.6040000000000001
Epoch: 44, Train Loss: 0.00161, Valid Loss: 0.00302, EPS: 0.5950000000000001
Epoch: 45, Train Loss: 0.00159, Valid Loss: 0.00302, EPS: 0.5860000000000001
Epoch: 46, Train Loss: 0.00159, Valid Loss: 0.00301, EPS: 0.5770000000000001
Epoch: 47, Train Loss: 0.00157, Valid Loss: 0.00302, EPS: 0.5680000000000001
Epoch: 48, Train Loss: 0.00157, Valid Loss: 0.00303, EPS: 0.559
Epoch: 49, Train Loss: 0.00155, Valid Loss: 0.00304, EPS: 0.55
Epoch: 50, Train Loss: 0.00153, Valid Loss: 0.00303, EPS: 0.541
Epoch: 51, Train Loss: 0.00152, Valid Loss: 0.00304, EPS: 0.532
Epoch: 52, Train Loss: 0.00151, Valid Loss: 0.00305, EPS: 0.523
Epoch: 53, Train Loss: 0.00149, Valid Loss: 0.00307, EPS: 0.514
Epoch: 54, Train Loss: 0.00148, Valid Loss: 0.00306, EPS: 0.505
Epoch: 55, Train Loss: 0.00146, Valid Loss: 0.00306, EPS: 0.496
Epoch: 56, Train Loss: 0.00145, Valid Loss: 0.00308, EPS: 0.4870000000000001
Epoch: 57, Train Loss: 0.00143, Valid Loss: 0.00310, EPS: 0.4780000000000001
Epoch: 58, Train Loss: 0.00141, Valid Loss: 0.00306, EPS: 0.4690000000000001
Epoch: 59, Train Loss: 0.00138, Valid Loss: 0.00307, EPS: 0.4600000000000001
Epoch: 60, Train Loss: 0.00137, Valid Loss: 0.00306, EPS: 0.45100000000000007
Epoch: 61, Train Loss: 0.00137, Valid Loss: 0.00306, EPS: 0.44200000000000006
Epoch: 62, Train Loss: 0.00136, Valid Loss: 0.00307, EPS: 0.43300000000000005
Epoch: 63, Train Loss: 0.00136, Valid Loss: 0.00307, EPS: 0.42400000000000004
Epoch: 64, Train Loss: 0.00136, Valid Loss: 0.00306, EPS: 0.41500000000000004
Epoch: 65, Train Loss: 0.00136, Valid Loss: 0.00307, EPS: 0.406
Epoch: 66, Train Loss: 0.00135, Valid Loss: 0.00307, EPS: 0.397
Epoch: 67, Train Loss: 0.00134, Valid Loss: 0.00306, EPS: 0.388
Epoch: 68, Train Loss: 0.00135, Valid Loss: 0.00307, EPS: 0.3790000000000001
Epoch: 69, Train Loss: 0.00134, Valid Loss: 0.00308, EPS: 0.3700000000000001
Epoch: 70, Train Loss: 0.00133, Valid Loss: 0.00307, EPS: 0.3610000000000001
Epoch: 71, Train Loss: 0.00134, Valid Loss: 0.00307, EPS: 0.3520000000000001
Epoch: 72, Train Loss: 0.00133, Valid Loss: 0.00307, EPS: 0.343
Epoch: 73, Train Loss: 0.00134, Valid Loss: 0.00307, EPS: 0.334
Epoch: 74, Train Loss: 0.00134, Valid Loss: 0.00307, EPS: 0.325
Epoch: 75, Train Loss: 0.00134, Valid Loss: 0.00307, EPS: 0.316
Epoch: 76, Train Loss: 0.00134, Valid Loss: 0.00307, EPS: 0.307
Epoch: 77, Train Loss: 0.00134, Valid Loss: 0.00307, EPS: 0.298
Epoch: 78, Train Loss: 0.00134, Valid Loss: 0.00306, EPS: 0.289
Epoch: 79, Train Loss: 0.00133, Valid Loss: 0.00307, EPS: 0.27999999999999997
Epoch: 80, Train Loss: 0.00134, Valid Loss: 0.00306, EPS: 0.27099999999999996
Epoch: 81, Train Loss: 0.00134, Valid Loss: 0.00307, EPS: 0.26200000000000007
Epoch: 82, Train Loss: 0.00133, Valid Loss: 0.00307, EPS: 0.25300000000000006
Epoch: 83, Train Loss: 0.00134, Valid Loss: 0.00307, EPS: 0.24400000000000005
Epoch: 84, Train Loss: 0.00134, Valid Loss: 0.00307, EPS: 0.23500000000000004
Epoch: 85, Train Loss: 0.00133, Valid Loss: 0.00307, EPS: 0.22600000000000003
Epoch: 86, Train Loss: 0.00133, Valid Loss: 0.00307, EPS: 0.21700000000000003
Epoch: 87, Train Loss: 0.00133, Valid Loss: 0.00307, EPS: 0.20800000000000002
Epoch: 88, Train Loss: 0.00134, Valid Loss: 0.00307, EPS: 0.199
Epoch: 89, Train Loss: 0.00134, Valid Loss: 0.00306, EPS: 0.19
Epoch: 90, Train Loss: 0.00133, Valid Loss: 0.00307, EPS: 0.181
Epoch: 91, Train Loss: 0.00134, Valid Loss: 0.00307, EPS: 0.172
Epoch: 92, Train Loss: 0.00133, Valid Loss: 0.00306, EPS: 0.16299999999999998
Epoch: 93, Train Loss: 0.00134, Valid Loss: 0.00308, EPS: 0.15400000000000005
Epoch: 94, Train Loss: 0.00134, Valid Loss: 0.00307, EPS: 0.14500000000000005
Epoch: 95, Train Loss: 0.00134, Valid Loss: 0.00307, EPS: 0.13600000000000004
Epoch: 96, Train Loss: 0.00134, Valid Loss: 0.00307, EPS: 0.12700000000000003
Epoch: 97, Train Loss: 0.00134, Valid Loss: 0.00307, EPS: 0.11800000000000002
Epoch: 98, Train Loss: 0.00133, Valid Loss: 0.00307, EPS: 0.10900000000000001
Epoch: 99, Train Loss: 0.00134, Valid Loss: 0.00307, EPS: 0.1
Test Loss: 0.00307
Test Loss: 0.00306
Running context window: 5 with stride: 20 with seed: 123
Shape: (5, 144, 72)
Epoch: 0, Train Loss: 0.00728, Valid Loss: 0.00516, EPS: 0.991
Epoch: 1, Train Loss: 0.00506, Valid Loss: 0.00471, EPS: 0.982
Epoch: 2, Train Loss: 0.00421, Valid Loss: 0.00445, EPS: 0.973
Epoch: 3, Train Loss: 0.00369, Valid Loss: 0.00414, EPS: 0.964
Epoch: 4, Train Loss: 0.00333, Valid Loss: 0.00402, EPS: 0.955
Epoch: 5, Train Loss: 0.00298, Valid Loss: 0.00393, EPS: 0.946
Epoch: 6, Train Loss: 0.00274, Valid Loss: 0.00384, EPS: 0.9369999999999999
Epoch: 7, Train Loss: 0.00253, Valid Loss: 0.00377, EPS: 0.928
Epoch: 8, Train Loss: 0.00241, Valid Loss: 0.00373, EPS: 0.919
Epoch: 9, Train Loss: 0.00234, Valid Loss: 0.00370, EPS: 0.91
Epoch: 10, Train Loss: 0.00217, Valid Loss: 0.00370, EPS: 0.901
Epoch: 11, Train Loss: 0.00212, Valid Loss: 0.00369, EPS: 0.892
Epoch: 12, Train Loss: 0.00208, Valid Loss: 0.00367, EPS: 0.883
Epoch: 13, Train Loss: 0.00192, Valid Loss: 0.00363, EPS: 0.874
Epoch: 14, Train Loss: 0.00203, Valid Loss: 0.00365, EPS: 0.865
Epoch: 15, Train Loss: 0.00198, Valid Loss: 0.00367, EPS: 0.856
Epoch: 16, Train Loss: 0.00184, Valid Loss: 0.00365, EPS: 0.847
Epoch: 17, Train Loss: 0.00188, Valid Loss: 0.00362, EPS: 0.8380000000000001
Epoch: 18, Train Loss: 0.00186, Valid Loss: 0.00364, EPS: 0.8290000000000001
Epoch: 19, Train Loss: 0.00184, Valid Loss: 0.00363, EPS: 0.8200000000000001
Epoch: 20, Train Loss: 0.00186, Valid Loss: 0.00364, EPS: 0.811
Epoch: 21, Train Loss: 0.00189, Valid Loss: 0.00365, EPS: 0.802
Epoch: 22, Train Loss: 0.00191, Valid Loss: 0.00365, EPS: 0.793
Epoch: 23, Train Loss: 0.00185, Valid Loss: 0.00370, EPS: 0.784
Epoch: 24, Train Loss: 0.00182, Valid Loss: 0.00367, EPS: 0.775
Epoch: 25, Train Loss: 0.00187, Valid Loss: 0.00369, EPS: 0.766
Epoch: 26, Train Loss: 0.00178, Valid Loss: 0.00366, EPS: 0.757
Epoch: 27, Train Loss: 0.00184, Valid Loss: 0.00365, EPS: 0.748
Epoch: 28, Train Loss: 0.00179, Valid Loss: 0.00362, EPS: 0.739
Epoch: 29, Train Loss: 0.00181, Valid Loss: 0.00363, EPS: 0.73
Epoch: 30, Train Loss: 0.00186, Valid Loss: 0.00358, EPS: 0.721
Epoch: 31, Train Loss: 0.00181, Valid Loss: 0.00362, EPS: 0.712
Epoch: 32, Train Loss: 0.00175, Valid Loss: 0.00360, EPS: 0.703
Epoch: 33, Train Loss: 0.00173, Valid Loss: 0.00361, EPS: 0.694
Epoch: 34, Train Loss: 0.00171, Valid Loss: 0.00359, EPS: 0.685
Epoch: 35, Train Loss: 0.00169, Valid Loss: 0.00360, EPS: 0.676
Epoch: 36, Train Loss: 0.00173, Valid Loss: 0.00355, EPS: 0.667
Epoch: 37, Train Loss: 0.00168, Valid Loss: 0.00362, EPS: 0.658
Epoch: 38, Train Loss: 0.00174, Valid Loss: 0.00364, EPS: 0.649
Epoch: 39, Train Loss: 0.00168, Valid Loss: 0.00359, EPS: 0.64
Epoch: 40, Train Loss: 0.00173, Valid Loss: 0.00360, EPS: 0.6310000000000001
Epoch: 41, Train Loss: 0.00173, Valid Loss: 0.00361, EPS: 0.6220000000000001
Epoch: 42, Train Loss: 0.00169, Valid Loss: 0.00366, EPS: 0.6130000000000001
Epoch: 43, Train Loss: 0.00172, Valid Loss: 0.00360, EPS: 0.6040000000000001
Epoch: 44, Train Loss: 0.00170, Valid Loss: 0.00362, EPS: 0.5950000000000001
Epoch: 45, Train Loss: 0.00172, Valid Loss: 0.00360, EPS: 0.5860000000000001
Epoch: 46, Train Loss: 0.00166, Valid Loss: 0.00358, EPS: 0.5770000000000001
Epoch: 47, Train Loss: 0.00166, Valid Loss: 0.00359, EPS: 0.5680000000000001
Epoch: 48, Train Loss: 0.00158, Valid Loss: 0.00357, EPS: 0.559
Epoch: 49, Train Loss: 0.00155, Valid Loss: 0.00351, EPS: 0.55
Epoch: 50, Train Loss: 0.00143, Valid Loss: 0.00348, EPS: 0.541
Epoch: 51, Train Loss: 0.00142, Valid Loss: 0.00345, EPS: 0.532
Epoch: 52, Train Loss: 0.00138, Valid Loss: 0.00344, EPS: 0.523
Epoch: 53, Train Loss: 0.00130, Valid Loss: 0.00343, EPS: 0.514
Epoch: 54, Train Loss: 0.00124, Valid Loss: 0.00341, EPS: 0.505
Epoch: 55, Train Loss: 0.00127, Valid Loss: 0.00342, EPS: 0.496
Epoch: 56, Train Loss: 0.00123, Valid Loss: 0.00341, EPS: 0.4870000000000001
Epoch: 57, Train Loss: 0.00122, Valid Loss: 0.00341, EPS: 0.4780000000000001
Epoch: 58, Train Loss: 0.00116, Valid Loss: 0.00340, EPS: 0.4690000000000001
Epoch: 59, Train Loss: 0.00112, Valid Loss: 0.00341, EPS: 0.4600000000000001
Epoch: 60, Train Loss: 0.00117, Valid Loss: 0.00341, EPS: 0.45100000000000007
Epoch: 61, Train Loss: 0.00115, Valid Loss: 0.00340, EPS: 0.44200000000000006
Epoch: 62, Train Loss: 0.00112, Valid Loss: 0.00340, EPS: 0.43300000000000005
Epoch: 63, Train Loss: 0.00112, Valid Loss: 0.00341, EPS: 0.42400000000000004
Epoch: 64, Train Loss: 0.00113, Valid Loss: 0.00340, EPS: 0.41500000000000004
Epoch: 65, Train Loss: 0.00111, Valid Loss: 0.00342, EPS: 0.406
Epoch: 66, Train Loss: 0.00109, Valid Loss: 0.00340, EPS: 0.397
Epoch: 67, Train Loss: 0.00106, Valid Loss: 0.00340, EPS: 0.388
Epoch: 68, Train Loss: 0.00109, Valid Loss: 0.00340, EPS: 0.3790000000000001
Epoch: 69, Train Loss: 0.00107, Valid Loss: 0.00340, EPS: 0.3700000000000001
Epoch: 70, Train Loss: 0.00110, Valid Loss: 0.00342, EPS: 0.3610000000000001
Epoch: 71, Train Loss: 0.00106, Valid Loss: 0.00341, EPS: 0.3520000000000001
Epoch: 72, Train Loss: 0.00105, Valid Loss: 0.00341, EPS: 0.343
Epoch: 73, Train Loss: 0.00103, Valid Loss: 0.00342, EPS: 0.334
Epoch: 74, Train Loss: 0.00107, Valid Loss: 0.00344, EPS: 0.325
Epoch: 75, Train Loss: 0.00104, Valid Loss: 0.00341, EPS: 0.316
Epoch: 76, Train Loss: 0.00103, Valid Loss: 0.00342, EPS: 0.307
Epoch: 77, Train Loss: 0.00102, Valid Loss: 0.00343, EPS: 0.298
Epoch: 78, Train Loss: 0.00104, Valid Loss: 0.00343, EPS: 0.289
Epoch: 79, Train Loss: 0.00103, Valid Loss: 0.00343, EPS: 0.27999999999999997
Epoch: 80, Train Loss: 0.00099, Valid Loss: 0.00343, EPS: 0.27099999999999996
Epoch: 81, Train Loss: 0.00101, Valid Loss: 0.00343, EPS: 0.26200000000000007
Epoch: 82, Train Loss: 0.00101, Valid Loss: 0.00344, EPS: 0.25300000000000006
Epoch: 83, Train Loss: 0.00102, Valid Loss: 0.00342, EPS: 0.24400000000000005
Epoch: 84, Train Loss: 0.00099, Valid Loss: 0.00343, EPS: 0.23500000000000004
Epoch: 85, Train Loss: 0.00099, Valid Loss: 0.00343, EPS: 0.22600000000000003
Epoch: 86, Train Loss: 0.00102, Valid Loss: 0.00342, EPS: 0.21700000000000003
Epoch: 87, Train Loss: 0.00099, Valid Loss: 0.00343, EPS: 0.20800000000000002
Epoch: 88, Train Loss: 0.00101, Valid Loss: 0.00343, EPS: 0.199
Epoch: 89, Train Loss: 0.00100, Valid Loss: 0.00342, EPS: 0.19
Epoch: 90, Train Loss: 0.00101, Valid Loss: 0.00343, EPS: 0.181
Epoch: 91, Train Loss: 0.00099, Valid Loss: 0.00343, EPS: 0.172
Epoch: 92, Train Loss: 0.00103, Valid Loss: 0.00343, EPS: 0.16299999999999998
Epoch: 93, Train Loss: 0.00099, Valid Loss: 0.00342, EPS: 0.15400000000000005
Epoch: 94, Train Loss: 0.00100, Valid Loss: 0.00343, EPS: 0.14500000000000005
Epoch: 95, Train Loss: 0.00097, Valid Loss: 0.00345, EPS: 0.13600000000000004
Epoch: 96, Train Loss: 0.00100, Valid Loss: 0.00343, EPS: 0.12700000000000003
Epoch: 97, Train Loss: 0.00099, Valid Loss: 0.00343, EPS: 0.11800000000000002
Epoch: 98, Train Loss: 0.00098, Valid Loss: 0.00343, EPS: 0.10900000000000001
Epoch: 99, Train Loss: 0.00101, Valid Loss: 0.00343, EPS: 0.1
Test Loss: 0.00342
Test Loss: 0.00331