GPU 0: NVIDIA A100 80GB PCIe
Train: torch.Size([14031, 5, 64, 32]), Valid: torch.Size([4677, 5, 64, 32]), Test: torch.Size([4678, 5, 64, 32])
Input shape: (C=5, H=144, W=72)
Epoch: 0
  Train Loss:        7.4026
    Contrastive 1:   3.6955
    Contrastive 2:   3.7021
    Cycle:           0.0051
  Valid Loss:        7.6871
    Contrastive 1:   3.8389
    Contrastive 2:   3.8435
    Cycle:           0.0047
  LR: 1.00e-04
Epoch: 1
  Train Loss:        6.3461
    Contrastive 1:   3.1722
    Contrastive 2:   3.1706
    Cycle:           0.0033
  Valid Loss:        7.3796
    Contrastive 1:   3.6855
    Contrastive 2:   3.6909
    Cycle:           0.0032
  LR: 1.00e-04
Epoch: 2
  Train Loss:        6.0443
    Contrastive 1:   3.0189
    Contrastive 2:   3.0230
    Cycle:           0.0025
  Valid Loss:        7.2500
    Contrastive 1:   3.6248
    Contrastive 2:   3.6225
    Cycle:           0.0027
  LR: 1.00e-04
Epoch: 3
  Train Loss:        5.8793
    Contrastive 1:   2.9381
    Contrastive 2:   2.9390
    Cycle:           0.0022
  Valid Loss:        7.1398
    Contrastive 1:   3.5746
    Contrastive 2:   3.5625
    Cycle:           0.0026
  LR: 1.00e-04
Epoch: 4
  Train Loss:        5.7668
    Contrastive 1:   2.8829
    Contrastive 2:   2.8818
    Cycle:           0.0020
  Valid Loss:        7.0868
    Contrastive 1:   3.5473
    Contrastive 2:   3.5368
    Cycle:           0.0027
  LR: 1.00e-04
Epoch: 5
  Train Loss:        5.6890
    Contrastive 1:   2.8447
    Contrastive 2:   2.8425
    Cycle:           0.0019
  Valid Loss:        7.0666
    Contrastive 1:   3.5400
    Contrastive 2:   3.5239
    Cycle:           0.0026
  LR: 1.00e-04
Epoch: 6
  Train Loss:        5.6199
    Contrastive 1:   2.8094
    Contrastive 2:   2.8087
    Cycle:           0.0018
  Valid Loss:        7.0662
    Contrastive 1:   3.5398
    Contrastive 2:   3.5238
    Cycle:           0.0027
  LR: 1.00e-04
Epoch: 7
  Train Loss:        5.5641
    Contrastive 1:   2.7818
    Contrastive 2:   2.7805
    Cycle:           0.0018
  Valid Loss:        7.0464
    Contrastive 1:   3.5339
    Contrastive 2:   3.5100
    Cycle:           0.0025
  LR: 1.00e-04
Epoch: 8
  Train Loss:        5.5181
    Contrastive 1:   2.7595
    Contrastive 2:   2.7569
    Cycle:           0.0018
  Valid Loss:        7.1009
    Contrastive 1:   3.5618
    Contrastive 2:   3.5365
    Cycle:           0.0026
  LR: 1.00e-04
Epoch: 9
  Train Loss:        5.4709
    Contrastive 1:   2.7358
    Contrastive 2:   2.7333
    Cycle:           0.0018
  Valid Loss:        7.0890
    Contrastive 1:   3.5483
    Contrastive 2:   3.5379
    Cycle:           0.0028
  LR: 1.00e-04
Epoch: 10
  Train Loss:        5.4362
    Contrastive 1:   2.7185
    Contrastive 2:   2.7160
    Cycle:           0.0018
  Valid Loss:        7.1380
    Contrastive 1:   3.5764
    Contrastive 2:   3.5585
    Cycle:           0.0031
  LR: 1.00e-04
Epoch: 11
  Train Loss:        5.3989
    Contrastive 1:   2.6989
    Contrastive 2:   2.6982
    Cycle:           0.0018
  Valid Loss:        7.1307
    Contrastive 1:   3.5646
    Contrastive 2:   3.5630
    Cycle:           0.0031
  LR: 1.00e-04
Epoch: 12
  Train Loss:        5.3627
    Contrastive 1:   2.6814
    Contrastive 2:   2.6795
    Cycle:           0.0018
  Valid Loss:        7.1568
    Contrastive 1:   3.5883
    Contrastive 2:   3.5655
    Cycle:           0.0029
  LR: 1.00e-04
Epoch: 13
  Train Loss:        5.3366
    Contrastive 1:   2.6679
    Contrastive 2:   2.6668
    Cycle:           0.0019
  Valid Loss:        7.1569
    Contrastive 1:   3.5859
    Contrastive 2:   3.5679
    Cycle:           0.0031
  LR: 1.00e-04
Epoch: 14
  Train Loss:        5.3071
    Contrastive 1:   2.6532
    Contrastive 2:   2.6520
    Cycle:           0.0018
  Valid Loss:        7.1578
    Contrastive 1:   3.5874
    Contrastive 2:   3.5672
    Cycle:           0.0032
  LR: 1.00e-04
Epoch: 15
  Train Loss:        5.2812
    Contrastive 1:   2.6403
    Contrastive 2:   2.6391
    Cycle:           0.0019
  Valid Loss:        7.2052
    Contrastive 1:   3.6130
    Contrastive 2:   3.5888
    Cycle:           0.0034
  LR: 1.00e-04
Epoch: 16
  Train Loss:        5.2563
    Contrastive 1:   2.6280
    Contrastive 2:   2.6264
    Cycle:           0.0019
  Valid Loss:        7.2224
    Contrastive 1:   3.6185
    Contrastive 2:   3.6003
    Cycle:           0.0036
  LR: 1.00e-04
Epoch: 17
  Train Loss:        5.2362
    Contrastive 1:   2.6176
    Contrastive 2:   2.6167
    Cycle:           0.0019
  Valid Loss:        7.2031
    Contrastive 1:   3.6031
    Contrastive 2:   3.5962
    Cycle:           0.0038
  LR: 1.00e-04
Epoch: 18
  Train Loss:        5.2176
    Contrastive 1:   2.6084
    Contrastive 2:   2.6073
    Cycle:           0.0019
  Valid Loss:        7.2246
    Contrastive 1:   3.6220
    Contrastive 2:   3.5991
    Cycle:           0.0035
  LR: 1.00e-04
Epoch: 19
  Train Loss:        5.1716
    Contrastive 1:   2.5853
    Contrastive 2:   2.5845
    Cycle:           0.0018
  Valid Loss:        7.2386
    Contrastive 1:   3.6281
    Contrastive 2:   3.6072
    Cycle:           0.0033
  LR: 1.00e-05
Epoch: 20
  Train Loss:        5.1497
    Contrastive 1:   2.5747
    Contrastive 2:   2.5733
    Cycle:           0.0017
  Valid Loss:        7.2422
    Contrastive 1:   3.6215
    Contrastive 2:   3.6174
    Cycle:           0.0033
  LR: 1.00e-05
Epoch: 21
  Train Loss:        5.1403
    Contrastive 1:   2.5694
    Contrastive 2:   2.5693
    Cycle:           0.0017
  Valid Loss:        7.2426
    Contrastive 1:   3.6213
    Contrastive 2:   3.6181
    Cycle:           0.0032
  LR: 1.00e-05
Epoch: 22
  Train Loss:        5.1321
    Contrastive 1:   2.5656
    Contrastive 2:   2.5649
    Cycle:           0.0016
  Valid Loss:        7.2484
    Contrastive 1:   3.6279
    Contrastive 2:   3.6175
    Cycle:           0.0030
  LR: 1.00e-05
Epoch: 23
  Train Loss:        5.1288
    Contrastive 1:   2.5634
    Contrastive 2:   2.5638
    Cycle:           0.0016
  Valid Loss:        7.2791
    Contrastive 1:   3.6435
    Contrastive 2:   3.6325
    Cycle:           0.0030
  LR: 1.00e-05
Epoch: 24
  Train Loss:        5.1225
    Contrastive 1:   2.5609
    Contrastive 2:   2.5600
    Cycle:           0.0016
  Valid Loss:        7.2465
    Contrastive 1:   3.6265
    Contrastive 2:   3.6170
    Cycle:           0.0030
  LR: 1.00e-05
Epoch: 25
  Train Loss:        5.1180
    Contrastive 1:   2.5588
    Contrastive 2:   2.5577
    Cycle:           0.0015
  Valid Loss:        7.2456
    Contrastive 1:   3.6272
    Contrastive 2:   3.6154
    Cycle:           0.0029
  LR: 1.00e-05
Epoch: 26
  Train Loss:        5.1147
    Contrastive 1:   2.5568
    Contrastive 2:   2.5565
    Cycle:           0.0015
  Valid Loss:        7.2677
    Contrastive 1:   3.6374
    Contrastive 2:   3.6274
    Cycle:           0.0029
  LR: 1.00e-05
Epoch: 27
  Train Loss:        5.1066
    Contrastive 1:   2.5529
    Contrastive 2:   2.5522
    Cycle:           0.0015
  Valid Loss:        7.2961
    Contrastive 1:   3.6524
    Contrastive 2:   3.6410
    Cycle:           0.0027
  LR: 1.00e-05
Epoch: 28
  Train Loss:        5.1047
    Contrastive 1:   2.5518
    Contrastive 2:   2.5515
    Cycle:           0.0014
  Valid Loss:        7.2834
    Contrastive 1:   3.6467
    Contrastive 2:   3.6340
    Cycle:           0.0027
  LR: 1.00e-05
Epoch: 29
  Train Loss:        5.1019
    Contrastive 1:   2.5500
    Contrastive 2:   2.5505
    Cycle:           0.0014
  Valid Loss:        7.2803
    Contrastive 1:   3.6445
    Contrastive 2:   3.6332
    Cycle:           0.0027
  LR: 1.00e-05
Epoch: 30
  Train Loss:        5.0977
    Contrastive 1:   2.5489
    Contrastive 2:   2.5474
    Cycle:           0.0014
  Valid Loss:        7.2843
    Contrastive 1:   3.6468
    Contrastive 2:   3.6348
    Cycle:           0.0027
  LR: 1.00e-06
Epoch: 31
  Train Loss:        5.0972
    Contrastive 1:   2.5481
    Contrastive 2:   2.5477
    Cycle:           0.0014
  Valid Loss:        7.2990
    Contrastive 1:   3.6558
    Contrastive 2:   3.6406
    Cycle:           0.0026
  LR: 1.00e-06
Epoch: 32
  Train Loss:        5.0960
    Contrastive 1:   2.5474
    Contrastive 2:   2.5472
    Cycle:           0.0014
  Valid Loss:        7.2897
    Contrastive 1:   3.6534
    Contrastive 2:   3.6336
    Cycle:           0.0026
  LR: 1.00e-06
Epoch: 33
  Train Loss:        5.0917
    Contrastive 1:   2.5452
    Contrastive 2:   2.5451
    Cycle:           0.0014
  Valid Loss:        7.2917
    Contrastive 1:   3.6503
    Contrastive 2:   3.6388
    Cycle:           0.0026
  LR: 1.00e-06
Epoch: 34
  Train Loss:        5.0943
    Contrastive 1:   2.5467
    Contrastive 2:   2.5462
    Cycle:           0.0014
  Valid Loss:        7.2759
    Contrastive 1:   3.6410
    Contrastive 2:   3.6323
    Cycle:           0.0026
  LR: 1.00e-06
Epoch: 35
  Train Loss:        5.0929
    Contrastive 1:   2.5460
    Contrastive 2:   2.5455
    Cycle:           0.0014
  Valid Loss:        7.2974
    Contrastive 1:   3.6508
    Contrastive 2:   3.6440
    Cycle:           0.0026
  LR: 1.00e-06
Epoch: 36
  Train Loss:        5.0888
    Contrastive 1:   2.5441
    Contrastive 2:   2.5434
    Cycle:           0.0013
  Valid Loss:        7.3068
    Contrastive 1:   3.6576
    Contrastive 2:   3.6466
    Cycle:           0.0026
  LR: 1.00e-06
Epoch: 37
  Train Loss:        5.0898
    Contrastive 1:   2.5444
    Contrastive 2:   2.5441
    Cycle:           0.0013
  Valid Loss:        7.3058
    Contrastive 1:   3.6557
    Contrastive 2:   3.6476
    Cycle:           0.0025
  LR: 1.00e-06
Epoch: 38
  Train Loss:        5.0906
    Contrastive 1:   2.5448
    Contrastive 2:   2.5445
    Cycle:           0.0013
  Valid Loss:        7.2936
    Contrastive 1:   3.6530
    Contrastive 2:   3.6380
    Cycle:           0.0025
  LR: 1.00e-06
Epoch: 39
  Train Loss:        5.0892
    Contrastive 1:   2.5445
    Contrastive 2:   2.5435
    Cycle:           0.0013
  Valid Loss:        7.3055
    Contrastive 1:   3.6545
    Contrastive 2:   3.6485
    Cycle:           0.0025
  LR: 1.00e-06
Epoch: 40
  Train Loss:        5.0871
    Contrastive 1:   2.5429
    Contrastive 2:   2.5429
    Cycle:           0.0013
  Valid Loss:        7.2920
    Contrastive 1:   3.6500
    Contrastive 2:   3.6395
    Cycle:           0.0025
  LR: 1.00e-06
Epoch: 41
  Train Loss:        5.0876
    Contrastive 1:   2.5432
    Contrastive 2:   2.5431
    Cycle:           0.0013
  Valid Loss:        7.2990
    Contrastive 1:   3.6593
    Contrastive 2:   3.6372
    Cycle:           0.0025
  LR: 1.00e-07
Epoch: 42
  Train Loss:        5.0874
    Contrastive 1:   2.5430
    Contrastive 2:   2.5431
    Cycle:           0.0013
  Valid Loss:        7.3004
    Contrastive 1:   3.6554
    Contrastive 2:   3.6425
    Cycle:           0.0025
  LR: 1.00e-07
Epoch: 43
  Train Loss:        5.0885
    Contrastive 1:   2.5436
    Contrastive 2:   2.5436
    Cycle:           0.0013
  Valid Loss:        7.3058
    Contrastive 1:   3.6598
    Contrastive 2:   3.6436
    Cycle:           0.0025
  LR: 1.00e-07
Epoch: 44
  Train Loss:        5.0879
    Contrastive 1:   2.5433
    Contrastive 2:   2.5433
    Cycle:           0.0013
  Valid Loss:        7.2832
    Contrastive 1:   3.6529
    Contrastive 2:   3.6279
    Cycle:           0.0025
  LR: 1.00e-07
Epoch: 45
  Train Loss:        5.0877
    Contrastive 1:   2.5437
    Contrastive 2:   2.5427
    Cycle:           0.0013
  Valid Loss:        7.2757
    Contrastive 1:   3.6440
    Contrastive 2:   3.6292
    Cycle:           0.0025
  LR: 1.00e-07
Epoch: 46
  Train Loss:        5.0891
    Contrastive 1:   2.5442
    Contrastive 2:   2.5436
    Cycle:           0.0013
  Valid Loss:        7.2866
    Contrastive 1:   3.6497
    Contrastive 2:   3.6344
    Cycle:           0.0025
  LR: 1.00e-07
Epoch: 47
  Train Loss:        5.0887
    Contrastive 1:   2.5440
    Contrastive 2:   2.5435
    Cycle:           0.0013
  Valid Loss:        7.3016
    Contrastive 1:   3.6552
    Contrastive 2:   3.6439
    Cycle:           0.0025
  LR: 1.00e-07
Epoch: 48
  Train Loss:        5.0885
    Contrastive 1:   2.5439
    Contrastive 2:   2.5433
    Cycle:           0.0013
  Valid Loss:        7.3071
    Contrastive 1:   3.6576
    Contrastive 2:   3.6471
    Cycle:           0.0024
  LR: 1.00e-07
Epoch: 49
  Train Loss:        5.0885
    Contrastive 1:   2.5439
    Contrastive 2:   2.5433
    Cycle:           0.0013
  Valid Loss:        7.3036
    Contrastive 1:   3.6623
    Contrastive 2:   3.6389
    Cycle:           0.0024
  LR: 1.00e-07
Epoch: 50
  Train Loss:        5.0885
    Contrastive 1:   2.5438
    Contrastive 2:   2.5434
    Cycle:           0.0013
  Valid Loss:        7.2960
    Contrastive 1:   3.6536
    Contrastive 2:   3.6399
    Cycle:           0.0025
  LR: 1.00e-07
Epoch: 51
  Train Loss:        5.0881
    Contrastive 1:   2.5436
    Contrastive 2:   2.5432
    Cycle:           0.0013
  Valid Loss:        7.2931
    Contrastive 1:   3.6534
    Contrastive 2:   3.6373
    Cycle:           0.0024
  LR: 1.00e-07
Epoch: 52
  Train Loss:        5.0880
    Contrastive 1:   2.5439
    Contrastive 2:   2.5428
    Cycle:           0.0013
  Valid Loss:        7.3049
    Contrastive 1:   3.6571
    Contrastive 2:   3.6453
    Cycle:           0.0025
  LR: 1.00e-08
Epoch: 53
  Train Loss:        5.0875
    Contrastive 1:   2.5430
    Contrastive 2:   2.5432
    Cycle:           0.0013
  Valid Loss:        7.2864
    Contrastive 1:   3.6500
    Contrastive 2:   3.6340
    Cycle:           0.0024
  LR: 1.00e-08
Epoch: 54
  Train Loss:        5.0893
    Contrastive 1:   2.5440
    Contrastive 2:   2.5441
    Cycle:           0.0013
  Valid Loss:        7.2941
    Contrastive 1:   3.6527
    Contrastive 2:   3.6390
    Cycle:           0.0024
  LR: 1.00e-08
Epoch: 55
  Train Loss:        5.0889
    Contrastive 1:   2.5440
    Contrastive 2:   2.5436
    Cycle:           0.0013
  Valid Loss:        7.3004
    Contrastive 1:   3.6595
    Contrastive 2:   3.6385
    Cycle:           0.0024
  LR: 1.00e-08
Epoch: 56
  Train Loss:        5.0890
    Contrastive 1:   2.5441
    Contrastive 2:   2.5436
    Cycle:           0.0013
  Valid Loss:        7.2871
    Contrastive 1:   3.6540
    Contrastive 2:   3.6306
    Cycle:           0.0025
  LR: 1.00e-08
Epoch: 57
  Train Loss:        5.0887
    Contrastive 1:   2.5439
    Contrastive 2:   2.5435
    Cycle:           0.0013
  Valid Loss:        7.3040
    Contrastive 1:   3.6572
    Contrastive 2:   3.6443
    Cycle:           0.0025
  LR: 1.00e-08
Epoch: 58
  Train Loss:        5.0886
    Contrastive 1:   2.5439
    Contrastive 2:   2.5435
    Cycle:           0.0013
  Valid Loss:        7.3004
    Contrastive 1:   3.6579
    Contrastive 2:   3.6400
    Cycle:           0.0025
  LR: 1.00e-08
Epoch: 59
  Train Loss:        5.0890
    Contrastive 1:   2.5441
    Contrastive 2:   2.5436
    Cycle:           0.0013
  Valid Loss:        7.2962
    Contrastive 1:   3.6531
    Contrastive 2:   3.6406
    Cycle:           0.0025
  LR: 1.00e-08
Epoch: 60
  Train Loss:        5.0891
    Contrastive 1:   2.5446
    Contrastive 2:   2.5432
    Cycle:           0.0013
  Valid Loss:        7.2786
    Contrastive 1:   3.6470
    Contrastive 2:   3.6291
    Cycle:           0.0024
  LR: 1.00e-08
Epoch: 61
  Train Loss:        5.0875
    Contrastive 1:   2.5433
    Contrastive 2:   2.5429
    Cycle:           0.0013
  Valid Loss:        7.2779
    Contrastive 1:   3.6442
    Contrastive 2:   3.6312
    Cycle:           0.0025
  LR: 1.00e-08
Epoch: 62
  Train Loss:        5.0882
    Contrastive 1:   2.5435
    Contrastive 2:   2.5434
    Cycle:           0.0013
  Valid Loss:        7.3042
    Contrastive 1:   3.6633
    Contrastive 2:   3.6384
    Cycle:           0.0025
  LR: 1.00e-08
Epoch: 63
  Train Loss:        5.0872
    Contrastive 1:   2.5429
    Contrastive 2:   2.5429
    Cycle:           0.0013
  Valid Loss:        7.2848
    Contrastive 1:   3.6468
    Contrastive 2:   3.6356
    Cycle:           0.0025
  LR: 1.00e-08
Epoch: 64
  Train Loss:        5.0880
    Contrastive 1:   2.5433
    Contrastive 2:   2.5434
    Cycle:           0.0013
  Valid Loss:        7.2780
    Contrastive 1:   3.6471
    Contrastive 2:   3.6284
    Cycle:           0.0024
  LR: 1.00e-08
Epoch: 65
  Train Loss:        5.0885
    Contrastive 1:   2.5440
    Contrastive 2:   2.5432
    Cycle:           0.0013
  Valid Loss:        7.2950
    Contrastive 1:   3.6542
    Contrastive 2:   3.6383
    Cycle:           0.0024
  LR: 1.00e-08
Epoch: 66
  Train Loss:        5.0881
    Contrastive 1:   2.5434
    Contrastive 2:   2.5435
    Cycle:           0.0013
  Valid Loss:        7.3069
    Contrastive 1:   3.6588
    Contrastive 2:   3.6457
    Cycle:           0.0025
  LR: 1.00e-08
Epoch: 67
  Train Loss:        5.0883
    Contrastive 1:   2.5437
    Contrastive 2:   2.5433
    Cycle:           0.0013
  Valid Loss:        7.2936
    Contrastive 1:   3.6598
    Contrastive 2:   3.6313
    Cycle:           0.0024
  LR: 1.00e-08
Epoch: 68
  Train Loss:        5.0882
    Contrastive 1:   2.5440
    Contrastive 2:   2.5430
    Cycle:           0.0013
  Valid Loss:        7.3087
    Contrastive 1:   3.6576
    Contrastive 2:   3.6487
    Cycle:           0.0025
  LR: 1.00e-08
Epoch: 69
  Train Loss:        5.0893
    Contrastive 1:   2.5441
    Contrastive 2:   2.5439
    Cycle:           0.0013
  Valid Loss:        7.3102
    Contrastive 1:   3.6584
    Contrastive 2:   3.6493
    Cycle:           0.0025
  LR: 1.00e-08
Epoch: 70
  Train Loss:        5.0864
    Contrastive 1:   2.5428
    Contrastive 2:   2.5423
    Cycle:           0.0013
  Valid Loss:        7.2993
    Contrastive 1:   3.6542
    Contrastive 2:   3.6427
    Cycle:           0.0024
  LR: 1.00e-08
Epoch: 71
  Train Loss:        5.0880
    Contrastive 1:   2.5434
    Contrastive 2:   2.5432
    Cycle:           0.0013
  Valid Loss:        7.2951
    Contrastive 1:   3.6496
    Contrastive 2:   3.6431
    Cycle:           0.0025
  LR: 1.00e-08
Epoch: 72
  Train Loss:        5.0881
    Contrastive 1:   2.5435
    Contrastive 2:   2.5433
    Cycle:           0.0013
  Valid Loss:        7.2940
    Contrastive 1:   3.6493
    Contrastive 2:   3.6423
    Cycle:           0.0024
  LR: 1.00e-08
Epoch: 73
  Train Loss:        5.0882
    Contrastive 1:   2.5440
    Contrastive 2:   2.5429
    Cycle:           0.0013
  Valid Loss:        7.2938
    Contrastive 1:   3.6529
    Contrastive 2:   3.6384
    Cycle:           0.0024
  LR: 1.00e-08
Epoch: 74
  Train Loss:        5.0885
    Contrastive 1:   2.5435
    Contrastive 2:   2.5437
    Cycle:           0.0013
  Valid Loss:        7.3019
    Contrastive 1:   3.6616
    Contrastive 2:   3.6379
    Cycle:           0.0024
  LR: 1.00e-08
Epoch: 75
  Train Loss:        5.0871
    Contrastive 1:   2.5431
    Contrastive 2:   2.5427
    Cycle:           0.0013
  Valid Loss:        7.2969
    Contrastive 1:   3.6569
    Contrastive 2:   3.6376
    Cycle:           0.0025
  LR: 1.00e-08
Epoch: 76
  Train Loss:        5.0894
    Contrastive 1:   2.5438
    Contrastive 2:   2.5443
    Cycle:           0.0013
  Valid Loss:        7.2903
    Contrastive 1:   3.6511
    Contrastive 2:   3.6367
    Cycle:           0.0024
  LR: 1.00e-08
Epoch: 77
  Train Loss:        5.0862
    Contrastive 1:   2.5425
    Contrastive 2:   2.5424
    Cycle:           0.0013
  Valid Loss:        7.3029
    Contrastive 1:   3.6588
    Contrastive 2:   3.6416
    Cycle:           0.0025
  LR: 1.00e-08
Epoch: 78
  Train Loss:        5.0887
    Contrastive 1:   2.5438
    Contrastive 2:   2.5436
    Cycle:           0.0013
  Valid Loss:        7.2918
    Contrastive 1:   3.6524
    Contrastive 2:   3.6370
    Cycle:           0.0024
  LR: 1.00e-08
Epoch: 79
  Train Loss:        5.0893
    Contrastive 1:   2.5442
    Contrastive 2:   2.5439
    Cycle:           0.0013
  Valid Loss:        7.2792
    Contrastive 1:   3.6465
    Contrastive 2:   3.6303
    Cycle:           0.0025
  LR: 1.00e-08
Epoch: 80
  Train Loss:        5.0896
    Contrastive 1:   2.5448
    Contrastive 2:   2.5435
    Cycle:           0.0013
  Valid Loss:        7.2911
    Contrastive 1:   3.6542
    Contrastive 2:   3.6344
    Cycle:           0.0025
  LR: 1.00e-08
Epoch: 81
  Train Loss:        5.0855
    Contrastive 1:   2.5421
    Contrastive 2:   2.5421
    Cycle:           0.0013
  Valid Loss:        7.2900
    Contrastive 1:   3.6529
    Contrastive 2:   3.6347
    Cycle:           0.0025
  LR: 1.00e-08
Epoch: 82
  Train Loss:        5.0883
    Contrastive 1:   2.5438
    Contrastive 2:   2.5432
    Cycle:           0.0013
  Valid Loss:        7.3033
    Contrastive 1:   3.6581
    Contrastive 2:   3.6427
    Cycle:           0.0024
  LR: 1.00e-08
Epoch: 83
  Train Loss:        5.0870
    Contrastive 1:   2.5431
    Contrastive 2:   2.5426
    Cycle:           0.0013
  Valid Loss:        7.2997
    Contrastive 1:   3.6543
    Contrastive 2:   3.6430
    Cycle:           0.0024
  LR: 1.00e-08
Epoch: 84
  Train Loss:        5.0887
    Contrastive 1:   2.5439
    Contrastive 2:   2.5436
    Cycle:           0.0013
  Valid Loss:        7.3080
    Contrastive 1:   3.6580
    Contrastive 2:   3.6476
    Cycle:           0.0025
  LR: 1.00e-08
Epoch: 85
  Train Loss:        5.0891
    Contrastive 1:   2.5438
    Contrastive 2:   2.5440
    Cycle:           0.0013
  Valid Loss:        7.3170
    Contrastive 1:   3.6641
    Contrastive 2:   3.6505
    Cycle:           0.0024
  LR: 1.00e-08
Epoch: 86
  Train Loss:        5.0870
    Contrastive 1:   2.5431
    Contrastive 2:   2.5426
    Cycle:           0.0013
  Valid Loss:        7.3131
    Contrastive 1:   3.6652
    Contrastive 2:   3.6453
    Cycle:           0.0025
  LR: 1.00e-08
Epoch: 87
  Train Loss:        5.0909
    Contrastive 1:   2.5451
    Contrastive 2:   2.5445
    Cycle:           0.0013
  Valid Loss:        7.3042
    Contrastive 1:   3.6599
    Contrastive 2:   3.6418
    Cycle:           0.0025
  LR: 1.00e-08
Epoch: 88
  Train Loss:        5.0882
    Contrastive 1:   2.5434
    Contrastive 2:   2.5435
    Cycle:           0.0013
  Valid Loss:        7.2986
    Contrastive 1:   3.6582
    Contrastive 2:   3.6380
    Cycle:           0.0024
  LR: 1.00e-08
Epoch: 89
  Train Loss:        5.0889
    Contrastive 1:   2.5439
    Contrastive 2:   2.5436
    Cycle:           0.0013
  Valid Loss:        7.3003
    Contrastive 1:   3.6576
    Contrastive 2:   3.6402
    Cycle:           0.0024
  LR: 1.00e-08
Epoch: 90
  Train Loss:        5.0874
    Contrastive 1:   2.5437
    Contrastive 2:   2.5424
    Cycle:           0.0013
  Valid Loss:        7.2924
    Contrastive 1:   3.6522
    Contrastive 2:   3.6377
    Cycle:           0.0025
  LR: 1.00e-08
Epoch: 91
  Train Loss:        5.0873
    Contrastive 1:   2.5435
    Contrastive 2:   2.5425
    Cycle:           0.0013
  Valid Loss:        7.3054
    Contrastive 1:   3.6611
    Contrastive 2:   3.6419
    Cycle:           0.0025
  LR: 1.00e-08
Epoch: 92
  Train Loss:        5.0893
    Contrastive 1:   2.5441
    Contrastive 2:   2.5439
    Cycle:           0.0013
  Valid Loss:        7.2989
    Contrastive 1:   3.6570
    Contrastive 2:   3.6394
    Cycle:           0.0025
  LR: 1.00e-08
Epoch: 93
  Train Loss:        5.0877
    Contrastive 1:   2.5434
    Contrastive 2:   2.5430
    Cycle:           0.0013
  Valid Loss:        7.3081
    Contrastive 1:   3.6606
    Contrastive 2:   3.6450
    Cycle:           0.0025
  LR: 1.00e-08
Epoch: 94
  Train Loss:        5.0876
    Contrastive 1:   2.5428
    Contrastive 2:   2.5435
    Cycle:           0.0013
  Valid Loss:        7.3039
    Contrastive 1:   3.6596
    Contrastive 2:   3.6418
    Cycle:           0.0025
  LR: 1.00e-08
Epoch: 95
  Train Loss:        5.0862
    Contrastive 1:   2.5424
    Contrastive 2:   2.5425
    Cycle:           0.0013
  Valid Loss:        7.3164
    Contrastive 1:   3.6655
    Contrastive 2:   3.6484
    Cycle:           0.0025
  LR: 1.00e-08
Epoch: 96
  Train Loss:        5.0858
    Contrastive 1:   2.5421
    Contrastive 2:   2.5424
    Cycle:           0.0013
  Valid Loss:        7.3156
    Contrastive 1:   3.6648
    Contrastive 2:   3.6483
    Cycle:           0.0024
  LR: 1.00e-08
Epoch: 97
  Train Loss:        5.0859
    Contrastive 1:   2.5425
    Contrastive 2:   2.5421
    Cycle:           0.0013
  Valid Loss:        7.3105
    Contrastive 1:   3.6554
    Contrastive 2:   3.6527
    Cycle:           0.0024
  LR: 1.00e-08
Epoch: 98
  Train Loss:        5.0893
    Contrastive 1:   2.5439
    Contrastive 2:   2.5441
    Cycle:           0.0013
  Valid Loss:        7.2960
    Contrastive 1:   3.6535
    Contrastive 2:   3.6400
    Cycle:           0.0025
  LR: 1.00e-08
Epoch: 99
  Train Loss:        5.0886
    Contrastive 1:   2.5440
    Contrastive 2:   2.5433
    Cycle:           0.0013
  Valid Loss:        7.3132
    Contrastive 1:   3.6574
    Contrastive 2:   3.6534
    Cycle:           0.0025
  LR: 1.00e-08
Fine Tuning Both
Epoch: 0, Alpha: 1.00
  Train Loss:        11.9502
    Contrastive:     11.9502
    Recon (all):     3.3967
    Recon (log):     0.6793
  Valid Loss:        11.6938
    Contrastive:     11.6938
    Recon (all):     2.2476
    Recon (log):     0.4495
  LR: 1.00e-04
Epoch: 1, Alpha: 0.99
  Train Loss:        9.7556
    Contrastive:     9.8298
    Recon (all):     2.3749
    Recon (log):     0.4750
  Valid Loss:        11.1004
    Contrastive:     11.1921
    Recon (all):     1.9791
    Recon (log):     0.3958
  LR: 1.00e-04
Epoch: 2, Alpha: 0.98
  Train Loss:        9.2536
    Contrastive:     9.3969
    Recon (all):     2.1572
    Recon (log):     0.4314
  Valid Loss:        10.8809
    Contrastive:     11.0626
    Recon (all):     1.8856
    Recon (log):     0.3771
  LR: 1.00e-04
Epoch: 3, Alpha: 0.97
  Train Loss:        8.9602
    Contrastive:     9.1710
    Recon (all):     2.0383
    Recon (log):     0.4077
  Valid Loss:        10.7061
    Contrastive:     10.9764
    Recon (all):     1.8300
    Recon (log):     0.3660
  LR: 1.00e-04
Epoch: 4, Alpha: 0.96
  Train Loss:        8.7392
    Contrastive:     9.0157
    Recon (all):     1.9631
    Recon (log):     0.3926
  Valid Loss:        10.4754
    Contrastive:     10.8306
    Recon (all):     1.7706
    Recon (log):     0.3541
  LR: 1.00e-04
Epoch: 5, Alpha: 0.95
  Train Loss:        8.5648
    Contrastive:     8.9062
    Recon (all):     1.9060
    Recon (log):     0.3812
  Valid Loss:        10.3320
    Contrastive:     10.7735
    Recon (all):     1.7220
    Recon (log):     0.3444
  LR: 1.00e-04
Epoch: 6, Alpha: 0.94
  Train Loss:        8.3945
    Contrastive:     8.7986
    Recon (all):     1.8593
    Recon (log):     0.3719
  Valid Loss:        10.1342
    Contrastive:     10.6571
    Recon (all):     1.6779
    Recon (log):     0.3356
  LR: 1.00e-04
Epoch: 7, Alpha: 0.93
  Train Loss:        8.2225
    Contrastive:     8.6875
    Recon (all):     1.8089
    Recon (log):     0.3618
  Valid Loss:        9.9628
    Contrastive:     10.5674
    Recon (all):     1.6249
    Recon (log):     0.3250
  LR: 1.00e-04
Epoch: 8, Alpha: 0.92
  Train Loss:        8.0490
    Contrastive:     8.5729
    Recon (all):     1.7591
    Recon (log):     0.3518
  Valid Loss:        9.7757
    Contrastive:     10.4585
    Recon (all):     1.5785
    Recon (log):     0.3157
  LR: 1.00e-04
Epoch: 9, Alpha: 0.91
  Train Loss:        7.8779
    Contrastive:     8.4592
    Recon (all):     1.7054
    Recon (log):     0.3411
  Valid Loss:        9.6198
    Contrastive:     10.3819
    Recon (all):     1.5267
    Recon (log):     0.3053
  LR: 1.00e-04
Epoch: 10, Alpha: 0.90
  Train Loss:        7.7214
    Contrastive:     8.3589
    Recon (all):     1.6598
    Recon (log):     0.3320
  Valid Loss:        9.4582
    Contrastive:     10.2968
    Recon (all):     1.4846
    Recon (log):     0.2969
  LR: 1.00e-04
Epoch: 11, Alpha: 0.90
  Train Loss:        7.5596
    Contrastive:     8.2515
    Recon (all):     1.6094
    Recon (log):     0.3219
  Valid Loss:        9.2378
    Contrastive:     10.1452
    Recon (all):     1.4345
    Recon (log):     0.2869
  LR: 1.00e-04
Epoch: 12, Alpha: 0.89
  Train Loss:        7.4003
    Contrastive:     8.1452
    Recon (all):     1.5578
    Recon (log):     0.3116
  Valid Loss:        9.1013
    Contrastive:     10.0863
    Recon (all):     1.3757
    Recon (log):     0.2751
  LR: 1.00e-04
Epoch: 13, Alpha: 0.88
  Train Loss:        7.2432
    Contrastive:     8.0395
    Recon (all):     1.5073
    Recon (log):     0.3015
  Valid Loss:        8.9449
    Contrastive:     10.0028
    Recon (all):     1.3243
    Recon (log):     0.2649
  LR: 1.00e-04
Epoch: 14, Alpha: 0.87
  Train Loss:        7.0998
    Contrastive:     7.9466
    Recon (all):     1.4647
    Recon (log):     0.2929
  Valid Loss:        8.8023
    Contrastive:     9.9313
    Recon (all):     1.2898
    Recon (log):     0.2580
  LR: 1.00e-04
Epoch: 15, Alpha: 0.86
  Train Loss:        6.9561
    Contrastive:     7.8526
    Recon (all):     1.4164
    Recon (log):     0.2833
  Valid Loss:        8.6351
    Contrastive:     9.8332
    Recon (all):     1.2324
    Recon (log):     0.2465
  LR: 1.00e-04
Epoch: 16, Alpha: 0.85
  Train Loss:        6.8169
    Contrastive:     7.7614
    Recon (all):     1.3737
    Recon (log):     0.2747
  Valid Loss:        8.4705
    Contrastive:     9.7351
    Recon (all):     1.1821
    Recon (log):     0.2364
  LR: 1.00e-04
Epoch: 17, Alpha: 0.84
  Train Loss:        6.6923
    Contrastive:     7.6845
    Recon (all):     1.3379
    Recon (log):     0.2676
  Valid Loss:        8.3592
    Contrastive:     9.6954
    Recon (all):     1.1486
    Recon (log):     0.2297
  LR: 1.00e-04
Epoch: 18, Alpha: 0.84
  Train Loss:        6.5792
    Contrastive:     7.6192
    Recon (all):     1.3058
    Recon (log):     0.2612
  Valid Loss:        8.2656
    Contrastive:     9.6751
    Recon (all):     1.1187
    Recon (log):     0.2237
  LR: 1.00e-04
Epoch: 19, Alpha: 0.83
  Train Loss:        6.4634
    Contrastive:     7.5495
    Recon (all):     1.2731
    Recon (log):     0.2546
  Valid Loss:        8.1015
    Contrastive:     9.5712
    Recon (all):     1.0781
    Recon (log):     0.2156
  LR: 1.00e-04
Epoch: 20, Alpha: 0.82
  Train Loss:        6.3490
    Contrastive:     7.4800
    Recon (all):     1.2406
    Recon (log):     0.2481
  Valid Loss:        7.9893
    Contrastive:     9.5268
    Recon (all):     1.0448
    Recon (log):     0.2090
  LR: 1.00e-04
Epoch: 21, Alpha: 0.81
  Train Loss:        6.2445
    Contrastive:     7.4206
    Recon (all):     1.2113
    Recon (log):     0.2423
  Valid Loss:        7.9136
    Contrastive:     9.5249
    Recon (all):     1.0180
    Recon (log):     0.2036
  LR: 1.00e-04
Epoch: 22, Alpha: 0.80
  Train Loss:        6.1443
    Contrastive:     7.3648
    Recon (all):     1.1847
    Recon (log):     0.2369
  Valid Loss:        7.8013
    Contrastive:     9.4794
    Recon (all):     0.9819
    Recon (log):     0.1964
  LR: 1.00e-04
Epoch: 23, Alpha: 0.79
  Train Loss:        6.0498
    Contrastive:     7.3141
    Recon (all):     1.1611
    Recon (log):     0.2322
  Valid Loss:        7.7109
    Contrastive:     9.4563
    Recon (all):     0.9617
    Recon (log):     0.1923
  LR: 1.00e-04
Epoch: 24, Alpha: 0.79
  Train Loss:        5.9578
    Contrastive:     7.2653
    Recon (all):     1.1378
    Recon (log):     0.2276
  Valid Loss:        7.6029
    Contrastive:     9.4126
    Recon (all):     0.9314
    Recon (log):     0.1863
  LR: 1.00e-04
Epoch: 25, Alpha: 0.78
  Train Loss:        5.8687
    Contrastive:     7.2189
    Recon (all):     1.1149
    Recon (log):     0.2230
  Valid Loss:        7.5264
    Contrastive:     9.4025
    Recon (all):     0.9211
    Recon (log):     0.1842
  LR: 1.00e-04
Epoch: 26, Alpha: 0.77
  Train Loss:        5.7813
    Contrastive:     7.1730
    Recon (all):     1.0943
    Recon (log):     0.2189
  Valid Loss:        7.4309
    Contrastive:     9.3696
    Recon (all):     0.9016
    Recon (log):     0.1803
  LR: 1.00e-04
Epoch: 27, Alpha: 0.76
  Train Loss:        5.7016
    Contrastive:     7.1353
    Recon (all):     1.0763
    Recon (log):     0.2153
  Valid Loss:        7.3027
    Contrastive:     9.2970
    Recon (all):     0.8690
    Recon (log):     0.1738
  LR: 1.00e-04
Epoch: 28, Alpha: 0.76
  Train Loss:        5.6240
    Contrastive:     7.0986
    Recon (all):     1.0605
    Recon (log):     0.2121
  Valid Loss:        7.2500
    Contrastive:     9.3132
    Recon (all):     0.8652
    Recon (log):     0.1730
  LR: 1.00e-04
Epoch: 29, Alpha: 0.75
  Train Loss:        5.5490
    Contrastive:     7.0641
    Recon (all):     1.0455
    Recon (log):     0.2091
  Valid Loss:        7.1402
    Contrastive:     9.2594
    Recon (all):     0.8407
    Recon (log):     0.1681
  LR: 1.00e-04
Epoch: 30, Alpha: 0.74
  Train Loss:        5.4793
    Contrastive:     7.0353
    Recon (all):     1.0316
    Recon (log):     0.2063
  Valid Loss:        7.0762
    Contrastive:     9.2607
    Recon (all):     0.8322
    Recon (log):     0.1664
  LR: 1.00e-04
Epoch: 31, Alpha: 0.73
  Train Loss:        5.4083
    Contrastive:     7.0040
    Recon (all):     1.0176
    Recon (log):     0.2035
  Valid Loss:        7.0044
    Contrastive:     9.2530
    Recon (all):     0.8173
    Recon (log):     0.1635
  LR: 1.00e-04
Epoch: 32, Alpha: 0.73
  Train Loss:        5.3421
    Contrastive:     6.9778
    Recon (all):     1.0048
    Recon (log):     0.2010
  Valid Loss:        6.8950
    Contrastive:     9.1948
    Recon (all):     0.7966
    Recon (log):     0.1593
  LR: 1.00e-04
Epoch: 33, Alpha: 0.72
  Train Loss:        5.2706
    Contrastive:     6.9439
    Recon (all):     0.9906
    Recon (log):     0.1981
  Valid Loss:        6.8338
    Contrastive:     9.1966
    Recon (all):     0.7905
    Recon (log):     0.1581
  LR: 1.00e-04
Epoch: 34, Alpha: 0.71
  Train Loss:        5.2053
    Contrastive:     6.9167
    Recon (all):     0.9790
    Recon (log):     0.1958
  Valid Loss:        6.7588
    Contrastive:     9.1809
    Recon (all):     0.7775
    Recon (log):     0.1555
  LR: 1.00e-04
Epoch: 35, Alpha: 0.70
  Train Loss:        5.1456
    Contrastive:     6.8963
    Recon (all):     0.9681
    Recon (log):     0.1936
  Valid Loss:        6.6782
    Contrastive:     9.1559
    Recon (all):     0.7657
    Recon (log):     0.1531
  LR: 1.00e-04
Epoch: 36, Alpha: 0.70
  Train Loss:        5.0867
    Contrastive:     6.8753
    Recon (all):     0.9592
    Recon (log):     0.1918
  Valid Loss:        6.6318
    Contrastive:     9.1774
    Recon (all):     0.7572
    Recon (log):     0.1514
  LR: 1.00e-04
Epoch: 37, Alpha: 0.69
  Train Loss:        5.0279
    Contrastive:     6.8537
    Recon (all):     0.9501
    Recon (log):     0.1900
  Valid Loss:        6.5226
    Contrastive:     9.1086
    Recon (all):     0.7469
    Recon (log):     0.1494
  LR: 1.00e-04
Epoch: 38, Alpha: 0.68
  Train Loss:        4.9715
    Contrastive:     6.8345
    Recon (all):     0.9415
    Recon (log):     0.1883
  Valid Loss:        6.5075
    Contrastive:     9.1714
    Recon (all):     0.7449
    Recon (log):     0.1490
  LR: 1.00e-04
Epoch: 39, Alpha: 0.68
  Train Loss:        4.9145
    Contrastive:     6.8132
    Recon (all):     0.9339
    Recon (log):     0.1868
  Valid Loss:        6.4329
    Contrastive:     9.1479
    Recon (all):     0.7408
    Recon (log):     0.1482
  LR: 1.00e-04
Epoch: 40, Alpha: 0.67
  Train Loss:        4.9741
    Contrastive:     6.9351
    Recon (all):     0.9868
    Recon (log):     0.1974
  Valid Loss:        6.3587
    Contrastive:     9.1220
    Recon (all):     0.7404
    Recon (log):     0.1481
  LR: 1.00e-04
Epoch: 41, Alpha: 0.66
  Train Loss:        4.8281
    Contrastive:     6.8050
    Recon (all):     0.9275
    Recon (log):     0.1855
  Valid Loss:        6.2891
    Contrastive:     9.1094
    Recon (all):     0.7245
    Recon (log):     0.1449
  LR: 1.00e-04
Epoch: 42, Alpha: 0.66
  Train Loss:        4.7682
    Contrastive:     6.7787
    Recon (all):     0.9166
    Recon (log):     0.1833
  Valid Loss:        6.2320
    Contrastive:     9.1077
    Recon (all):     0.7225
    Recon (log):     0.1445
  LR: 1.00e-04
Epoch: 43, Alpha: 0.65
  Train Loss:        4.7148
    Contrastive:     6.7591
    Recon (all):     0.9096
    Recon (log):     0.1819
  Valid Loss:        6.1745
    Contrastive:     9.1092
    Recon (all):     0.7121
    Recon (log):     0.1424
  LR: 1.00e-04
Epoch: 44, Alpha: 0.64
  Train Loss:        4.6662
    Contrastive:     6.7458
    Recon (all):     0.9037
    Recon (log):     0.1807
  Valid Loss:        6.1242
    Contrastive:     9.1172
    Recon (all):     0.7091
    Recon (log):     0.1418
  LR: 1.00e-04
Epoch: 45, Alpha: 0.64
  Train Loss:        4.6168
    Contrastive:     6.7304
    Recon (all):     0.8978
    Recon (log):     0.1796
  Valid Loss:        6.0645
    Contrastive:     9.1078
    Recon (all):     0.7095
    Recon (log):     0.1419
  LR: 1.00e-04
Epoch: 46, Alpha: 0.63
  Train Loss:        4.5695
    Contrastive:     6.7171
    Recon (all):     0.8925
    Recon (log):     0.1785
  Valid Loss:        6.0080
    Contrastive:     9.1091
    Recon (all):     0.6985
    Recon (log):     0.1397
  LR: 1.00e-04
Epoch: 47, Alpha: 0.63
  Train Loss:        4.5243
    Contrastive:     6.7067
    Recon (all):     0.8868
    Recon (log):     0.1774
  Valid Loss:        5.9297
    Contrastive:     9.0713
    Recon (all):     0.6938
    Recon (log):     0.1388
  LR: 1.00e-04
Epoch: 48, Alpha: 0.62
  Train Loss:        4.4778
    Contrastive:     6.6936
    Recon (all):     0.8811
    Recon (log):     0.1762
  Valid Loss:        5.8994
    Contrastive:     9.1098
    Recon (all):     0.6883
    Recon (log):     0.1377
  LR: 1.00e-04
Epoch: 49, Alpha: 0.61
  Train Loss:        4.4335
    Contrastive:     6.6826
    Recon (all):     0.8765
    Recon (log):     0.1753
  Valid Loss:        5.8319
    Contrastive:     9.0878
    Recon (all):     0.6827
    Recon (log):     0.1365
  LR: 1.00e-04
Epoch: 50, Alpha: 0.61
  Train Loss:        4.3897
    Contrastive:     6.6720
    Recon (all):     0.8717
    Recon (log):     0.1743
  Valid Loss:        5.7832
    Contrastive:     9.0924
    Recon (all):     0.6822
    Recon (log):     0.1364
  LR: 1.00e-04
Epoch: 51, Alpha: 0.60
  Train Loss:        4.3447
    Contrastive:     6.6586
    Recon (all):     0.8666
    Recon (log):     0.1733
  Valid Loss:        5.7261
    Contrastive:     9.0873
    Recon (all):     0.6737
    Recon (log):     0.1347
  LR: 1.00e-04
Epoch: 52, Alpha: 0.59
  Train Loss:        4.3012
    Contrastive:     6.6471
    Recon (all):     0.8615
    Recon (log):     0.1723
  Valid Loss:        5.6718
    Contrastive:     9.0808
    Recon (all):     0.6734
    Recon (log):     0.1347
  LR: 1.00e-04
Epoch: 53, Alpha: 0.59
  Train Loss:        4.2589
    Contrastive:     6.6368
    Recon (all):     0.8568
    Recon (log):     0.1714
  Valid Loss:        5.6035
    Contrastive:     9.0579
    Recon (all):     0.6611
    Recon (log):     0.1322
  LR: 1.00e-04
Epoch: 54, Alpha: 0.58
  Train Loss:        4.2162
    Contrastive:     6.6251
    Recon (all):     0.8519
    Recon (log):     0.1704
  Valid Loss:        5.5750
    Contrastive:     9.0918
    Recon (all):     0.6632
    Recon (log):     0.1326
  LR: 1.00e-04
Epoch: 55, Alpha: 0.58
  Train Loss:        4.1764
    Contrastive:     6.6171
    Recon (all):     0.8478
    Recon (log):     0.1696
  Valid Loss:        5.4985
    Contrastive:     9.0417
    Recon (all):     0.6663
    Recon (log):     0.1333
  LR: 1.00e-04
Epoch: 56, Alpha: 0.57
  Train Loss:        4.1350
    Contrastive:     6.6057
    Recon (all):     0.8437
    Recon (log):     0.1687
  Valid Loss:        5.4597
    Contrastive:     9.0647
    Recon (all):     0.6575
    Recon (log):     0.1315
  LR: 1.00e-04
Epoch: 57, Alpha: 0.57
  Train Loss:        4.0931
    Contrastive:     6.5933
    Recon (all):     0.8388
    Recon (log):     0.1678
  Valid Loss:        5.3901
    Contrastive:     9.0308
    Recon (all):     0.6512
    Recon (log):     0.1302
  LR: 1.00e-04
Epoch: 58, Alpha: 0.56
  Train Loss:        4.0545
    Contrastive:     6.5857
    Recon (all):     0.8343
    Recon (log):     0.1669
  Valid Loss:        5.3658
    Contrastive:     9.0714
    Recon (all):     0.6517
    Recon (log):     0.1303
  LR: 1.00e-04
Epoch: 59, Alpha: 0.55
  Train Loss:        4.0164
    Contrastive:     6.5776
    Recon (all):     0.8308
    Recon (log):     0.1662
  Valid Loss:        5.3012
    Contrastive:     9.0427
    Recon (all):     0.6476
    Recon (log):     0.1295
  LR: 1.00e-04
Epoch: 60, Alpha: 0.55
  Train Loss:        3.9759
    Contrastive:     6.5652
    Recon (all):     0.8264
    Recon (log):     0.1653
  Valid Loss:        5.2640
    Contrastive:     9.0581
    Recon (all):     0.6489
    Recon (log):     0.1298
  LR: 1.00e-04
Epoch: 61, Alpha: 0.54
  Train Loss:        3.9375
    Contrastive:     6.5556
    Recon (all):     0.8222
    Recon (log):     0.1644
  Valid Loss:        5.2114
    Contrastive:     9.0478
    Recon (all):     0.6466
    Recon (log):     0.1293
  LR: 1.00e-04
Epoch: 62, Alpha: 0.54
  Train Loss:        3.9001
    Contrastive:     6.5471
    Recon (all):     0.8183
    Recon (log):     0.1637
  Valid Loss:        5.1513
    Contrastive:     9.0321
    Recon (all):     0.6332
    Recon (log):     0.1266
  LR: 1.00e-04
Epoch: 63, Alpha: 0.53
  Train Loss:        3.8626
    Contrastive:     6.5375
    Recon (all):     0.8147
    Recon (log):     0.1629
  Valid Loss:        5.1166
    Contrastive:     9.0522
    Recon (all):     0.6322
    Recon (log):     0.1264
  LR: 1.00e-04
Epoch: 64, Alpha: 0.53
  Train Loss:        3.8263
    Contrastive:     6.5296
    Recon (all):     0.8108
    Recon (log):     0.1622
  Valid Loss:        5.0642
    Contrastive:     9.0367
    Recon (all):     0.6330
    Recon (log):     0.1266
  LR: 1.00e-04
Epoch: 65, Alpha: 0.52
  Train Loss:        3.7910
    Contrastive:     6.5227
    Recon (all):     0.8073
    Recon (log):     0.1615
  Valid Loss:        5.0269
    Contrastive:     9.0456
    Recon (all):     0.6374
    Recon (log):     0.1275
  LR: 1.00e-04
Epoch: 66, Alpha: 0.52
  Train Loss:        3.7563
    Contrastive:     6.5158
    Recon (all):     0.8042
    Recon (log):     0.1608
  Valid Loss:        4.9748
    Contrastive:     9.0350
    Recon (all):     0.6313
    Recon (log):     0.1263
  LR: 1.00e-04
Epoch: 67, Alpha: 0.51
  Train Loss:        3.7203
    Contrastive:     6.5063
    Recon (all):     0.8007
    Recon (log):     0.1601
  Valid Loss:        4.9411
    Contrastive:     9.0548
    Recon (all):     0.6301
    Recon (log):     0.1260
  LR: 1.00e-04
Epoch: 68, Alpha: 0.51
  Train Loss:        3.6855
    Contrastive:     6.4982
    Recon (all):     0.7973
    Recon (log):     0.1595
  Valid Loss:        4.8864
    Contrastive:     9.0377
    Recon (all):     0.6237
    Recon (log):     0.1247
  LR: 1.00e-04
Epoch: 69, Alpha: 0.50
  Train Loss:        3.6520
    Contrastive:     6.4920
    Recon (all):     0.7941
    Recon (log):     0.1588
  Valid Loss:        4.8351
    Contrastive:     9.0216
    Recon (all):     0.6221
    Recon (log):     0.1244
  LR: 1.00e-04
Epoch: 70, Alpha: 0.50
  Train Loss:        3.6180
    Contrastive:     6.4839
    Recon (all):     0.7910
    Recon (log):     0.1582
  Valid Loss:        4.7964
    Contrastive:     9.0331
    Recon (all):     0.6171
    Recon (log):     0.1234
  LR: 1.00e-04
Epoch: 71, Alpha: 0.49
  Train Loss:        3.5860
    Contrastive:     6.4783
    Recon (all):     0.7887
    Recon (log):     0.1577
  Valid Loss:        4.7515
    Contrastive:     9.0224
    Recon (all):     0.6211
    Recon (log):     0.1242
  LR: 1.00e-04
Epoch: 72, Alpha: 0.49
  Train Loss:        3.5531
    Contrastive:     6.4711
    Recon (all):     0.7858
    Recon (log):     0.1572
  Valid Loss:        4.7125
    Contrastive:     9.0344
    Recon (all):     0.6137
    Recon (log):     0.1227
  LR: 1.00e-04
Epoch: 73, Alpha: 0.48
  Train Loss:        3.5207
    Contrastive:     6.4642
    Recon (all):     0.7828
    Recon (log):     0.1566
  Valid Loss:        4.6638
    Contrastive:     9.0225
    Recon (all):     0.6094
    Recon (log):     0.1219
  LR: 1.00e-04
Epoch: 74, Alpha: 0.48
  Train Loss:        3.4892
    Contrastive:     6.4581
    Recon (all):     0.7802
    Recon (log):     0.1560
  Valid Loss:        4.6042
    Contrastive:     8.9787
    Recon (all):     0.6126
    Recon (log):     0.1225
  LR: 1.00e-04
Epoch: 75, Alpha: 0.47
  Train Loss:        3.4568
    Contrastive:     6.4501
    Recon (all):     0.7770
    Recon (log):     0.1554
  Valid Loss:        4.5709
    Contrastive:     8.9973
    Recon (all):     0.6081
    Recon (log):     0.1216
  LR: 1.00e-04
Epoch: 76, Alpha: 0.47
  Train Loss:        3.4262
    Contrastive:     6.4446
    Recon (all):     0.7745
    Recon (log):     0.1549
  Valid Loss:        4.5466
    Contrastive:     9.0248
    Recon (all):     0.6124
    Recon (log):     0.1225
  LR: 1.00e-04
Epoch: 77, Alpha: 0.46
  Train Loss:        3.3964
    Contrastive:     6.4394
    Recon (all):     0.7726
    Recon (log):     0.1545
  Valid Loss:        4.4956
    Contrastive:     9.0087
    Recon (all):     0.6042
    Recon (log):     0.1208
  LR: 1.00e-04
Epoch: 78, Alpha: 0.46
  Train Loss:        3.3654
    Contrastive:     6.4324
    Recon (all):     0.7696
    Recon (log):     0.1539
  Valid Loss:        4.4566
    Contrastive:     9.0021
    Recon (all):     0.6092
    Recon (log):     0.1218
  LR: 1.00e-04
Epoch: 79, Alpha: 0.45
  Train Loss:        3.3371
    Contrastive:     6.4293
    Recon (all):     0.7676
    Recon (log):     0.1535
  Valid Loss:        4.4261
    Contrastive:     9.0229
    Recon (all):     0.6063
    Recon (log):     0.1213
  LR: 1.00e-04
Epoch: 80, Alpha: 0.45
  Train Loss:        3.3060
    Contrastive:     6.4202
    Recon (all):     0.7650
    Recon (log):     0.1530
  Valid Loss:        4.3814
    Contrastive:     9.0122
    Recon (all):     0.6028
    Recon (log):     0.1206
  LR: 1.00e-04
Epoch: 81, Alpha: 0.44
  Train Loss:        3.2769
    Contrastive:     6.4148
    Recon (all):     0.7625
    Recon (log):     0.1525
  Valid Loss:        4.3498
    Contrastive:     9.0185
    Recon (all):     0.6086
    Recon (log):     0.1217
  LR: 1.00e-04
Epoch: 82, Alpha: 0.44
  Train Loss:        3.2484
    Contrastive:     6.4094
    Recon (all):     0.7604
    Recon (log):     0.1521
  Valid Loss:        4.3036
    Contrastive:     9.0103
    Recon (all):     0.5989
    Recon (log):     0.1198
  LR: 1.00e-04
Epoch: 83, Alpha: 0.44
  Train Loss:        3.2201
    Contrastive:     6.4044
    Recon (all):     0.7579
    Recon (log):     0.1516
  Valid Loss:        4.2663
    Contrastive:     9.0112
    Recon (all):     0.5975
    Recon (log):     0.1195
  LR: 1.00e-04
Epoch: 84, Alpha: 0.43
  Train Loss:        3.1925
    Contrastive:     6.4000
    Recon (all):     0.7559
    Recon (log):     0.1512
  Valid Loss:        4.2362
    Contrastive:     9.0227
    Recon (all):     0.6000
    Recon (log):     0.1200
  LR: 1.00e-04
Epoch: 85, Alpha: 0.43
  Train Loss:        3.1634
    Contrastive:     6.3911
    Recon (all):     0.7541
    Recon (log):     0.1508
  Valid Loss:        4.1882
    Contrastive:     8.9927
    Recon (all):     0.6018
    Recon (log):     0.1204
  LR: 1.00e-04
Epoch: 86, Alpha: 0.42
  Train Loss:        3.1375
    Contrastive:     6.3895
    Recon (all):     0.7520
    Recon (log):     0.1504
  Valid Loss:        4.1361
    Contrastive:     8.9680
    Recon (all):     0.5914
    Recon (log):     0.1183
  LR: 1.00e-04
Epoch: 87, Alpha: 0.42
  Train Loss:        3.1122
    Contrastive:     6.3880
    Recon (all):     0.7503
    Recon (log):     0.1501
  Valid Loss:        4.1039
    Contrastive:     8.9689
    Recon (all):     0.5961
    Recon (log):     0.1192
  LR: 1.00e-04
Epoch: 88, Alpha: 0.41
  Train Loss:        3.0840
    Contrastive:     6.3793
    Recon (all):     0.7484
    Recon (log):     0.1497
  Valid Loss:        4.0881
    Contrastive:     9.0140
    Recon (all):     0.5968
    Recon (log):     0.1194
  LR: 1.00e-04
Epoch: 89, Alpha: 0.41
  Train Loss:        3.0584
    Contrastive:     6.3762
    Recon (all):     0.7465
    Recon (log):     0.1493
  Valid Loss:        4.0405
    Contrastive:     8.9847
    Recon (all):     0.5953
    Recon (log):     0.1191
  LR: 1.00e-04
Epoch: 90, Alpha: 0.41
  Train Loss:        3.0305
    Contrastive:     6.3680
    Recon (all):     0.7440
    Recon (log):     0.1488
  Valid Loss:        4.0030
    Contrastive:     8.9804
    Recon (all):     0.5928
    Recon (log):     0.1186
  LR: 1.00e-04
Epoch: 91, Alpha: 0.40
  Train Loss:        3.0066
    Contrastive:     6.3674
    Recon (all):     0.7425
    Recon (log):     0.1485
  Valid Loss:        3.9706
    Contrastive:     8.9836
    Recon (all):     0.5933
    Recon (log):     0.1187
  LR: 1.00e-04
Epoch: 92, Alpha: 0.40
  Train Loss:        2.9806
    Contrastive:     6.3617
    Recon (all):     0.7405
    Recon (log):     0.1481
  Valid Loss:        3.9543
    Contrastive:     9.0209
    Recon (all):     0.5973
    Recon (log):     0.1195
  LR: 1.00e-04
Epoch: 93, Alpha: 0.39
  Train Loss:        2.9558
    Contrastive:     6.3571
    Recon (all):     0.7393
    Recon (log):     0.1479
  Valid Loss:        3.9055
    Contrastive:     8.9878
    Recon (all):     0.5935
    Recon (log):     0.1187
  LR: 1.00e-04
Epoch: 94, Alpha: 0.39
  Train Loss:        2.9311
    Contrastive:     6.3537
    Recon (all):     0.7370
    Recon (log):     0.1474
  Valid Loss:        3.8807
    Contrastive:     9.0123
    Recon (all):     0.5912
    Recon (log):     0.1182
  LR: 1.00e-04
Epoch: 95, Alpha: 0.39
  Train Loss:        2.9073
    Contrastive:     6.3509
    Recon (all):     0.7357
    Recon (log):     0.1471
  Valid Loss:        3.8301
    Contrastive:     8.9666
    Recon (all):     0.5910
    Recon (log):     0.1182
  LR: 1.00e-04
Epoch: 96, Alpha: 0.38
  Train Loss:        2.8829
    Contrastive:     6.3466
    Recon (all):     0.7338
    Recon (log):     0.1468
  Valid Loss:        3.8100
    Contrastive:     8.9951
    Recon (all):     0.5928
    Recon (log):     0.1186
  LR: 1.00e-04
Epoch: 97, Alpha: 0.38
  Train Loss:        2.8591
    Contrastive:     6.3422
    Recon (all):     0.7326
    Recon (log):     0.1465
  Valid Loss:        3.7882
    Contrastive:     9.0271
    Recon (all):     0.5898
    Recon (log):     0.1180
  LR: 1.00e-04
Epoch: 98, Alpha: 0.38
  Train Loss:        2.8350
    Contrastive:     6.3371
    Recon (all):     0.7309
    Recon (log):     0.1462
  Valid Loss:        3.7438
    Contrastive:     8.9941
    Recon (all):     0.5895
    Recon (log):     0.1179
  LR: 1.00e-04
Epoch: 99, Alpha: 0.37
  Train Loss:        2.8124
    Contrastive:     6.3349
    Recon (all):     0.7296
    Recon (log):     0.1459
  Valid Loss:        3.7036
    Contrastive:     8.9770
    Recon (all):     0.5856
    Recon (log):     0.1171
  LR: 1.00e-04
Epoch: 100, Alpha: 0.37
  Train Loss:        2.7895
    Contrastive:     6.3322
    Recon (all):     0.7277
    Recon (log):     0.1455
  Valid Loss:        3.6770
    Contrastive:     8.9914
    Recon (all):     0.5841
    Recon (log):     0.1168
  LR: 1.00e-04
Epoch: 101, Alpha: 0.36
  Train Loss:        2.7653
    Contrastive:     6.3256
    Recon (all):     0.7258
    Recon (log):     0.1452
  Valid Loss:        3.6565
    Contrastive:     9.0131
    Recon (all):     0.5879
    Recon (log):     0.1176
  LR: 1.00e-04
Epoch: 102, Alpha: 0.36
  Train Loss:        2.7434
    Contrastive:     6.3231
    Recon (all):     0.7247
    Recon (log):     0.1449
  Valid Loss:        3.6185
    Contrastive:     9.0013
    Recon (all):     0.5829
    Recon (log):     0.1166
  LR: 1.00e-04
Epoch: 103, Alpha: 0.36
  Train Loss:        2.7213
    Contrastive:     6.3196
    Recon (all):     0.7234
    Recon (log):     0.1447
  Valid Loss:        3.5905
    Contrastive:     9.0053
    Recon (all):     0.5841
    Recon (log):     0.1168
  LR: 1.00e-04
Epoch: 104, Alpha: 0.35
  Train Loss:        2.6992
    Contrastive:     6.3163
    Recon (all):     0.7219
    Recon (log):     0.1444
  Valid Loss:        3.5698
    Contrastive:     9.0246
    Recon (all):     0.5877
    Recon (log):     0.1175
  LR: 1.00e-04
Epoch: 105, Alpha: 0.35
  Train Loss:        2.6771
    Contrastive:     6.3125
    Recon (all):     0.7202
    Recon (log):     0.1440
  Valid Loss:        3.5349
    Contrastive:     9.0096
    Recon (all):     0.5878
    Recon (log):     0.1176
  LR: 1.00e-04
Epoch: 106, Alpha: 0.35
  Train Loss:        2.6566
    Contrastive:     6.3114
    Recon (all):     0.7191
    Recon (log):     0.1438
  Valid Loss:        3.4925
    Contrastive:     8.9844
    Recon (all):     0.5811
    Recon (log):     0.1162
  LR: 1.00e-04
Epoch: 107, Alpha: 0.34
  Train Loss:        2.6346
    Contrastive:     6.3066
    Recon (all):     0.7176
    Recon (log):     0.1435
  Valid Loss:        3.4697
    Contrastive:     9.0034
    Recon (all):     0.5807
    Recon (log):     0.1161
  LR: 1.00e-04
Epoch: 108, Alpha: 0.34
  Train Loss:        2.6135
    Contrastive:     6.3023
    Recon (all):     0.7167
    Recon (log):     0.1433
  Valid Loss:        3.4431
    Contrastive:     9.0043
    Recon (all):     0.5834
    Recon (log):     0.1167
  LR: 1.00e-04
Epoch: 109, Alpha: 0.34
  Train Loss:        2.5937
    Contrastive:     6.3025
    Recon (all):     0.7151
    Recon (log):     0.1430
  Valid Loss:        3.4138
    Contrastive:     9.0033
    Recon (all):     0.5826
    Recon (log):     0.1165
  LR: 1.00e-04
Epoch: 110, Alpha: 0.33
  Train Loss:        2.5734
    Contrastive:     6.3001
    Recon (all):     0.7139
    Recon (log):     0.1428
  Valid Loss:        3.3795
    Contrastive:     8.9903
    Recon (all):     0.5799
    Recon (log):     0.1160
  LR: 1.00e-04
Epoch: 111, Alpha: 0.33
  Train Loss:        2.5520
    Contrastive:     6.2937
    Recon (all):     0.7127
    Recon (log):     0.1425
  Valid Loss:        3.3551
    Contrastive:     9.0059
    Recon (all):     0.5775
    Recon (log):     0.1155
  LR: 1.00e-04
Epoch: 112, Alpha: 0.33
  Train Loss:        2.5335
    Contrastive:     6.2950
    Recon (all):     0.7118
    Recon (log):     0.1424
  Valid Loss:        3.3231
    Contrastive:     8.9916
    Recon (all):     0.5779
    Recon (log):     0.1156
  LR: 1.00e-04
Epoch: 113, Alpha: 0.32
  Train Loss:        2.5130
    Contrastive:     6.2905
    Recon (all):     0.7104
    Recon (log):     0.1421
  Valid Loss:        3.3089
    Contrastive:     9.0270
    Recon (all):     0.5804
    Recon (log):     0.1161
  LR: 1.00e-04
Epoch: 114, Alpha: 0.32
  Train Loss:        2.4923
    Contrastive:     6.2850
    Recon (all):     0.7090
    Recon (log):     0.1418
  Valid Loss:        3.2672
    Contrastive:     8.9743
    Recon (all):     0.5838
    Recon (log):     0.1168
  LR: 1.00e-04
Epoch: 115, Alpha: 0.32
  Train Loss:        2.4731
    Contrastive:     6.2833
    Recon (all):     0.7077
    Recon (log):     0.1415
  Valid Loss:        3.2520
    Contrastive:     9.0230
    Recon (all):     0.5780
    Recon (log):     0.1156
  LR: 1.00e-04
Epoch: 116, Alpha: 0.31
  Train Loss:        2.4548
    Contrastive:     6.2822
    Recon (all):     0.7070
    Recon (log):     0.1414
  Valid Loss:        3.2199
    Contrastive:     9.0048
    Recon (all):     0.5782
    Recon (log):     0.1156
  LR: 1.00e-04
Epoch: 117, Alpha: 0.31
  Train Loss:        2.4340
    Contrastive:     6.2749
    Recon (all):     0.7054
    Recon (log):     0.1411
  Valid Loss:        3.2000
    Contrastive:     9.0281
    Recon (all):     0.5771
    Recon (log):     0.1154
  LR: 1.00e-04
Epoch: 118, Alpha: 0.31
  Train Loss:        2.4163
    Contrastive:     6.2753
    Recon (all):     0.7044
    Recon (log):     0.1409
  Valid Loss:        3.1691
    Contrastive:     9.0103
    Recon (all):     0.5781
    Recon (log):     0.1156
  LR: 1.00e-04
Epoch: 119, Alpha: 0.30
  Train Loss:        2.3979
    Contrastive:     6.2735
    Recon (all):     0.7034
    Recon (log):     0.1407
  Valid Loss:        3.1298
    Contrastive:     8.9651
    Recon (all):     0.5783
    Recon (log):     0.1157
  LR: 1.00e-04
Epoch: 120, Alpha: 0.30
  Train Loss:        2.3790
    Contrastive:     6.2691
    Recon (all):     0.7023
    Recon (log):     0.1405
  Valid Loss:        3.1093
    Contrastive:     8.9769
    Recon (all):     0.5804
    Recon (log):     0.1161
  LR: 1.00e-04
Epoch: 121, Alpha: 0.30
  Train Loss:        2.3609
    Contrastive:     6.2668
    Recon (all):     0.7013
    Recon (log):     0.1403
  Valid Loss:        3.0779
    Contrastive:     8.9680
    Recon (all):     0.5751
    Recon (log):     0.1150
  LR: 1.00e-04
Epoch: 122, Alpha: 0.30
  Train Loss:        2.3426
    Contrastive:     6.2638
    Recon (all):     0.7000
    Recon (log):     0.1400
  Valid Loss:        3.0762
    Contrastive:     9.0373
    Recon (all):     0.5790
    Recon (log):     0.1158
  LR: 1.00e-04
Epoch: 123, Alpha: 0.29
  Train Loss:        2.3254
    Contrastive:     6.2626
    Recon (all):     0.6993
    Recon (log):     0.1399
  Valid Loss:        3.0493
    Contrastive:     9.0353
    Recon (all):     0.5770
    Recon (log):     0.1154
  LR: 1.00e-04
Epoch: 124, Alpha: 0.29
  Train Loss:        2.3080
    Contrastive:     6.2604
    Recon (all):     0.6985
    Recon (log):     0.1397
  Valid Loss:        3.0181
    Contrastive:     9.0185
    Recon (all):     0.5745
    Recon (log):     0.1149
  LR: 1.00e-04
Epoch: 125, Alpha: 0.29
  Train Loss:        2.2897
    Contrastive:     6.2563
    Recon (all):     0.6969
    Recon (log):     0.1394
  Valid Loss:        2.9968
    Contrastive:     9.0237
    Recon (all):     0.5767
    Recon (log):     0.1153
  LR: 1.00e-04
Epoch: 126, Alpha: 0.28
  Train Loss:        2.2725
    Contrastive:     6.2538
    Recon (all):     0.6960
    Recon (log):     0.1392
  Valid Loss:        2.9591
    Contrastive:     8.9881
    Recon (all):     0.5718
    Recon (log):     0.1144
  LR: 1.00e-04
Epoch: 127, Alpha: 0.28
  Train Loss:        2.2556
    Contrastive:     6.2525
    Recon (all):     0.6948
    Recon (log):     0.1390
  Valid Loss:        2.9374
    Contrastive:     8.9863
    Recon (all):     0.5753
    Recon (log):     0.1151
  LR: 1.00e-04
Epoch: 128, Alpha: 0.28
  Train Loss:        2.2388
    Contrastive:     6.2494
    Recon (all):     0.6942
    Recon (log):     0.1388
  Valid Loss:        2.9243
    Contrastive:     9.0278
    Recon (all):     0.5738
    Recon (log):     0.1148
  LR: 1.00e-04
Epoch: 129, Alpha: 0.28
  Train Loss:        2.2225
    Contrastive:     6.2489
    Recon (all):     0.6932
    Recon (log):     0.1386
  Valid Loss:        2.8931
    Contrastive:     9.0035
    Recon (all):     0.5723
    Recon (log):     0.1145
  LR: 1.00e-04
Epoch: 130, Alpha: 0.27
  Train Loss:        2.2057
    Contrastive:     6.2456
    Recon (all):     0.6922
    Recon (log):     0.1384
  Valid Loss:        2.8688
    Contrastive:     8.9980
    Recon (all):     0.5726
    Recon (log):     0.1145
  LR: 1.00e-04
Epoch: 131, Alpha: 0.27
  Train Loss:        2.1888
    Contrastive:     6.2413
    Recon (all):     0.6913
    Recon (log):     0.1383
  Valid Loss:        2.8618
    Contrastive:     9.0353
    Recon (all):     0.5805
    Recon (log):     0.1161
  LR: 1.00e-04
Epoch: 132, Alpha: 0.27
  Train Loss:        2.1733
    Contrastive:     6.2412
    Recon (all):     0.6905
    Recon (log):     0.1381
  Valid Loss:        2.8304
    Contrastive:     9.0185
    Recon (all):     0.5747
    Recon (log):     0.1149
  LR: 1.00e-04
Epoch: 133, Alpha: 0.26
  Train Loss:        2.1582
    Contrastive:     6.2424
    Recon (all):     0.6896
    Recon (log):     0.1379
  Valid Loss:        2.8112
    Contrastive:     9.0331
    Recon (all):     0.5739
    Recon (log):     0.1148
  LR: 1.00e-04
Epoch: 134, Alpha: 0.26
  Train Loss:        2.1419
    Contrastive:     6.2375
    Recon (all):     0.6890
    Recon (log):     0.1378
  Valid Loss:        2.7840
    Contrastive:     9.0116
    Recon (all):     0.5748
    Recon (log):     0.1150
  LR: 1.00e-04
Epoch: 135, Alpha: 0.26
  Train Loss:        2.1263
    Contrastive:     6.2369
    Recon (all):     0.6877
    Recon (log):     0.1375
  Valid Loss:        2.7611
    Contrastive:     9.0117
    Recon (all):     0.5736
    Recon (log):     0.1147
  LR: 1.00e-04
Epoch: 136, Alpha: 0.26
  Train Loss:        2.1108
    Contrastive:     6.2335
    Recon (all):     0.6873
    Recon (log):     0.1375
  Valid Loss:        2.7409
    Contrastive:     9.0198
    Recon (all):     0.5730
    Recon (log):     0.1146
  LR: 1.00e-04
Epoch: 137, Alpha: 0.25
  Train Loss:        2.0957
    Contrastive:     6.2322
    Recon (all):     0.6865
    Recon (log):     0.1373
  Valid Loss:        2.7072
    Contrastive:     8.9810
    Recon (all):     0.5698
    Recon (log):     0.1140
  LR: 1.00e-04
Epoch: 138, Alpha: 0.25
  Train Loss:        2.0799
    Contrastive:     6.2285
    Recon (all):     0.6854
    Recon (log):     0.1371
  Valid Loss:        2.7067
    Contrastive:     9.0481
    Recon (all):     0.5751
    Recon (log):     0.1150
  LR: 1.00e-04
Epoch: 139, Alpha: 0.25
  Train Loss:        2.0648
    Contrastive:     6.2273
    Recon (all):     0.6841
    Recon (log):     0.1368
  Valid Loss:        2.6656
    Contrastive:     8.9779
    Recon (all):     0.5719
    Recon (log):     0.1144
  LR: 1.00e-04
Epoch: 140, Alpha: 0.25
  Train Loss:        2.0498
    Contrastive:     6.2243
    Recon (all):     0.6835
    Recon (log):     0.1367
  Valid Loss:        2.6549
    Contrastive:     9.0284
    Recon (all):     0.5688
    Recon (log):     0.1138
  LR: 1.00e-04
Epoch: 141, Alpha: 0.24
  Train Loss:        2.0348
    Contrastive:     6.2201
    Recon (all):     0.6829
    Recon (log):     0.1366
  Valid Loss:        2.6308
    Contrastive:     9.0122
    Recon (all):     0.5697
    Recon (log):     0.1139
  LR: 1.00e-04
Epoch: 142, Alpha: 0.24
  Train Loss:        2.0205
    Contrastive:     6.2189
    Recon (all):     0.6822
    Recon (log):     0.1364
  Valid Loss:        2.6089
    Contrastive:     9.0087
    Recon (all):     0.5688
    Recon (log):     0.1138
  LR: 1.00e-04
Epoch: 143, Alpha: 0.24
  Train Loss:        2.0072
    Contrastive:     6.2219
    Recon (all):     0.6812
    Recon (log):     0.1362
  Valid Loss:        2.5906
    Contrastive:     9.0185
    Recon (all):     0.5684
    Recon (log):     0.1137
  LR: 1.00e-04
Epoch: 144, Alpha: 0.24
  Train Loss:        1.9922
    Contrastive:     6.2170
    Recon (all):     0.6804
    Recon (log):     0.1361
  Valid Loss:        2.5671
    Contrastive:     9.0104
    Recon (all):     0.5665
    Recon (log):     0.1133
  LR: 1.00e-04
Epoch: 145, Alpha: 0.23
  Train Loss:        1.9789
    Contrastive:     6.2169
    Recon (all):     0.6802
    Recon (log):     0.1360
  Valid Loss:        2.5535
    Contrastive:     9.0331
    Recon (all):     0.5677
    Recon (log):     0.1135
  LR: 1.00e-04
Epoch: 146, Alpha: 0.23
  Train Loss:        1.9648
    Contrastive:     6.2141
    Recon (all):     0.6794
    Recon (log):     0.1359
  Valid Loss:        2.5368
    Contrastive:     9.0251
    Recon (all):     0.5743
    Recon (log):     0.1149
  LR: 1.00e-04
Epoch: 147, Alpha: 0.23
  Train Loss:        1.9508
    Contrastive:     6.2119
    Recon (all):     0.6785
    Recon (log):     0.1357
  Valid Loss:        2.5138
    Contrastive:     9.0234
    Recon (all):     0.5702
    Recon (log):     0.1140
  LR: 1.00e-04
Epoch: 148, Alpha: 0.23
  Train Loss:        1.9379
    Contrastive:     6.2128
    Recon (all):     0.6780
    Recon (log):     0.1356
  Valid Loss:        2.4926
    Contrastive:     9.0233
    Recon (all):     0.5678
    Recon (log):     0.1136
  LR: 1.00e-04
Epoch: 149, Alpha: 0.23
  Train Loss:        1.9240
    Contrastive:     6.2094
    Recon (all):     0.6772
    Recon (log):     0.1354
  Valid Loss:        2.4699
    Contrastive:     9.0088
    Recon (all):     0.5675
    Recon (log):     0.1135
  LR: 1.00e-04
Epoch: 150, Alpha: 0.22
  Train Loss:        1.9108
    Contrastive:     6.2073
    Recon (all):     0.6768
    Recon (log):     0.1354
  Valid Loss:        2.4503
    Contrastive:     9.0108
    Recon (all):     0.5660
    Recon (log):     0.1132
  LR: 1.00e-04
Epoch: 151, Alpha: 0.22
  Train Loss:        1.8971
    Contrastive:     6.2043
    Recon (all):     0.6758
    Recon (log):     0.1352
  Valid Loss:        2.4393
    Contrastive:     9.0381
    Recon (all):     0.5682
    Recon (log):     0.1136
  LR: 1.00e-04
Epoch: 152, Alpha: 0.22
  Train Loss:        1.8845
    Contrastive:     6.2042
    Recon (all):     0.6753
    Recon (log):     0.1351
  Valid Loss:        2.4166
    Contrastive:     9.0218
    Recon (all):     0.5675
    Recon (log):     0.1135
  LR: 1.00e-04
Epoch: 153, Alpha: 0.22
  Train Loss:        1.8718
    Contrastive:     6.2038
    Recon (all):     0.6745
    Recon (log):     0.1349
  Valid Loss:        2.4031
    Contrastive:     9.0496
    Recon (all):     0.5661
    Recon (log):     0.1132
  LR: 1.00e-04
Epoch: 154, Alpha: 0.21
  Train Loss:        1.8588
    Contrastive:     6.2005
    Recon (all):     0.6740
    Recon (log):     0.1348
  Valid Loss:        2.3869
    Contrastive:     9.0376
    Recon (all):     0.5720
    Recon (log):     0.1144
  LR: 1.00e-04
Epoch: 155, Alpha: 0.21
  Train Loss:        1.8457
    Contrastive:     6.1992
    Recon (all):     0.6727
    Recon (log):     0.1345
  Valid Loss:        2.3662
    Contrastive:     9.0262
    Recon (all):     0.5717
    Recon (log):     0.1143
  LR: 1.00e-04
Epoch: 156, Alpha: 0.21
  Train Loss:        1.8338
    Contrastive:     6.1986
    Recon (all):     0.6726
    Recon (log):     0.1345
  Valid Loss:        2.3504
    Contrastive:     9.0390
    Recon (all):     0.5709
    Recon (log):     0.1142
  LR: 1.00e-04
Epoch: 157, Alpha: 0.21
  Train Loss:        1.8218
    Contrastive:     6.1983
    Recon (all):     0.6721
    Recon (log):     0.1344
  Valid Loss:        2.3262
    Contrastive:     9.0302
    Recon (all):     0.5651
    Recon (log):     0.1130
  LR: 1.00e-04
Epoch: 158, Alpha: 0.21
  Train Loss:        1.8095
    Contrastive:     6.1964
    Recon (all):     0.6716
    Recon (log):     0.1343
  Valid Loss:        2.3112
    Contrastive:     9.0357
    Recon (all):     0.5668
    Recon (log):     0.1134
  LR: 1.00e-04
Epoch: 159, Alpha: 0.20
  Train Loss:        1.7969
    Contrastive:     6.1927
    Recon (all):     0.6708
    Recon (log):     0.1342
  Valid Loss:        2.2986
    Contrastive:     9.0450
    Recon (all):     0.5704
    Recon (log):     0.1141
  LR: 1.00e-04
Epoch: 160, Alpha: 0.20
  Train Loss:        1.7849
    Contrastive:     6.1913
    Recon (all):     0.6702
    Recon (log):     0.1340
  Valid Loss:        2.2893
    Contrastive:     9.0777
    Recon (all):     0.5720
    Recon (log):     0.1144
  LR: 1.00e-04
Epoch: 161, Alpha: 0.20
  Train Loss:        1.7733
    Contrastive:     6.1918
    Recon (all):     0.6695
    Recon (log):     0.1339
  Valid Loss:        2.2591
    Contrastive:     9.0347
    Recon (all):     0.5664
    Recon (log):     0.1133
  LR: 1.00e-04
Epoch: 162, Alpha: 0.20
  Train Loss:        1.7612
    Contrastive:     6.1888
    Recon (all):     0.6688
    Recon (log):     0.1338
  Valid Loss:        2.2484
    Contrastive:     9.0563
    Recon (all):     0.5687
    Recon (log):     0.1137
  LR: 1.00e-04
Epoch: 163, Alpha: 0.20
  Train Loss:        1.7498
    Contrastive:     6.1879
    Recon (all):     0.6684
    Recon (log):     0.1337
  Valid Loss:        2.2275
    Contrastive:     9.0550
    Recon (all):     0.5638
    Recon (log):     0.1128
  LR: 1.00e-04
Epoch: 164, Alpha: 0.19
  Train Loss:        1.7383
    Contrastive:     6.1874
    Recon (all):     0.6675
    Recon (log):     0.1335
  Valid Loss:        2.2041
    Contrastive:     9.0092
    Recon (all):     0.5663
    Recon (log):     0.1133
  LR: 1.00e-04
Epoch: 165, Alpha: 0.19
  Train Loss:        1.7271
    Contrastive:     6.1864
    Recon (all):     0.6671
    Recon (log):     0.1334
  Valid Loss:        2.1898
    Contrastive:     9.0262
    Recon (all):     0.5648
    Recon (log):     0.1130
  LR: 1.00e-04
Epoch: 166, Alpha: 0.19
  Train Loss:        1.7157
    Contrastive:     6.1838
    Recon (all):     0.6667
    Recon (log):     0.1333
  Valid Loss:        2.1807
    Contrastive:     9.0610
    Recon (all):     0.5653
    Recon (log):     0.1131
  LR: 1.00e-04
Epoch: 167, Alpha: 0.19
  Train Loss:        1.7041
    Contrastive:     6.1818
    Recon (all):     0.6657
    Recon (log):     0.1331
  Valid Loss:        2.1578
    Contrastive:     9.0253
    Recon (all):     0.5652
    Recon (log):     0.1130
  LR: 1.00e-04
Epoch: 168, Alpha: 0.19
  Train Loss:        1.6939
    Contrastive:     6.1821
    Recon (all):     0.6658
    Recon (log):     0.1332
  Valid Loss:        2.1468
    Contrastive:     9.0434
    Recon (all):     0.5671
    Recon (log):     0.1134
  LR: 1.00e-04
Epoch: 169, Alpha: 0.18
  Train Loss:        1.6828
    Contrastive:     6.1802
    Recon (all):     0.6651
    Recon (log):     0.1330
  Valid Loss:        2.1330
    Contrastive:     9.0599
    Recon (all):     0.5656
    Recon (log):     0.1131
  LR: 1.00e-04
Epoch: 170, Alpha: 0.18
  Train Loss:        1.6719
    Contrastive:     6.1802
    Recon (all):     0.6642
    Recon (log):     0.1328
  Valid Loss:        2.1101
    Contrastive:     9.0423
    Recon (all):     0.5606
    Recon (log):     0.1121
  LR: 1.00e-04
Epoch: 171, Alpha: 0.18
  Train Loss:        1.6615
    Contrastive:     6.1798
    Recon (all):     0.6638
    Recon (log):     0.1328
  Valid Loss:        2.0989
    Contrastive:     9.0522
    Recon (all):     0.5635
    Recon (log):     0.1127
  LR: 1.00e-04
Epoch: 172, Alpha: 0.18
  Train Loss:        1.6512
    Contrastive:     6.1804
    Recon (all):     0.6633
    Recon (log):     0.1327
  Valid Loss:        2.0788
    Contrastive:     9.0390
    Recon (all):     0.5607
    Recon (log):     0.1121
  LR: 1.00e-04
Epoch: 173, Alpha: 0.18
  Train Loss:        1.6397
    Contrastive:     6.1745
    Recon (all):     0.6626
    Recon (log):     0.1325
  Valid Loss:        2.0676
    Contrastive:     9.0442
    Recon (all):     0.5643
    Recon (log):     0.1129
  LR: 1.00e-04
Epoch: 174, Alpha: 0.18
  Train Loss:        1.6299
    Contrastive:     6.1744
    Recon (all):     0.6624
    Recon (log):     0.1325
  Valid Loss:        2.0570
    Contrastive:     9.0604
    Recon (all):     0.5661
    Recon (log):     0.1132
  LR: 1.00e-04
Epoch: 175, Alpha: 0.17
  Train Loss:        1.6195
    Contrastive:     6.1736
    Recon (all):     0.6617
    Recon (log):     0.1323
  Valid Loss:        2.0440
    Contrastive:     9.0744
    Recon (all):     0.5654
    Recon (log):     0.1131
  LR: 1.00e-04
Epoch: 176, Alpha: 0.17
  Train Loss:        1.6092
    Contrastive:     6.1705
    Recon (all):     0.6614
    Recon (log):     0.1323
  Valid Loss:        2.0209
    Contrastive:     9.0432
    Recon (all):     0.5617
    Recon (log):     0.1123
  LR: 1.00e-04
Epoch: 177, Alpha: 0.17
  Train Loss:        1.5996
    Contrastive:     6.1727
    Recon (all):     0.6607
    Recon (log):     0.1321
  Valid Loss:        2.0143
    Contrastive:     9.0666
    Recon (all):     0.5665
    Recon (log):     0.1133
  LR: 1.00e-04
Epoch: 178, Alpha: 0.17
  Train Loss:        1.5891
    Contrastive:     6.1680
    Recon (all):     0.6603
    Recon (log):     0.1321
  Valid Loss:        2.0019
    Contrastive:     9.0786
    Recon (all):     0.5664
    Recon (log):     0.1133
  LR: 1.00e-04
Epoch: 179, Alpha: 0.17
  Train Loss:        1.5798
    Contrastive:     6.1699
    Recon (all):     0.6598
    Recon (log):     0.1320
  Valid Loss:        1.9777
    Contrastive:     9.0283
    Recon (all):     0.5646
    Recon (log):     0.1129
  LR: 1.00e-04
Epoch: 180, Alpha: 0.17
  Train Loss:        1.5702
    Contrastive:     6.1684
    Recon (all):     0.6596
    Recon (log):     0.1319
  Valid Loss:        1.9687
    Contrastive:     9.0681
    Recon (all):     0.5627
    Recon (log):     0.1125
  LR: 1.00e-04
Epoch: 181, Alpha: 0.16
  Train Loss:        1.5601
    Contrastive:     6.1664
    Recon (all):     0.6588
    Recon (log):     0.1318
  Valid Loss:        1.9576
    Contrastive:     9.0680
    Recon (all):     0.5662
    Recon (log):     0.1132
  LR: 1.00e-04
Epoch: 182, Alpha: 0.16
  Train Loss:        1.5508
    Contrastive:     6.1667
    Recon (all):     0.6583
    Recon (log):     0.1317
  Valid Loss:        1.9381
    Contrastive:     9.0545
    Recon (all):     0.5622
    Recon (log):     0.1124
  LR: 1.00e-04
Epoch: 183, Alpha: 0.16
  Train Loss:        1.5411
    Contrastive:     6.1636
    Recon (all):     0.6579
    Recon (log):     0.1316
  Valid Loss:        1.9316
    Contrastive:     9.0796
    Recon (all):     0.5659
    Recon (log):     0.1132
  LR: 1.00e-04
Epoch: 184, Alpha: 0.16
  Train Loss:        1.5325
    Contrastive:     6.1664
    Recon (all):     0.6576
    Recon (log):     0.1315
  Valid Loss:        1.9154
    Contrastive:     9.0711
    Recon (all):     0.5644
    Recon (log):     0.1129
  LR: 1.00e-04
Epoch: 185, Alpha: 0.16
  Train Loss:        1.5231
    Contrastive:     6.1635
    Recon (all):     0.6573
    Recon (log):     0.1315
  Valid Loss:        1.9023
    Contrastive:     9.0780
    Recon (all):     0.5636
    Recon (log):     0.1127
  LR: 1.00e-04
Epoch: 186, Alpha: 0.16
  Train Loss:        1.5135
    Contrastive:     6.1612
    Recon (all):     0.6565
    Recon (log):     0.1313
  Valid Loss:        1.8935
    Contrastive:     9.1032
    Recon (all):     0.5642
    Recon (log):     0.1128
  LR: 1.00e-04
Epoch: 187, Alpha: 0.15
  Train Loss:        1.5046
    Contrastive:     6.1607
    Recon (all):     0.6562
    Recon (log):     0.1312
  Valid Loss:        1.8752
    Contrastive:     9.0709
    Recon (all):     0.5641
    Recon (log):     0.1128
  LR: 1.00e-04
Epoch: 188, Alpha: 0.15
  Train Loss:        1.4953
    Contrastive:     6.1586
    Recon (all):     0.6556
    Recon (log):     0.1311
  Valid Loss:        1.8643
    Contrastive:     9.1013
    Recon (all):     0.5612
    Recon (log):     0.1122
  LR: 1.00e-04
Epoch: 189, Alpha: 0.15
  Train Loss:        1.4866
    Contrastive:     6.1581
    Recon (all):     0.6553
    Recon (log):     0.1311
  Valid Loss:        1.8436
    Contrastive:     9.0694
    Recon (all):     0.5577
    Recon (log):     0.1115
  LR: 1.00e-04
Epoch: 190, Alpha: 0.15
  Train Loss:        1.4781
    Contrastive:     6.1578
    Recon (all):     0.6550
    Recon (log):     0.1310
  Valid Loss:        1.8322
    Contrastive:     9.0896
    Recon (all):     0.5558
    Recon (log):     0.1112
  LR: 1.00e-04
Epoch: 191, Alpha: 0.15
  Train Loss:        1.4692
    Contrastive:     6.1563
    Recon (all):     0.6545
    Recon (log):     0.1309
  Valid Loss:        1.8253
    Contrastive:     9.0986
    Recon (all):     0.5610
    Recon (log):     0.1122
  LR: 1.00e-04
Epoch: 192, Alpha: 0.15
  Train Loss:        1.4603
    Contrastive:     6.1538
    Recon (all):     0.6540
    Recon (log):     0.1308
  Valid Loss:        1.8083
    Contrastive:     9.0858
    Recon (all):     0.5581
    Recon (log):     0.1116
  LR: 1.00e-04
Epoch: 193, Alpha: 0.15
  Train Loss:        1.4520
    Contrastive:     6.1547
    Recon (all):     0.6535
    Recon (log):     0.1307
  Valid Loss:        1.8004
    Contrastive:     9.0937
    Recon (all):     0.5621
    Recon (log):     0.1124
  LR: 1.00e-04
Epoch: 194, Alpha: 0.14
  Train Loss:        1.4434
    Contrastive:     6.1540
    Recon (all):     0.6529
    Recon (log):     0.1306
  Valid Loss:        1.7873
    Contrastive:     9.0935
    Recon (all):     0.5612
    Recon (log):     0.1122
  LR: 1.00e-04
Epoch: 195, Alpha: 0.14
  Train Loss:        1.4355
    Contrastive:     6.1529
    Recon (all):     0.6530
    Recon (log):     0.1306
  Valid Loss:        1.7713
    Contrastive:     9.0989
    Recon (all):     0.5558
    Recon (log):     0.1112
  LR: 1.00e-04
Epoch: 196, Alpha: 0.14
  Train Loss:        1.4273
    Contrastive:     6.1541
    Recon (all):     0.6524
    Recon (log):     0.1305
  Valid Loss:        1.7621
    Contrastive:     9.0924
    Recon (all):     0.5603
    Recon (log):     0.1121
  LR: 1.00e-04
Epoch: 197, Alpha: 0.14
  Train Loss:        1.4189
    Contrastive:     6.1518
    Recon (all):     0.6520
    Recon (log):     0.1304
  Valid Loss:        1.7439
    Contrastive:     9.0787
    Recon (all):     0.5552
    Recon (log):     0.1110
  LR: 1.00e-04
Epoch: 198, Alpha: 0.14
  Train Loss:        1.4107
    Contrastive:     6.1513
    Recon (all):     0.6514
    Recon (log):     0.1303
  Valid Loss:        1.7396
    Contrastive:     9.1072
    Recon (all):     0.5594
    Recon (log):     0.1119
  LR: 1.00e-04
Epoch: 199, Alpha: 0.14
  Train Loss:        1.4032
    Contrastive:     6.1500
    Recon (all):     0.6516
    Recon (log):     0.1303
  Valid Loss:        1.7293
    Contrastive:     9.1046
    Recon (all):     0.5615
    Recon (log):     0.1123
  LR: 1.00e-04
Epoch: 200, Alpha: 0.14
  Train Loss:        1.3948
    Contrastive:     6.1478
    Recon (all):     0.6509
    Recon (log):     0.1302
  Valid Loss:        1.7097
    Contrastive:     9.0924
    Recon (all):     0.5542
    Recon (log):     0.1108
  LR: 1.00e-04
Epoch: 201, Alpha: 0.13
  Train Loss:        1.3873
    Contrastive:     6.1484
    Recon (all):     0.6507
    Recon (log):     0.1301
  Valid Loss:        1.7053
    Contrastive:     9.1296
    Recon (all):     0.5566
    Recon (log):     0.1113
  LR: 1.00e-04
Epoch: 202, Alpha: 0.13
  Train Loss:        1.3794
    Contrastive:     6.1471
    Recon (all):     0.6502
    Recon (log):     0.1300
  Valid Loss:        1.6965
    Contrastive:     9.1349
    Recon (all):     0.5588
    Recon (log):     0.1118
  LR: 1.00e-04
Epoch: 203, Alpha: 0.13
  Train Loss:        1.3712
    Contrastive:     6.1446
    Recon (all):     0.6495
    Recon (log):     0.1299
  Valid Loss:        1.6832
    Contrastive:     9.1044
    Recon (all):     0.5612
    Recon (log):     0.1122
  LR: 1.00e-04
Epoch: 204, Alpha: 0.13
  Train Loss:        1.3643
    Contrastive:     6.1459
    Recon (all):     0.6496
    Recon (log):     0.1299
  Valid Loss:        1.6668
    Contrastive:     9.1146
    Recon (all):     0.5536
    Recon (log):     0.1107
  LR: 1.00e-04
Epoch: 205, Alpha: 0.13
  Train Loss:        1.3564
    Contrastive:     6.1447
    Recon (all):     0.6489
    Recon (log):     0.1298
  Valid Loss:        1.6630
    Contrastive:     9.1250
    Recon (all):     0.5604
    Recon (log):     0.1121
  LR: 1.00e-04
Epoch: 206, Alpha: 0.13
  Train Loss:        1.3490
    Contrastive:     6.1444
    Recon (all):     0.6486
    Recon (log):     0.1297
  Valid Loss:        1.6470
    Contrastive:     9.1159
    Recon (all):     0.5560
    Recon (log):     0.1112
  LR: 1.00e-04
Epoch: 207, Alpha: 0.13
  Train Loss:        1.3420
    Contrastive:     6.1439
    Recon (all):     0.6486
    Recon (log):     0.1297
  Valid Loss:        1.6363
    Contrastive:     9.1291
    Recon (all):     0.5543
    Recon (log):     0.1109
  LR: 1.00e-04
Epoch: 208, Alpha: 0.12
  Train Loss:        1.3340
    Contrastive:     6.1410
    Recon (all):     0.6477
    Recon (log):     0.1295
  Valid Loss:        1.6228
    Contrastive:     9.1285
    Recon (all):     0.5513
    Recon (log):     0.1103
  LR: 1.00e-04
Epoch: 209, Alpha: 0.12
  Train Loss:        1.3271
    Contrastive:     6.1407
    Recon (all):     0.6476
    Recon (log):     0.1295
  Valid Loss:        1.6162
    Contrastive:     9.1382
    Recon (all):     0.5544
    Recon (log):     0.1109
  LR: 1.00e-04
Epoch: 210, Alpha: 0.12
  Train Loss:        1.3197
    Contrastive:     6.1402
    Recon (all):     0.6470
    Recon (log):     0.1294
  Valid Loss:        1.6041
    Contrastive:     9.1167
    Recon (all):     0.5558
    Recon (log):     0.1112
  LR: 1.00e-04
Epoch: 211, Alpha: 0.12
  Train Loss:        1.3128
    Contrastive:     6.1404
    Recon (all):     0.6467
    Recon (log):     0.1293
  Valid Loss:        1.5920
    Contrastive:     9.1111
    Recon (all):     0.5546
    Recon (log):     0.1109
  LR: 1.00e-04
Epoch: 212, Alpha: 0.12
  Train Loss:        1.3059
    Contrastive:     6.1386
    Recon (all):     0.6467
    Recon (log):     0.1293
  Valid Loss:        1.5817
    Contrastive:     9.1139
    Recon (all):     0.5542
    Recon (log):     0.1108
  LR: 1.00e-04
Epoch: 213, Alpha: 0.12
  Train Loss:        1.2987
    Contrastive:     6.1390
    Recon (all):     0.6460
    Recon (log):     0.1292
  Valid Loss:        1.5717
    Contrastive:     9.1215
    Recon (all):     0.5535
    Recon (log):     0.1107
  LR: 1.00e-04
Epoch: 214, Alpha: 0.12
  Train Loss:        1.2921
    Contrastive:     6.1381
    Recon (all):     0.6459
    Recon (log):     0.1292
  Valid Loss:        1.5620
    Contrastive:     9.1278
    Recon (all):     0.5531
    Recon (log):     0.1106
  LR: 1.00e-04
Epoch: 215, Alpha: 0.12
  Train Loss:        1.2851
    Contrastive:     6.1362
    Recon (all):     0.6455
    Recon (log):     0.1291
  Valid Loss:        1.5520
    Contrastive:     9.1298
    Recon (all):     0.5530
    Recon (log):     0.1106
  LR: 1.00e-04
Epoch: 216, Alpha: 0.12
  Train Loss:        1.2783
    Contrastive:     6.1361
    Recon (all):     0.6450
    Recon (log):     0.1290
  Valid Loss:        1.5440
    Contrastive:     9.1798
    Recon (all):     0.5486
    Recon (log):     0.1097
  LR: 1.00e-04
Epoch: 217, Alpha: 0.11
  Train Loss:        1.2720
    Contrastive:     6.1374
    Recon (all):     0.6449
    Recon (log):     0.1290
  Valid Loss:        1.5336
    Contrastive:     9.1411
    Recon (all):     0.5531
    Recon (log):     0.1106
  LR: 1.00e-04
Epoch: 218, Alpha: 0.11
  Train Loss:        1.2650
    Contrastive:     6.1331
    Recon (all):     0.6446
    Recon (log):     0.1289
  Valid Loss:        1.5223
    Contrastive:     9.1085
    Recon (all):     0.5555
    Recon (log):     0.1111
  LR: 1.00e-04
Epoch: 219, Alpha: 0.11
  Train Loss:        1.2586
    Contrastive:     6.1356
    Recon (all):     0.6440
    Recon (log):     0.1288
  Valid Loss:        1.5127
    Contrastive:     9.1480
    Recon (all):     0.5504
    Recon (log):     0.1101
  LR: 1.00e-04
Epoch: 220, Alpha: 0.11
  Train Loss:        1.2522
    Contrastive:     6.1315
    Recon (all):     0.6442
    Recon (log):     0.1288
  Valid Loss:        1.5018
    Contrastive:     9.1264
    Recon (all):     0.5516
    Recon (log):     0.1103
  LR: 1.00e-04
Epoch: 221, Alpha: 0.11
  Train Loss:        1.2455
    Contrastive:     6.1317
    Recon (all):     0.6434
    Recon (log):     0.1287
  Valid Loss:        1.4959
    Contrastive:     9.1589
    Recon (all):     0.5517
    Recon (log):     0.1103
  LR: 1.00e-04
Epoch: 222, Alpha: 0.11
  Train Loss:        1.2395
    Contrastive:     6.1318
    Recon (all):     0.6434
    Recon (log):     0.1287
  Valid Loss:        1.4834
    Contrastive:     9.1235
    Recon (all):     0.5526
    Recon (log):     0.1105
  LR: 1.00e-04
Epoch: 223, Alpha: 0.11
  Train Loss:        1.2328
    Contrastive:     6.1312
    Recon (all):     0.6426
    Recon (log):     0.1285
  Valid Loss:        1.4729
    Contrastive:     9.1372
    Recon (all):     0.5495
    Recon (log):     0.1099
  LR: 1.00e-04
Epoch: 224, Alpha: 0.11
  Train Loss:        1.2266
    Contrastive:     6.1296
    Recon (all):     0.6424
    Recon (log):     0.1285
  Valid Loss:        1.4654
    Contrastive:     9.1564
    Recon (all):     0.5490
    Recon (log):     0.1098
  LR: 1.00e-04
Epoch: 225, Alpha: 0.11
  Train Loss:        1.2205
    Contrastive:     6.1292
    Recon (all):     0.6422
    Recon (log):     0.1284
  Valid Loss:        1.4526
    Contrastive:     9.1163
    Recon (all):     0.5497
    Recon (log):     0.1099
  LR: 1.00e-04
Epoch: 226, Alpha: 0.10
  Train Loss:        1.2145
    Contrastive:     6.1281
    Recon (all):     0.6421
    Recon (log):     0.1284
  Valid Loss:        1.4500
    Contrastive:     9.1638
    Recon (all):     0.5513
    Recon (log):     0.1103
  LR: 1.00e-04
Epoch: 227, Alpha: 0.10
  Train Loss:        1.2084
    Contrastive:     6.1294
    Recon (all):     0.6415
    Recon (log):     0.1283
  Valid Loss:        1.4424
    Contrastive:     9.1613
    Recon (all):     0.5531
    Recon (log):     0.1106
  LR: 1.00e-04
Epoch: 228, Alpha: 0.10
  Train Loss:        1.2026
    Contrastive:     6.1296
    Recon (all):     0.6412
    Recon (log):     0.1282
  Valid Loss:        1.4327
    Contrastive:     9.1791
    Recon (all):     0.5501
    Recon (log):     0.1100
  LR: 1.00e-04
Epoch: 229, Alpha: 0.10
  Train Loss:        1.1965
    Contrastive:     6.1274
    Recon (all):     0.6409
    Recon (log):     0.1282
  Valid Loss:        1.4202
    Contrastive:     9.1331
    Recon (all):     0.5511
    Recon (log):     0.1102
  LR: 1.00e-04
Epoch: 230, Alpha: 0.10
  Train Loss:        1.1909
    Contrastive:     6.1278
    Recon (all):     0.6408
    Recon (log):     0.1282
  Valid Loss:        1.4100
    Contrastive:     9.1458
    Recon (all):     0.5480
    Recon (log):     0.1096
  LR: 1.00e-04
Epoch: 231, Alpha: 0.10
  Train Loss:        1.1848
    Contrastive:     6.1262
    Recon (all):     0.6403
    Recon (log):     0.1281
  Valid Loss:        1.4058
    Contrastive:     9.1719
    Recon (all):     0.5499
    Recon (log):     0.1100
  LR: 1.00e-04
Epoch: 232, Alpha: 0.10
  Train Loss:        1.1791
    Contrastive:     6.1253
    Recon (all):     0.6401
    Recon (log):     0.1280
  Valid Loss:        1.3947
    Contrastive:     9.1494
    Recon (all):     0.5495
    Recon (log):     0.1099
  LR: 1.00e-04
Epoch: 233, Alpha: 0.10
  Train Loss:        1.1736
    Contrastive:     6.1250
    Recon (all):     0.6399
    Recon (log):     0.1280
  Valid Loss:        1.3876
    Contrastive:     9.1609
    Recon (all):     0.5497
    Recon (log):     0.1099
  LR: 1.00e-04
Epoch: 234, Alpha: 0.10
  Train Loss:        1.1680
    Contrastive:     6.1247
    Recon (all):     0.6396
    Recon (log):     0.1279
  Valid Loss:        1.3821
    Contrastive:     9.1665
    Recon (all):     0.5523
    Recon (log):     0.1105
  LR: 1.00e-04
Epoch: 235, Alpha: 0.10
  Train Loss:        1.1624
    Contrastive:     6.1239
    Recon (all):     0.6393
    Recon (log):     0.1279
  Valid Loss:        1.3665
    Contrastive:     9.1357
    Recon (all):     0.5474
    Recon (log):     0.1095
  LR: 1.00e-04
Epoch: 236, Alpha: 0.09
  Train Loss:        1.1571
    Contrastive:     6.1241
    Recon (all):     0.6392
    Recon (log):     0.1278
  Valid Loss:        1.3647
    Contrastive:     9.1608
    Recon (all):     0.5518
    Recon (log):     0.1104
  LR: 1.00e-04
Epoch: 237, Alpha: 0.09
  Train Loss:        1.1514
    Contrastive:     6.1227
    Recon (all):     0.6388
    Recon (log):     0.1278
  Valid Loss:        1.3494
    Contrastive:     9.1398
    Recon (all):     0.5461
    Recon (log):     0.1092
  LR: 1.00e-04
Epoch: 238, Alpha: 0.09
  Train Loss:        1.1461
    Contrastive:     6.1234
    Recon (all):     0.6384
    Recon (log):     0.1277
  Valid Loss:        1.3470
    Contrastive:     9.1727
    Recon (all):     0.5488
    Recon (log):     0.1098
  LR: 1.00e-04
Epoch: 239, Alpha: 0.09
  Train Loss:        1.1404
    Contrastive:     6.1210
    Recon (all):     0.6380
    Recon (log):     0.1276
  Valid Loss:        1.3398
    Contrastive:     9.1792
    Recon (all):     0.5490
    Recon (log):     0.1098
  LR: 1.00e-04
Epoch: 240, Alpha: 0.09
  Train Loss:        1.1352
    Contrastive:     6.1204
    Recon (all):     0.6379
    Recon (log):     0.1276
  Valid Loss:        1.3322
    Contrastive:     9.1916
    Recon (all):     0.5481
    Recon (log):     0.1096
  LR: 1.00e-04
Epoch: 241, Alpha: 0.09
  Train Loss:        1.1301
    Contrastive:     6.1206
    Recon (all):     0.6377
    Recon (log):     0.1275
  Valid Loss:        1.3201
    Contrastive:     9.1550
    Recon (all):     0.5470
    Recon (log):     0.1094
  LR: 1.00e-04
Epoch: 242, Alpha: 0.09
  Train Loss:        1.1249
    Contrastive:     6.1207
    Recon (all):     0.6373
    Recon (log):     0.1275
  Valid Loss:        1.3110
    Contrastive:     9.1538
    Recon (all):     0.5455
    Recon (log):     0.1091
  LR: 1.00e-04
Epoch: 243, Alpha: 0.09
  Train Loss:        1.1198
    Contrastive:     6.1195
    Recon (all):     0.6372
    Recon (log):     0.1274
  Valid Loss:        1.3127
    Contrastive:     9.2053
    Recon (all):     0.5508
    Recon (log):     0.1102
  LR: 1.00e-04
Epoch: 244, Alpha: 0.09
  Train Loss:        1.1146
    Contrastive:     6.1178
    Recon (all):     0.6369
    Recon (log):     0.1274
  Valid Loss:        1.2936
    Contrastive:     9.1437
    Recon (all):     0.5440
    Recon (log):     0.1088
  LR: 1.00e-04
Epoch: 245, Alpha: 0.09
  Train Loss:        1.1094
    Contrastive:     6.1175
    Recon (all):     0.6365
    Recon (log):     0.1273
  Valid Loss:        1.2932
    Contrastive:     9.2075
    Recon (all):     0.5457
    Recon (log):     0.1091
  LR: 1.00e-04
Epoch: 246, Alpha: 0.09
  Train Loss:        1.1045
    Contrastive:     6.1188
    Recon (all):     0.6361
    Recon (log):     0.1272
  Valid Loss:        1.2858
    Contrastive:     9.2006
    Recon (all):     0.5465
    Recon (log):     0.1093
  LR: 1.00e-04
Epoch: 247, Alpha: 0.08
  Train Loss:        1.0996
    Contrastive:     6.1193
    Recon (all):     0.6358
    Recon (log):     0.1272
  Valid Loss:        1.2793
    Contrastive:     9.1867
    Recon (all):     0.5487
    Recon (log):     0.1097
  LR: 1.00e-04
Epoch: 248, Alpha: 0.08
  Train Loss:        1.0948
    Contrastive:     6.1173
    Recon (all):     0.6357
    Recon (log):     0.1271
  Valid Loss:        1.2732
    Contrastive:     9.2140
    Recon (all):     0.5474
    Recon (log):     0.1095
  LR: 1.00e-04
Epoch: 249, Alpha: 0.08
  Train Loss:        1.0897
    Contrastive:     6.1149
    Recon (all):     0.6354
    Recon (log):     0.1271
  Valid Loss:        1.2615
    Contrastive:     9.1755
    Recon (all):     0.5460
    Recon (log):     0.1092
  LR: 1.00e-04
Training Decoder
Epoch: 0, Train Loss: 0.1274, Valid Loss: 0.1098, LR: 1.00e-04
Epoch: 1, Train Loss: 0.1271, Valid Loss: 0.1093, LR: 1.00e-04
Epoch: 2, Train Loss: 0.1270, Valid Loss: 0.1094, LR: 1.00e-04
Epoch: 3, Train Loss: 0.1269, Valid Loss: 0.1095, LR: 1.00e-04
Epoch: 4, Train Loss: 0.1268, Valid Loss: 0.1096, LR: 1.00e-04
Epoch: 5, Train Loss: 0.1268, Valid Loss: 0.1092, LR: 1.00e-04
Epoch: 6, Train Loss: 0.1266, Valid Loss: 0.1094, LR: 1.00e-04
Epoch: 7, Train Loss: 0.1267, Valid Loss: 0.1097, LR: 1.00e-04
Epoch: 8, Train Loss: 0.1266, Valid Loss: 0.1098, LR: 1.00e-04
Epoch: 9, Train Loss: 0.1266, Valid Loss: 0.1096, LR: 1.00e-04
Epoch: 10, Train Loss: 0.1265, Valid Loss: 0.1099, LR: 1.00e-04
Epoch: 11, Train Loss: 0.1265, Valid Loss: 0.1096, LR: 1.00e-04
Epoch: 12, Train Loss: 0.1265, Valid Loss: 0.1100, LR: 1.00e-04
Epoch: 13, Train Loss: 0.1264, Valid Loss: 0.1095, LR: 1.00e-04
Epoch: 14, Train Loss: 0.1265, Valid Loss: 0.1098, LR: 1.00e-04
Epoch: 15, Train Loss: 0.1264, Valid Loss: 0.1097, LR: 1.00e-04
Epoch: 16, Train Loss: 0.1263, Valid Loss: 0.1093, LR: 1.00e-04
Epoch: 17, Train Loss: 0.1261, Valid Loss: 0.1094, LR: 1.00e-05
Epoch: 18, Train Loss: 0.1261, Valid Loss: 0.1096, LR: 1.00e-05
Epoch: 19, Train Loss: 0.1260, Valid Loss: 0.1094, LR: 1.00e-05
Epoch: 20, Train Loss: 0.1259, Valid Loss: 0.1094, LR: 1.00e-05
Epoch: 21, Train Loss: 0.1259, Valid Loss: 0.1092, LR: 1.00e-05
Epoch: 22, Train Loss: 0.1259, Valid Loss: 0.1096, LR: 1.00e-05
Epoch: 23, Train Loss: 0.1258, Valid Loss: 0.1094, LR: 1.00e-05
Epoch: 24, Train Loss: 0.1258, Valid Loss: 0.1094, LR: 1.00e-05
Epoch: 25, Train Loss: 0.1258, Valid Loss: 0.1092, LR: 1.00e-05
Epoch: 26, Train Loss: 0.1258, Valid Loss: 0.1093, LR: 1.00e-05
Epoch: 27, Train Loss: 0.1258, Valid Loss: 0.1092, LR: 1.00e-05
Epoch: 28, Train Loss: 0.1258, Valid Loss: 0.1093, LR: 1.00e-05
Epoch: 29, Train Loss: 0.1258, Valid Loss: 0.1094, LR: 1.00e-05
Epoch: 30, Train Loss: 0.1258, Valid Loss: 0.1093, LR: 1.00e-05
Epoch: 31, Train Loss: 0.1257, Valid Loss: 0.1094, LR: 1.00e-05
Epoch: 32, Train Loss: 0.1257, Valid Loss: 0.1093, LR: 1.00e-05
Epoch: 33, Train Loss: 0.1257, Valid Loss: 0.1093, LR: 1.00e-05
Epoch: 34, Train Loss: 0.1258, Valid Loss: 0.1093, LR: 1.00e-05
Epoch: 35, Train Loss: 0.1257, Valid Loss: 0.1095, LR: 1.00e-05
Epoch: 36, Train Loss: 0.1257, Valid Loss: 0.1095, LR: 1.00e-05
Epoch: 37, Train Loss: 0.1257, Valid Loss: 0.1093, LR: 1.00e-05
Epoch: 38, Train Loss: 0.1256, Valid Loss: 0.1092, LR: 1.00e-05
Epoch: 39, Train Loss: 0.1257, Valid Loss: 0.1095, LR: 1.00e-06
Epoch: 40, Train Loss: 0.1257, Valid Loss: 0.1094, LR: 1.00e-06
Epoch: 41, Train Loss: 0.1256, Valid Loss: 0.1094, LR: 1.00e-06
Epoch: 42, Train Loss: 0.1256, Valid Loss: 0.1095, LR: 1.00e-06
Epoch: 43, Train Loss: 0.1257, Valid Loss: 0.1094, LR: 1.00e-06
Epoch: 44, Train Loss: 0.1257, Valid Loss: 0.1095, LR: 1.00e-06
Epoch: 45, Train Loss: 0.1257, Valid Loss: 0.1093, LR: 1.00e-06
Epoch: 46, Train Loss: 0.1256, Valid Loss: 0.1095, LR: 1.00e-06
Epoch: 47, Train Loss: 0.1256, Valid Loss: 0.1094, LR: 1.00e-06
Epoch: 48, Train Loss: 0.1258, Valid Loss: 0.1093, LR: 1.00e-06
Epoch: 49, Train Loss: 0.1257, Valid Loss: 0.1094, LR: 1.00e-06
Epoch: 50, Train Loss: 0.1257, Valid Loss: 0.1093, LR: 1.00e-07
Epoch: 51, Train Loss: 0.1257, Valid Loss: 0.1094, LR: 1.00e-07
Epoch: 52, Train Loss: 0.1257, Valid Loss: 0.1094, LR: 1.00e-07
Epoch: 53, Train Loss: 0.1257, Valid Loss: 0.1094, LR: 1.00e-07
Epoch: 54, Train Loss: 0.1256, Valid Loss: 0.1095, LR: 1.00e-07
Epoch: 55, Train Loss: 0.1257, Valid Loss: 0.1093, LR: 1.00e-07
Epoch: 56, Train Loss: 0.1257, Valid Loss: 0.1094, LR: 1.00e-07
Epoch: 57, Train Loss: 0.1257, Valid Loss: 0.1094, LR: 1.00e-07
Epoch: 58, Train Loss: 0.1256, Valid Loss: 0.1094, LR: 1.00e-07
Epoch: 59, Train Loss: 0.1257, Valid Loss: 0.1094, LR: 1.00e-07
Epoch: 60, Train Loss: 0.1256, Valid Loss: 0.1095, LR: 1.00e-07
Epoch: 61, Train Loss: 0.1257, Valid Loss: 0.1095, LR: 1.00e-08
Epoch: 62, Train Loss: 0.1257, Valid Loss: 0.1094, LR: 1.00e-08
Epoch: 63, Train Loss: 0.1257, Valid Loss: 0.1095, LR: 1.00e-08
Epoch: 64, Train Loss: 0.1256, Valid Loss: 0.1094, LR: 1.00e-08
Epoch: 65, Train Loss: 0.1257, Valid Loss: 0.1095, LR: 1.00e-08
Epoch: 66, Train Loss: 0.1257, Valid Loss: 0.1094, LR: 1.00e-08
Epoch: 67, Train Loss: 0.1256, Valid Loss: 0.1093, LR: 1.00e-08
Epoch: 68, Train Loss: 0.1257, Valid Loss: 0.1094, LR: 1.00e-08
Epoch: 69, Train Loss: 0.1256, Valid Loss: 0.1094, LR: 1.00e-08
Epoch: 70, Train Loss: 0.1257, Valid Loss: 0.1093, LR: 1.00e-08
Epoch: 71, Train Loss: 0.1256, Valid Loss: 0.1094, LR: 1.00e-08
Epoch: 72, Train Loss: 0.1257, Valid Loss: 0.1094, LR: 1.00e-08
Epoch: 73, Train Loss: 0.1257, Valid Loss: 0.1094, LR: 1.00e-08
Epoch: 74, Train Loss: 0.1257, Valid Loss: 0.1094, LR: 1.00e-08
Epoch: 75, Train Loss: 0.1257, Valid Loss: 0.1094, LR: 1.00e-08
Epoch: 76, Train Loss: 0.1257, Valid Loss: 0.1094, LR: 1.00e-08
Epoch: 77, Train Loss: 0.1257, Valid Loss: 0.1094, LR: 1.00e-08
Epoch: 78, Train Loss: 0.1256, Valid Loss: 0.1094, LR: 1.00e-08
Epoch: 79, Train Loss: 0.1256, Valid Loss: 0.1094, LR: 1.00e-08
Epoch: 80, Train Loss: 0.1257, Valid Loss: 0.1093, LR: 1.00e-08
Epoch: 81, Train Loss: 0.1256, Valid Loss: 0.1094, LR: 1.00e-08
Epoch: 82, Train Loss: 0.1257, Valid Loss: 0.1094, LR: 1.00e-08
Epoch: 83, Train Loss: 0.1257, Valid Loss: 0.1094, LR: 1.00e-08
Epoch: 84, Train Loss: 0.1256, Valid Loss: 0.1095, LR: 1.00e-08
Epoch: 85, Train Loss: 0.1257, Valid Loss: 0.1095, LR: 1.00e-08
Epoch: 86, Train Loss: 0.1257, Valid Loss: 0.1093, LR: 1.00e-08
Epoch: 87, Train Loss: 0.1257, Valid Loss: 0.1094, LR: 1.00e-08
Epoch: 88, Train Loss: 0.1257, Valid Loss: 0.1094, LR: 1.00e-08
Epoch: 89, Train Loss: 0.1257, Valid Loss: 0.1094, LR: 1.00e-08
Epoch: 90, Train Loss: 0.1257, Valid Loss: 0.1095, LR: 1.00e-08
Epoch: 91, Train Loss: 0.1257, Valid Loss: 0.1094, LR: 1.00e-08
Epoch: 92, Train Loss: 0.1256, Valid Loss: 0.1095, LR: 1.00e-08
Epoch: 93, Train Loss: 0.1257, Valid Loss: 0.1094, LR: 1.00e-08
Epoch: 94, Train Loss: 0.1257, Valid Loss: 0.1093, LR: 1.00e-08
Epoch: 95, Train Loss: 0.1256, Valid Loss: 0.1094, LR: 1.00e-08
Epoch: 96, Train Loss: 0.1257, Valid Loss: 0.1093, LR: 1.00e-08
Epoch: 97, Train Loss: 0.1256, Valid Loss: 0.1094, LR: 1.00e-08
Epoch: 98, Train Loss: 0.1257, Valid Loss: 0.1095, LR: 1.00e-08
Epoch: 99, Train Loss: 0.1256, Valid Loss: 0.1093, LR: 1.00e-08
Epoch: 100, Train Loss: 0.1257, Valid Loss: 0.1094, LR: 1.00e-08
Epoch: 101, Train Loss: 0.1257, Valid Loss: 0.1093, LR: 1.00e-08
Epoch: 102, Train Loss: 0.1257, Valid Loss: 0.1094, LR: 1.00e-08
Epoch: 103, Train Loss: 0.1256, Valid Loss: 0.1094, LR: 1.00e-08
Epoch: 104, Train Loss: 0.1257, Valid Loss: 0.1095, LR: 1.00e-08
Epoch: 105, Train Loss: 0.1257, Valid Loss: 0.1093, LR: 1.00e-08
Epoch: 106, Train Loss: 0.1257, Valid Loss: 0.1094, LR: 1.00e-08
Epoch: 107, Train Loss: 0.1257, Valid Loss: 0.1093, LR: 1.00e-08
Epoch: 108, Train Loss: 0.1256, Valid Loss: 0.1093, LR: 1.00e-08
Epoch: 109, Train Loss: 0.1257, Valid Loss: 0.1094, LR: 1.00e-08
Epoch: 110, Train Loss: 0.1257, Valid Loss: 0.1095, LR: 1.00e-08
Epoch: 111, Train Loss: 0.1256, Valid Loss: 0.1094, LR: 1.00e-08
Epoch: 112, Train Loss: 0.1256, Valid Loss: 0.1095, LR: 1.00e-08
Epoch: 113, Train Loss: 0.1257, Valid Loss: 0.1093, LR: 1.00e-08
Epoch: 114, Train Loss: 0.1256, Valid Loss: 0.1093, LR: 1.00e-08
Epoch: 115, Train Loss: 0.1257, Valid Loss: 0.1094, LR: 1.00e-08
Epoch: 116, Train Loss: 0.1256, Valid Loss: 0.1095, LR: 1.00e-08
Epoch: 117, Train Loss: 0.1257, Valid Loss: 0.1094, LR: 1.00e-08
Epoch: 118, Train Loss: 0.1257, Valid Loss: 0.1095, LR: 1.00e-08
Epoch: 119, Train Loss: 0.1256, Valid Loss: 0.1093, LR: 1.00e-08
Epoch: 120, Train Loss: 0.1257, Valid Loss: 0.1094, LR: 1.00e-08
Epoch: 121, Train Loss: 0.1257, Valid Loss: 0.1094, LR: 1.00e-08
Epoch: 122, Train Loss: 0.1257, Valid Loss: 0.1093, LR: 1.00e-08
Epoch: 123, Train Loss: 0.1257, Valid Loss: 0.1094, LR: 1.00e-08
Epoch: 124, Train Loss: 0.1256, Valid Loss: 0.1094, LR: 1.00e-08
Epoch: 125, Train Loss: 0.1257, Valid Loss: 0.1093, LR: 1.00e-08
Epoch: 126, Train Loss: 0.1257, Valid Loss: 0.1094, LR: 1.00e-08
Epoch: 127, Train Loss: 0.1257, Valid Loss: 0.1093, LR: 1.00e-08
Epoch: 128, Train Loss: 0.1257, Valid Loss: 0.1093, LR: 1.00e-08
Epoch: 129, Train Loss: 0.1257, Valid Loss: 0.1094, LR: 1.00e-08
Epoch: 130, Train Loss: 0.1257, Valid Loss: 0.1094, LR: 1.00e-08
Epoch: 131, Train Loss: 0.1257, Valid Loss: 0.1095, LR: 1.00e-08
Epoch: 132, Train Loss: 0.1256, Valid Loss: 0.1093, LR: 1.00e-08
Epoch: 133, Train Loss: 0.1257, Valid Loss: 0.1094, LR: 1.00e-08
Epoch: 134, Train Loss: 0.1256, Valid Loss: 0.1094, LR: 1.00e-08
Epoch: 135, Train Loss: 0.1257, Valid Loss: 0.1093, LR: 1.00e-08
Epoch: 136, Train Loss: 0.1257, Valid Loss: 0.1093, LR: 1.00e-08
Epoch: 137, Train Loss: 0.1256, Valid Loss: 0.1095, LR: 1.00e-08
Epoch: 138, Train Loss: 0.1257, Valid Loss: 0.1094, LR: 1.00e-08
Epoch: 139, Train Loss: 0.1256, Valid Loss: 0.1094, LR: 1.00e-08
Epoch: 140, Train Loss: 0.1256, Valid Loss: 0.1094, LR: 1.00e-08
Epoch: 141, Train Loss: 0.1256, Valid Loss: 0.1095, LR: 1.00e-08
Epoch: 142, Train Loss: 0.1257, Valid Loss: 0.1093, LR: 1.00e-08
Epoch: 143, Train Loss: 0.1257, Valid Loss: 0.1093, LR: 1.00e-08
Epoch: 144, Train Loss: 0.1257, Valid Loss: 0.1095, LR: 1.00e-08
Epoch: 145, Train Loss: 0.1256, Valid Loss: 0.1094, LR: 1.00e-08
Epoch: 146, Train Loss: 0.1256, Valid Loss: 0.1093, LR: 1.00e-08
Epoch: 147, Train Loss: 0.1257, Valid Loss: 0.1093, LR: 1.00e-08
Epoch: 148, Train Loss: 0.1257, Valid Loss: 0.1094, LR: 1.00e-08
Epoch: 149, Train Loss: 0.1256, Valid Loss: 0.1095, LR: 1.00e-08
Epoch: 150, Train Loss: 0.1256, Valid Loss: 0.1095, LR: 1.00e-08
Epoch: 151, Train Loss: 0.1257, Valid Loss: 0.1093, LR: 1.00e-08
Epoch: 152, Train Loss: 0.1257, Valid Loss: 0.1093, LR: 1.00e-08
Epoch: 153, Train Loss: 0.1256, Valid Loss: 0.1094, LR: 1.00e-08
Epoch: 154, Train Loss: 0.1257, Valid Loss: 0.1094, LR: 1.00e-08
Epoch: 155, Train Loss: 0.1256, Valid Loss: 0.1093, LR: 1.00e-08
Epoch: 156, Train Loss: 0.1257, Valid Loss: 0.1094, LR: 1.00e-08
Epoch: 157, Train Loss: 0.1256, Valid Loss: 0.1093, LR: 1.00e-08
Epoch: 158, Train Loss: 0.1257, Valid Loss: 0.1093, LR: 1.00e-08
Epoch: 159, Train Loss: 0.1256, Valid Loss: 0.1093, LR: 1.00e-08
Epoch: 160, Train Loss: 0.1257, Valid Loss: 0.1094, LR: 1.00e-08
Epoch: 161, Train Loss: 0.1256, Valid Loss: 0.1095, LR: 1.00e-08
Epoch: 162, Train Loss: 0.1257, Valid Loss: 0.1093, LR: 1.00e-08
Epoch: 163, Train Loss: 0.1257, Valid Loss: 0.1094, LR: 1.00e-08
Epoch: 164, Train Loss: 0.1257, Valid Loss: 0.1093, LR: 1.00e-08
Epoch: 165, Train Loss: 0.1256, Valid Loss: 0.1093, LR: 1.00e-08
Epoch: 166, Train Loss: 0.1257, Valid Loss: 0.1094, LR: 1.00e-08
Epoch: 167, Train Loss: 0.1256, Valid Loss: 0.1094, LR: 1.00e-08
Epoch: 168, Train Loss: 0.1257, Valid Loss: 0.1094, LR: 1.00e-08
Epoch: 169, Train Loss: 0.1256, Valid Loss: 0.1095, LR: 1.00e-08
Epoch: 170, Train Loss: 0.1257, Valid Loss: 0.1096, LR: 1.00e-08
Epoch: 171, Train Loss: 0.1257, Valid Loss: 0.1094, LR: 1.00e-08
Epoch: 172, Train Loss: 0.1257, Valid Loss: 0.1094, LR: 1.00e-08
Epoch: 173, Train Loss: 0.1257, Valid Loss: 0.1094, LR: 1.00e-08
Epoch: 174, Train Loss: 0.1257, Valid Loss: 0.1093, LR: 1.00e-08
Epoch: 175, Train Loss: 0.1257, Valid Loss: 0.1094, LR: 1.00e-08
Epoch: 176, Train Loss: 0.1257, Valid Loss: 0.1094, LR: 1.00e-08
Epoch: 177, Train Loss: 0.1257, Valid Loss: 0.1094, LR: 1.00e-08
Epoch: 178, Train Loss: 0.1257, Valid Loss: 0.1094, LR: 1.00e-08
Epoch: 179, Train Loss: 0.1257, Valid Loss: 0.1094, LR: 1.00e-08
Epoch: 180, Train Loss: 0.1256, Valid Loss: 0.1094, LR: 1.00e-08
Epoch: 181, Train Loss: 0.1256, Valid Loss: 0.1094, LR: 1.00e-08
Epoch: 182, Train Loss: 0.1257, Valid Loss: 0.1094, LR: 1.00e-08
Epoch: 183, Train Loss: 0.1256, Valid Loss: 0.1096, LR: 1.00e-08
Epoch: 184, Train Loss: 0.1257, Valid Loss: 0.1093, LR: 1.00e-08
Epoch: 185, Train Loss: 0.1256, Valid Loss: 0.1095, LR: 1.00e-08
Epoch: 186, Train Loss: 0.1256, Valid Loss: 0.1093, LR: 1.00e-08
Epoch: 187, Train Loss: 0.1256, Valid Loss: 0.1094, LR: 1.00e-08
Epoch: 188, Train Loss: 0.1257, Valid Loss: 0.1093, LR: 1.00e-08
Epoch: 189, Train Loss: 0.1257, Valid Loss: 0.1094, LR: 1.00e-08
Epoch: 190, Train Loss: 0.1257, Valid Loss: 0.1094, LR: 1.00e-08
Epoch: 191, Train Loss: 0.1257, Valid Loss: 0.1093, LR: 1.00e-08
Epoch: 192, Train Loss: 0.1257, Valid Loss: 0.1094, LR: 1.00e-08
Epoch: 193, Train Loss: 0.1256, Valid Loss: 0.1094, LR: 1.00e-08
Epoch: 194, Train Loss: 0.1257, Valid Loss: 0.1093, LR: 1.00e-08
Epoch: 195, Train Loss: 0.1257, Valid Loss: 0.1092, LR: 1.00e-08
Epoch: 196, Train Loss: 0.1257, Valid Loss: 0.1094, LR: 1.00e-08
Epoch: 197, Train Loss: 0.1257, Valid Loss: 0.1094, LR: 1.00e-08
Epoch: 198, Train Loss: 0.1257, Valid Loss: 0.1094, LR: 1.00e-08
Epoch: 199, Train Loss: 0.1257, Valid Loss: 0.1094, LR: 1.00e-08